-- phpMyAdmin SQL Dump
-- version 5.2.1
-- https://www.phpmyadmin.net/
--
-- Máy chủ: 127.0.0.1
-- Thời gian đã tạo: Th5 30, 2023 lúc 05:44 PM
-- Phiên bản máy phục vụ: 10.4.28-MariaDB
-- Phiên bản PHP: 8.1.17

SET SQL_MODE = "NO_AUTO_VALUE_ON_ZERO";
START TRANSACTION;
SET time_zone = "+00:00";


/*!40101 SET @OLD_CHARACTER_SET_CLIENT=@@CHARACTER_SET_CLIENT */;
/*!40101 SET @OLD_CHARACTER_SET_RESULTS=@@CHARACTER_SET_RESULTS */;
/*!40101 SET @OLD_COLLATION_CONNECTION=@@COLLATION_CONNECTION */;
/*!40101 SET NAMES utf8mb4 */;

--
-- Cơ sở dữ liệu: `db_travel_app`
--

-- --------------------------------------------------------

--
-- Cấu trúc bảng cho bảng `addresses`
--

CREATE TABLE `addresses` (
  `id` bigint(20) UNSIGNED NOT NULL,
  `specific_address` varchar(255) DEFAULT NULL,
  `province_id` bigint(20) UNSIGNED NOT NULL,
  `district_id` bigint(20) UNSIGNED NOT NULL,
  `sub_district_id` bigint(20) UNSIGNED NOT NULL
) ENGINE=InnoDB DEFAULT CHARSET=utf8mb4 COLLATE=utf8mb4_unicode_ci;

--
-- Đang đổ dữ liệu cho bảng `addresses`
--

INSERT INTO `addresses` (`id`, `specific_address`, `province_id`, `district_id`, `sub_district_id`) VALUES
(1, '228 Đường Nguyễn Sư Hồi', 40, 413, 16735),
(2, '228 Đường Nguyễn Sư Hồi', 40, 413, 16735),
(3, '35 Đường Cao Bá Quát', 68, 672, 24769),
(4, '25 Mỹ Khê 1', 48, 493, 20275),
(5, '24 Nguyễn Trãi', 2, 24, 694),
(6, '10 Hoàng Quốc Việt', 22, 193, 6673),
(7, '144 Xuân Thủy', 1, 5, 167),
(8, '141 Chợ Lớn', 79, 775, 27364),
(9, '74 Nguyễn Du', 49, 503, 20404),
(10, '9 Kiệt 42 Nguyễn Công Trứ', 46, 474, 19786),
(11, 'Ngõ 14, 2 Rừng Thông Bản Áng', 14, 123, 4030),
(12, '5H Quân Trấn', 56, 568, 22363),
(14, '59 Hàng Cót', 1, 2, 43),
(15, 'Số 105 P. Vũ Tông Phan', 1, 9, 349),
(16, '19 P. Ấu Triệu', 1, 2, 70),
(17, '45 Đ. Lê Duẩn', 1, 2, 73),
(18, '14nguyeenxyen tuan', 4, 42, 1294);

-- --------------------------------------------------------

--
-- Cấu trúc bảng cho bảng `amenities`
--

CREATE TABLE `amenities` (
  `id` bigint(20) UNSIGNED NOT NULL,
  `name` varchar(255) NOT NULL,
  `font_awesome_class` varchar(255) NOT NULL,
  `description` varchar(255) DEFAULT NULL,
  `role_amenity_id` bigint(20) UNSIGNED NOT NULL,
  `created_at` timestamp NULL DEFAULT NULL,
  `updated_at` timestamp NULL DEFAULT NULL
) ENGINE=InnoDB DEFAULT CHARSET=utf8mb4 COLLATE=utf8mb4_unicode_ci;

--
-- Đang đổ dữ liệu cho bảng `amenities`
--

INSERT INTO `amenities` (`id`, `name`, `font_awesome_class`, `description`, `role_amenity_id`, `created_at`, `updated_at`) VALUES
(1, 'Free wifi', 'fa-solid fa-wifi', 'Free wifi high speed', 1, '2023-05-17 10:40:40', '2023-05-17 10:40:40'),
(2, 'Free breakfast', 'fa-solid fa-utensils', NULL, 1, '2023-05-17 10:40:40', '2023-05-17 10:40:40'),
(3, 'Non smoking', 'fa-solid fa-ban-smoking', NULL, 1, '2023-05-17 10:40:40', '2023-05-17 10:40:40'),
(4, 'Non refunable', 'fa-brands fa-creative-commons-nc', NULL, 1, '2023-05-17 10:40:40', '2023-05-17 10:40:40'),
(5, 'Digital TV', 'fa-regular fa-tv-retro', NULL, 1, '2023-05-17 10:40:40', '2023-05-17 10:40:40'),
(6, 'Parking Area', 'fa-solid fa-circle-parking', NULL, 1, '2023-05-17 10:40:40', '2023-05-17 10:40:40'),
(7, 'Swimming Pool', 'fa-solid fa-person-swimming', NULL, 1, '2023-05-17 10:40:40', '2023-05-17 10:40:40'),
(8, 'Car Rental', 'fa-duotone fa-car', NULL, 1, '2023-05-17 10:40:40', '2023-05-17 10:40:40');

-- --------------------------------------------------------

--
-- Cấu trúc bảng cho bảng `amenity_hotel`
--

CREATE TABLE `amenity_hotel` (
  `id` bigint(20) UNSIGNED NOT NULL,
  `hotel_id` bigint(20) UNSIGNED NOT NULL,
  `amenity_id` bigint(20) UNSIGNED NOT NULL,
  `created_at` timestamp NULL DEFAULT NULL,
  `updated_at` timestamp NULL DEFAULT NULL
) ENGINE=InnoDB DEFAULT CHARSET=utf8mb4 COLLATE=utf8mb4_unicode_ci;

--
-- Đang đổ dữ liệu cho bảng `amenity_hotel`
--

INSERT INTO `amenity_hotel` (`id`, `hotel_id`, `amenity_id`, `created_at`, `updated_at`) VALUES
(3, 1, 3, NULL, NULL),
(5, 1, 8, NULL, NULL),
(11, 3, 1, NULL, NULL),
(12, 3, 2, NULL, NULL),
(13, 3, 6, NULL, NULL),
(14, 3, 7, NULL, NULL),
(15, 3, 8, NULL, NULL),
(16, 4, 1, NULL, NULL),
(17, 4, 2, NULL, NULL),
(18, 4, 3, NULL, NULL),
(19, 4, 4, NULL, NULL),
(20, 4, 5, NULL, NULL),
(21, 4, 6, NULL, NULL),
(22, 4, 7, NULL, NULL),
(23, 4, 8, NULL, NULL),
(24, 5, 5, NULL, NULL),
(25, 5, 6, NULL, NULL),
(26, 5, 7, NULL, NULL),
(27, 6, 2, NULL, NULL),
(28, 6, 3, NULL, NULL),
(29, 6, 4, NULL, NULL),
(30, 6, 5, NULL, NULL),
(31, 6, 6, NULL, NULL),
(32, 6, 7, NULL, NULL),
(33, 7, 1, NULL, NULL),
(34, 7, 2, NULL, NULL),
(35, 7, 3, NULL, NULL),
(36, 7, 4, NULL, NULL),
(37, 7, 5, NULL, NULL),
(38, 7, 7, NULL, NULL),
(39, 7, 8, NULL, NULL),
(40, 8, 2, NULL, NULL),
(41, 8, 3, NULL, NULL),
(42, 8, 4, NULL, NULL),
(43, 8, 5, NULL, NULL),
(44, 8, 6, NULL, NULL),
(45, 8, 7, NULL, NULL),
(46, 8, 8, NULL, NULL),
(47, 9, 2, NULL, NULL),
(48, 9, 3, NULL, NULL),
(49, 9, 4, NULL, NULL),
(50, 9, 5, NULL, NULL),
(51, 9, 6, NULL, NULL),
(52, 9, 7, NULL, NULL),
(53, 9, 8, NULL, NULL),
(54, 10, 1, NULL, NULL),
(55, 10, 2, NULL, NULL),
(56, 10, 3, NULL, NULL),
(57, 10, 4, NULL, NULL),
(58, 11, 1, NULL, NULL),
(59, 11, 2, NULL, NULL),
(60, 11, 3, NULL, NULL),
(61, 11, 4, NULL, NULL),
(62, 11, 5, NULL, NULL),
(63, 11, 6, NULL, NULL),
(71, 13, 1, NULL, NULL),
(72, 13, 2, NULL, NULL),
(73, 13, 3, NULL, NULL),
(74, 13, 4, NULL, NULL),
(75, 13, 5, NULL, NULL),
(76, 13, 6, NULL, NULL),
(77, 13, 7, NULL, NULL),
(78, 13, 8, NULL, NULL),
(79, 14, 1, NULL, NULL),
(80, 14, 2, NULL, NULL),
(81, 14, 3, NULL, NULL),
(82, 14, 4, NULL, NULL),
(83, 14, 5, NULL, NULL),
(84, 14, 6, NULL, NULL),
(85, 14, 7, NULL, NULL),
(86, 14, 8, NULL, NULL),
(87, 15, 1, NULL, NULL),
(88, 15, 2, NULL, NULL),
(89, 15, 3, NULL, NULL),
(90, 15, 4, NULL, NULL),
(91, 15, 5, NULL, NULL),
(92, 15, 6, NULL, NULL),
(98, 1, 1, NULL, NULL),
(99, 1, 2, NULL, NULL),
(100, 1, 4, NULL, NULL);

-- --------------------------------------------------------

--
-- Cấu trúc bảng cho bảng `conversations`
--

CREATE TABLE `conversations` (
  `id` bigint(20) UNSIGNED NOT NULL,
  `is_closed` tinyint(1) NOT NULL DEFAULT 0,
  `rating_star` int(11) NOT NULL DEFAULT 5,
  `last_time_message` timestamp NOT NULL DEFAULT current_timestamp() ON UPDATE current_timestamp(),
  `sender_id` bigint(20) UNSIGNED NOT NULL,
  `receiver_id` bigint(20) UNSIGNED NOT NULL,
  `created_at` timestamp NULL DEFAULT NULL,
  `updated_at` timestamp NULL DEFAULT NULL
) ENGINE=InnoDB DEFAULT CHARSET=utf8mb4 COLLATE=utf8mb4_unicode_ci;

-- --------------------------------------------------------

--
-- Cấu trúc bảng cho bảng `districts`
--

CREATE TABLE `districts` (
  `id` bigint(20) UNSIGNED NOT NULL,
  `name` varchar(255) NOT NULL,
  `province_id` bigint(20) UNSIGNED NOT NULL
) ENGINE=InnoDB DEFAULT CHARSET=utf8mb4 COLLATE=utf8mb4_unicode_ci;

--
-- Đang đổ dữ liệu cho bảng `districts`
--

INSERT INTO `districts` (`id`, `name`, `province_id`) VALUES
(1, 'Ba Đình', 1),
(2, 'Hoàn Kiếm', 1),
(3, 'Tây Hồ', 1),
(4, 'Long Biên', 1),
(5, 'Cầu Giấy', 1),
(6, 'Đống Đa', 1),
(7, 'Hai Bà Trưng', 1),
(8, 'Hoàng Mai', 1),
(9, 'Thanh Xuân', 1),
(16, 'Sóc Sơn', 1),
(17, 'Đông Anh', 1),
(18, 'Gia Lâm', 1),
(19, 'Nam Từ Liêm', 1),
(20, 'Thanh Trì', 1),
(21, 'Bắc Từ Liêm', 1),
(24, 'Hà Giang', 2),
(26, 'Đồng Văn', 2),
(27, 'Mèo Vạc', 2),
(28, 'Yên Minh', 2),
(29, 'Quản Bạ', 2),
(30, 'Vị Xuyên', 2),
(31, 'Bắc Mê', 2),
(32, 'Hoàng Su Phì', 2),
(33, 'Xín Mần', 2),
(34, 'Bắc Quang', 2),
(35, 'Quang Bình', 2),
(40, 'Cao Bằng', 4),
(42, 'Bảo Lâm', 4),
(43, 'Bảo Lạc', 4),
(45, 'Hà Quảng', 4),
(47, 'Trùng Khánh', 4),
(48, 'Hạ Lang', 4),
(49, 'Quảng Hòa', 4),
(51, 'Hoà An', 4),
(52, 'Nguyên Bình', 4),
(53, 'Thạch An', 4),
(58, 'Bắc Kạn', 6),
(60, 'Pác Nặm', 6),
(61, 'Ba Bể', 6),
(62, 'Ngân Sơn', 6),
(63, 'Bạch Thông', 6),
(64, 'Chợ Đồn', 6),
(65, 'Chợ Mới', 6),
(66, 'Na Rì', 6),
(70, 'Tuyên Quang', 8),
(71, 'Lâm Bình', 8),
(72, 'Na Hang', 8),
(73, 'Chiêm Hóa', 8),
(74, 'Hàm Yên', 8),
(75, 'Yên Sơn', 8),
(76, 'Sơn Dương', 8),
(80, 'Lào Cai', 10),
(82, 'Bát Xát', 10),
(83, 'Mường Khương', 10),
(84, 'Si Ma Cai', 10),
(85, 'Bắc Hà', 10),
(86, 'Bảo Thắng', 10),
(87, 'Bảo Yên', 10),
(88, 'Sa Pa', 10),
(89, 'Văn Bàn', 10),
(94, 'Điện Biên Phủ', 11),
(95, 'Mường Lay', 11),
(96, 'Mường Nhé', 11),
(97, 'Mường Chà', 11),
(98, 'Tủa Chùa', 11),
(99, 'Tuần Giáo', 11),
(100, 'Điện Biên', 11),
(101, 'Điện Biên Đông', 11),
(102, 'Mường Ảng', 11),
(103, 'Nậm Pồ', 11),
(105, 'Lai Châu', 12),
(106, 'Tam Đường', 12),
(107, 'Mường Tè', 12),
(108, 'Sìn Hồ', 12),
(109, 'Phong Thổ', 12),
(110, 'Than Uyên', 12),
(111, 'Tân Uyên', 12),
(112, 'Nậm Nhùn', 12),
(116, 'Sơn La', 14),
(118, 'Quỳnh Nhai', 14),
(119, 'Thuận Châu', 14),
(120, 'Mường La', 14),
(121, 'Bắc Yên', 14),
(122, 'Phù Yên', 14),
(123, 'Mộc Châu', 14),
(124, 'Yên Châu', 14),
(125, 'Mai Sơn', 14),
(126, 'Sông Mã', 14),
(127, 'Sốp Cộp', 14),
(128, 'Vân Hồ', 14),
(132, 'Yên Bái', 15),
(133, 'Nghĩa Lộ', 15),
(135, 'Lục Yên', 15),
(136, 'Văn Yên', 15),
(137, 'Mù Căng Chải', 15),
(138, 'Trấn Yên', 15),
(139, 'Trạm Tấu', 15),
(140, 'Văn Chấn', 15),
(141, 'Yên Bình', 15),
(148, 'Hòa Bình', 17),
(150, 'Đà Bắc', 17),
(152, 'Lương Sơn', 17),
(153, 'Kim Bôi', 17),
(154, 'Cao Phong', 17),
(155, 'Tân Lạc', 17),
(156, 'Mai Châu', 17),
(157, 'Lạc Sơn', 17),
(158, 'Yên Thủy', 17),
(159, 'Lạc Thủy', 17),
(164, 'Thái Nguyên', 19),
(165, 'Sông Công', 19),
(167, 'Định Hóa', 19),
(168, 'Phú Lương', 19),
(169, 'Đồng Hỷ', 19),
(170, 'Võ Nhai', 19),
(171, 'Đại Từ', 19),
(172, 'Phổ Yên', 19),
(173, 'Phú Bình', 19),
(178, 'Lạng Sơn', 20),
(180, 'Tràng Định', 20),
(181, 'Bình Gia', 20),
(182, 'Văn Lãng', 20),
(183, 'Cao Lộc', 20),
(184, 'Văn Quan', 20),
(185, 'Bắc Sơn', 20),
(186, 'Hữu Lũng', 20),
(187, 'Chi Lăng', 20),
(188, 'Lộc Bình', 20),
(189, 'Đình Lập', 20),
(193, 'Hạ Long', 22),
(194, 'Móng Cái', 22),
(195, 'Cẩm Phả', 22),
(196, 'Uông Bí', 22),
(198, 'Bình Liêu', 22),
(199, 'Tiên Yên', 22),
(200, 'Đầm Hà', 22),
(201, 'Hải Hà', 22),
(202, 'Ba Chẽ', 22),
(203, 'Vân Đồn', 22),
(205, 'Đông Triều', 22),
(206, 'Quảng Yên', 22),
(207, 'Cô Tô', 22),
(213, 'Bắc Giang', 24),
(215, 'Yên Thế', 24),
(216, 'Tân Yên', 24),
(217, 'Lạng Giang', 24),
(218, 'Lục Nam', 24),
(219, 'Lục Ngạn', 24),
(220, 'Sơn Động', 24),
(221, 'Yên Dũng', 24),
(222, 'Việt Yên', 24),
(223, 'Hiệp Hòa', 24),
(227, 'Việt Trì', 25),
(228, 'Phú Thọ', 25),
(230, 'Đoan Hùng', 25),
(231, 'Hạ Hoà', 25),
(232, 'Thanh Ba', 25),
(233, 'Phù Ninh', 25),
(234, 'Yên Lập', 25),
(235, 'Cẩm Khê', 25),
(236, 'Tam Nông', 25),
(237, 'Lâm Thao', 25),
(238, 'Thanh Sơn', 25),
(239, 'Thanh Thuỷ', 25),
(240, 'Tân Sơn', 25),
(243, 'Vĩnh Yên', 26),
(244, 'Phúc Yên', 26),
(246, 'Lập Thạch', 26),
(247, 'Tam Dương', 26),
(248, 'Tam Đảo', 26),
(249, 'Bình Xuyên', 26),
(250, 'Mê Linh', 1),
(251, 'Yên Lạc', 26),
(252, 'Vĩnh Tường', 26),
(253, 'Sông Lô', 26),
(256, 'Bắc Ninh', 27),
(258, 'Yên Phong', 27),
(259, 'Quế Võ', 27),
(260, 'Tiên Du', 27),
(261, 'Từ Sơn', 27),
(262, 'Thuận Thành', 27),
(263, 'Gia Bình', 27),
(264, 'Lương Tài', 27),
(268, 'Hà Đông', 1),
(269, 'Sơn Tây', 1),
(271, 'Ba Vì', 1),
(272, 'Phúc Thọ', 1),
(273, 'Đan Phượng', 1),
(274, 'Hoài Đức', 1),
(275, 'Quốc Oai', 1),
(276, 'Thạch Thất', 1),
(277, 'Chương Mỹ', 1),
(278, 'Thanh Oai', 1),
(279, 'Thường Tín', 1),
(280, 'Phú Xuyên', 1),
(281, 'Ứng Hòa', 1),
(282, 'Mỹ Đức', 1),
(288, 'Hải Dương', 30),
(290, 'Chí Linh', 30),
(291, 'Nam Sách', 30),
(292, 'Kinh Môn', 30),
(293, 'Kim Thành', 30),
(294, 'Thanh Hà', 30),
(295, 'Cẩm Giàng', 30),
(296, 'Bình Giang', 30),
(297, 'Gia Lộc', 30),
(298, 'Tứ Kỳ', 30),
(299, 'Ninh Giang', 30),
(300, 'Thanh Miện', 30),
(303, 'Hồng Bàng', 31),
(304, 'Ngô Quyền', 31),
(305, 'Lê Chân', 31),
(306, 'Hải An', 31),
(307, 'Kiến An', 31),
(308, 'Đồ Sơn', 31),
(309, 'Dương Kinh', 31),
(311, 'Thuỷ Nguyên', 31),
(312, 'An Dương', 31),
(313, 'An Lão', 31),
(314, 'Kiến Thuỵ', 31),
(315, 'Tiên Lãng', 31),
(316, 'Vĩnh Bảo', 31),
(317, 'Cát Hải', 31),
(318, 'Bạch Long Vĩ', 31),
(323, 'Hưng Yên', 33),
(325, 'Văn Lâm', 33),
(326, 'Văn Giang', 33),
(327, 'Yên Mỹ', 33),
(328, 'Mỹ Hào', 33),
(329, 'Ân Thi', 33),
(330, 'Khoái Châu', 33),
(331, 'Kim Động', 33),
(332, 'Tiên Lữ', 33),
(333, 'Phù Cừ', 33),
(336, 'Thái Bình', 34),
(338, 'Quỳnh Phụ', 34),
(339, 'Hưng Hà', 34),
(340, 'Đông Hưng', 34),
(341, 'Thái Thụy', 34),
(342, 'Tiền Hải', 34),
(343, 'Kiến Xương', 34),
(344, 'Vũ Thư', 34),
(347, 'Phủ Lý', 35),
(349, 'Duy Tiên', 35),
(350, 'Kim Bảng', 35),
(351, 'Thanh Liêm', 35),
(352, 'Bình Lục', 35),
(353, 'Lý Nhân', 35),
(356, 'Nam Định', 36),
(358, 'Mỹ Lộc', 36),
(359, 'Vụ Bản', 36),
(360, 'Ý Yên', 36),
(361, 'Nghĩa Hưng', 36),
(362, 'Nam Trực', 36),
(363, 'Trực Ninh', 36),
(364, 'Xuân Trường', 36),
(365, 'Giao Thủy', 36),
(366, 'Hải Hậu', 36),
(369, 'Ninh Bình', 37),
(370, 'Tam Điệp', 37),
(372, 'Nho Quan', 37),
(373, 'Gia Viễn', 37),
(374, 'Hoa Lư', 37),
(375, 'Yên Khánh', 37),
(376, 'Kim Sơn', 37),
(377, 'Yên Mô', 37),
(380, 'Thanh Hóa', 38),
(381, 'Bỉm Sơn', 38),
(382, 'Sầm Sơn', 38),
(384, 'Mường Lát', 38),
(385, 'Quan Hóa', 38),
(386, 'Bá Thước', 38),
(387, 'Quan Sơn', 38),
(388, 'Lang Chánh', 38),
(389, 'Ngọc Lặc', 38),
(390, 'Cẩm Thủy', 38),
(391, 'Thạch Thành', 38),
(392, 'Hà Trung', 38),
(393, 'Vĩnh Lộc', 38),
(394, 'Yên Định', 38),
(395, 'Thọ Xuân', 38),
(396, 'Thường Xuân', 38),
(397, 'Triệu Sơn', 38),
(398, 'Thiệu Hóa', 38),
(399, 'Hoằng Hóa', 38),
(400, 'Hậu Lộc', 38),
(401, 'Nga Sơn', 38),
(402, 'Như Xuân', 38),
(403, 'Như Thanh', 38),
(404, 'Nông Cống', 38),
(405, 'Đông Sơn', 38),
(406, 'Quảng Xương', 38),
(407, 'Nghi Sơn', 38),
(412, 'Vinh', 40),
(413, 'Cửa Lò', 40),
(414, 'Thái Hoà', 40),
(415, 'Quế Phong', 40),
(416, 'Quỳ Châu', 40),
(417, 'Kỳ Sơn', 40),
(418, 'Tương Dương', 40),
(419, 'Nghĩa Đàn', 40),
(420, 'Quỳ Hợp', 40),
(421, 'Quỳnh Lưu', 40),
(422, 'Con Cuông', 40),
(423, 'Tân Kỳ', 40),
(424, 'Anh Sơn', 40),
(425, 'Diễn Châu', 40),
(426, 'Yên Thành', 40),
(427, 'Đô Lương', 40),
(428, 'Thanh Chương', 40),
(429, 'Nghi Lộc', 40),
(430, 'Nam Đàn', 40),
(431, 'Hưng Nguyên', 40),
(432, 'Hoàng Mai', 40),
(436, 'Hà Tĩnh', 42),
(437, 'Hồng Lĩnh', 42),
(439, 'Hương Sơn', 42),
(440, 'Đức Thọ', 42),
(441, 'Vũ Quang', 42),
(442, 'Nghi Xuân', 42),
(443, 'Can Lộc', 42),
(444, 'Hương Khê', 42),
(445, 'Thạch Hà', 42),
(446, 'Cẩm Xuyên', 42),
(447, 'Kỳ Anh', 42),
(448, 'Lộc Hà', 42),
(449, 'Kỳ Anh', 42),
(450, 'Đồng Hới', 44),
(452, 'Minh Hóa', 44),
(453, 'Tuyên Hóa', 44),
(454, 'Quảng Trạch', 44),
(455, 'Bố Trạch', 44),
(456, 'Quảng Ninh', 44),
(457, 'Lệ Thủy', 44),
(458, 'Ba Đồn', 44),
(461, 'Đông Hà', 45),
(462, 'Quảng Trị', 45),
(464, 'Vĩnh Linh', 45),
(465, 'Hướng Hóa', 45),
(466, 'Gio Linh', 45),
(467, 'Đa Krông', 45),
(468, 'Cam Lộ', 45),
(469, 'Triệu Phong', 45),
(470, 'Hải Lăng', 45),
(471, 'Cồn Cỏ', 45),
(474, 'Huế', 46),
(476, 'Phong Điền', 46),
(477, 'Quảng Điền', 46),
(478, 'Phú Vang', 46),
(479, 'Hương Thủy', 46),
(480, 'Hương Trà', 46),
(481, 'A Lưới', 46),
(482, 'Phú Lộc', 46),
(483, 'Nam Đông', 46),
(490, 'Liên Chiểu', 48),
(491, 'Thanh Khê', 48),
(492, 'Hải Châu', 48),
(493, 'Sơn Trà', 48),
(494, 'Ngũ Hành Sơn', 48),
(495, 'Cẩm Lệ', 48),
(497, 'Hòa Vang', 48),
(498, 'Hoàng Sa', 48),
(502, 'Tam Kỳ', 49),
(503, 'Hội An', 49),
(504, 'Tây Giang', 49),
(505, 'Đông Giang', 49),
(506, 'Đại Lộc', 49),
(507, 'Điện Bàn', 49),
(508, 'Duy Xuyên', 49),
(509, 'Quế Sơn', 49),
(510, 'Nam Giang', 49),
(511, 'Phước Sơn', 49),
(512, 'Hiệp Đức', 49),
(513, 'Thăng Bình', 49),
(514, 'Tiên Phước', 49),
(515, 'Bắc Trà My', 49),
(516, 'Nam Trà My', 49),
(517, 'Núi Thành', 49),
(518, 'Phú Ninh', 49),
(519, 'Nông Sơn', 49),
(522, 'Quảng Ngãi', 51),
(524, 'Bình Sơn', 51),
(525, 'Trà Bồng', 51),
(527, 'Sơn Tịnh', 51),
(528, 'Tư Nghĩa', 51),
(529, 'Sơn Hà', 51),
(530, 'Sơn Tây', 51),
(531, 'Minh Long', 51),
(532, 'Nghĩa Hành', 51),
(533, 'Mộ Đức', 51),
(534, 'Đức Phổ', 51),
(535, 'Ba Tơ', 51),
(536, 'Lý Sơn', 51),
(540, 'Quy Nhơn', 52),
(542, 'An Lão', 52),
(543, 'Hoài Nhơn', 52),
(544, 'Hoài Ân', 52),
(545, 'Phù Mỹ', 52),
(546, 'Vĩnh Thạnh', 52),
(547, 'Tây Sơn', 52),
(548, 'Phù Cát', 52),
(549, 'An Nhơn', 52),
(550, 'Tuy Phước', 52),
(551, 'Vân Canh', 52),
(555, 'Tuy Hoà', 54),
(557, 'Sông Cầu', 54),
(558, 'Đồng Xuân', 54),
(559, 'Tuy An', 54),
(560, 'Sơn Hòa', 54),
(561, 'Sông Hinh', 54),
(562, 'Tây Hoà', 54),
(563, 'Phú Hoà', 54),
(564, 'Đông Hòa', 54),
(568, 'Nha Trang', 56),
(569, 'Cam Ranh', 56),
(570, 'Cam Lâm', 56),
(571, 'Vạn Ninh', 56),
(572, 'Ninh Hòa', 56),
(573, 'Khánh Vĩnh', 56),
(574, 'Diên Khánh', 56),
(575, 'Khánh Sơn', 56),
(576, 'Trường Sa', 56),
(582, 'Phan Rang-Tháp Chàm', 58),
(584, 'Bác Ái', 58),
(585, 'Ninh Sơn', 58),
(586, 'Ninh Hải', 58),
(587, 'Ninh Phước', 58),
(588, 'Thuận Bắc', 58),
(589, 'Thuận Nam', 58),
(593, 'Phan Thiết', 60),
(594, 'La Gi', 60),
(595, 'Tuy Phong', 60),
(596, 'Bắc Bình', 60),
(597, 'Hàm Thuận Bắc', 60),
(598, 'Hàm Thuận Nam', 60),
(599, 'Tánh Linh', 60),
(600, 'Đức Linh', 60),
(601, 'Hàm Tân', 60),
(602, 'Phú Quí', 60),
(608, 'Kon Tum', 62),
(610, 'Đắk Glei', 62),
(611, 'Ngọc Hồi', 62),
(612, 'Đắk Tô', 62),
(613, 'Kon Plông', 62),
(614, 'Kon Rẫy', 62),
(615, 'Đắk Hà', 62),
(616, 'Sa Thầy', 62),
(617, 'Tu Mơ Rông', 62),
(618, 'Ia H', 62),
(622, 'Pleiku', 64),
(623, 'An Khê', 64),
(624, 'Ayun Pa', 64),
(625, 'KBang', 64),
(626, 'Đăk Đoa', 64),
(627, 'Chư Păh', 64),
(628, 'Ia Grai', 64),
(629, 'Mang Yang', 64),
(630, 'Kông Chro', 64),
(631, 'Đức Cơ', 64),
(632, 'Chư Prông', 64),
(633, 'Chư Sê', 64),
(634, 'Đăk Pơ', 64),
(635, 'Ia Pa', 64),
(637, 'Krông Pa', 64),
(638, 'Phú Thiện', 64),
(639, 'Chư Pưh', 64),
(643, 'Buôn Ma Thuột', 66),
(644, 'Buôn Hồ', 66),
(645, 'Ea H', 66),
(646, 'Ea Súp', 66),
(647, 'Buôn Đôn', 66),
(648, 'Cư M', 66),
(649, 'Krông Búk', 66),
(650, 'Krông Năng', 66),
(651, 'Ea Kar', 66),
(652, 'M', 66),
(653, 'Krông Bông', 66),
(654, 'Krông Pắc', 66),
(655, 'Krông A Na', 66),
(656, 'Lắk', 66),
(657, 'Cư Kuin', 66),
(660, 'Gia Nghĩa', 67),
(661, 'Đăk Glong', 67),
(662, 'Cư Jút', 67),
(663, 'Đắk Mil', 67),
(664, 'Krông Nô', 67),
(665, 'Đắk Song', 67),
(666, 'Đắk R', 67),
(667, 'Tuy Đức', 67),
(672, 'Đà Lạt', 68),
(673, 'Bảo Lộc', 68),
(674, 'Đam Rông', 68),
(675, 'Lạc Dương', 68),
(676, 'Lâm Hà', 68),
(677, 'Đơn Dương', 68),
(678, 'Đức Trọng', 68),
(679, 'Di Linh', 68),
(680, 'Bảo Lâm', 68),
(681, 'Đạ Huoai', 68),
(682, 'Đạ Tẻh', 68),
(683, 'Cát Tiên', 68),
(688, 'Phước Long', 70),
(689, 'Đồng Xoài', 70),
(690, 'Bình Long', 70),
(691, 'Bù Gia Mập', 70),
(692, 'Lộc Ninh', 70),
(693, 'Bù Đốp', 70),
(694, 'Hớn Quản', 70),
(695, 'Đồng Phú', 70),
(696, 'Bù Đăng', 70),
(697, 'Chơn Thành', 70),
(698, 'Phú Riềng', 70),
(703, 'Tây Ninh', 72),
(705, 'Tân Biên', 72),
(706, 'Tân Châu', 72),
(707, 'Dương Minh Châu', 72),
(708, 'Châu Thành', 72),
(709, 'Hòa Thành', 72),
(710, 'Gò Dầu', 72),
(711, 'Bến Cầu', 72),
(712, 'Trảng Bàng', 72),
(718, 'Thủ Dầu Một', 74),
(719, 'Bàu Bàng', 74),
(720, 'Dầu Tiếng', 74),
(721, 'Bến Cát', 74),
(722, 'Phú Giáo', 74),
(723, 'Tân Uyên', 74),
(724, 'Dĩ An', 74),
(725, 'Thuận An', 74),
(726, 'Bắc Tân Uyên', 74),
(731, 'Biên Hòa', 75),
(732, 'Long Khánh', 75),
(734, 'Tân Phú', 75),
(735, 'Vĩnh Cửu', 75),
(736, 'Định Quán', 75),
(737, 'Trảng Bom', 75),
(738, 'Thống Nhất', 75),
(739, 'Cẩm Mỹ', 75),
(740, 'Long Thành', 75),
(741, 'Xuân Lộc', 75),
(742, 'Nhơn Trạch', 75),
(747, 'Vũng Tàu', 77),
(748, 'Bà Rịa', 77),
(750, 'Châu Đức', 77),
(751, 'Xuyên Mộc', 77),
(752, 'Long Điền', 77),
(753, 'Đất Đỏ', 77),
(754, 'Phú Mỹ', 77),
(755, 'Côn Đảo', 77),
(760, 'Quận 1', 79),
(761, 'Quận 12', 79),
(764, 'Gò Vấp', 79),
(765, 'Bình Thạnh', 79),
(766, 'Tân Bình', 79),
(767, 'Tân Phú', 79),
(768, 'Phú Nhuận', 79),
(769, 'Thủ Đức', 79),
(770, 'Quận 3', 79),
(771, 'Quận 10', 79),
(772, 'Quận 11', 79),
(773, 'Quận 4', 79),
(774, 'Quận 5', 79),
(775, 'Quận 6', 79),
(776, 'Quận 8', 79),
(777, 'Bình Tân', 79),
(778, 'Quận 7', 79),
(783, 'Củ Chi', 79),
(784, 'Hóc Môn', 79),
(785, 'Bình Chánh', 79),
(786, 'Nhà Bè', 79),
(787, 'Cần Giờ', 79),
(794, 'Tân An', 80),
(795, 'Kiến Tường', 80),
(796, 'Tân Hưng', 80),
(797, 'Vĩnh Hưng', 80),
(798, 'Mộc Hóa', 80),
(799, 'Tân Thạnh', 80),
(800, 'Thạnh Hóa', 80),
(801, 'Đức Huệ', 80),
(802, 'Đức Hòa', 80),
(803, 'Bến Lức', 80),
(804, 'Thủ Thừa', 80),
(805, 'Tân Trụ', 80),
(806, 'Cần Đước', 80),
(807, 'Cần Giuộc', 80),
(808, 'Châu Thành', 80),
(815, 'Mỹ Tho', 82),
(816, 'Gò Công', 82),
(817, 'Cai Lậy', 82),
(818, 'Tân Phước', 82),
(819, 'Cái Bè', 82),
(820, 'Cai Lậy', 82),
(821, 'Châu Thành', 82),
(822, 'Chợ Gạo', 82),
(823, 'Gò Công Tây', 82),
(824, 'Gò Công Đông', 82),
(825, 'Tân Phú Đông', 82),
(829, 'Bến Tre', 83),
(831, 'Châu Thành', 83),
(832, 'Chợ Lách', 83),
(833, 'Mỏ Cày Nam', 83),
(834, 'Giồng Trôm', 83),
(835, 'Bình Đại', 83),
(836, 'Ba Tri', 83),
(837, 'Thạnh Phú', 83),
(838, 'Mỏ Cày Bắc', 83),
(842, 'Trà Vinh', 84),
(844, 'Càng Long', 84),
(845, 'Cầu Kè', 84),
(846, 'Tiểu Cần', 84),
(847, 'Châu Thành', 84),
(848, 'Cầu Ngang', 84),
(849, 'Trà Cú', 84),
(850, 'Duyên Hải', 84),
(851, 'Duyên Hải', 84),
(855, 'Vĩnh Long', 86),
(857, 'Long Hồ', 86),
(858, 'Mang Thít', 86),
(859, 'Vũng Liêm', 86),
(860, 'Tam Bình', 86),
(861, 'Bình Minh', 86),
(862, 'Trà Ôn', 86),
(863, 'Bình Tân', 86),
(866, 'Cao Lãnh', 87),
(867, 'Sa Đéc', 87),
(868, 'Hồng Ngự', 87),
(869, 'Tân Hồng', 87),
(870, 'Hồng Ngự', 87),
(871, 'Tam Nông', 87),
(872, 'Tháp Mười', 87),
(873, 'Cao Lãnh', 87),
(874, 'Thanh Bình', 87),
(875, 'Lấp Vò', 87),
(876, 'Lai Vung', 87),
(877, 'Châu Thành', 87),
(883, 'Long Xuyên', 89),
(884, 'Châu Đốc', 89),
(886, 'An Phú', 89),
(887, 'Tân Châu', 89),
(888, 'Phú Tân', 89),
(889, 'Châu Phú', 89),
(890, 'Tịnh Biên', 89),
(891, 'Tri Tôn', 89),
(892, 'Châu Thành', 89),
(893, 'Chợ Mới', 89),
(894, 'Thoại Sơn', 89),
(899, 'Rạch Giá', 91),
(900, 'Hà Tiên', 91),
(902, 'Kiên Lương', 91),
(903, 'Hòn Đất', 91),
(904, 'Tân Hiệp', 91),
(905, 'Châu Thành', 91),
(906, 'Giồng Riềng', 91),
(907, 'Gò Quao', 91),
(908, 'An Biên', 91),
(909, 'An Minh', 91),
(910, 'Vĩnh Thuận', 91),
(911, 'Phú Quốc', 91),
(912, 'Kiên Hải', 91),
(913, 'U Minh Thượng', 91),
(914, 'Giang Thành', 91),
(916, 'Ninh Kiều', 92),
(917, 'Ô Môn', 92),
(918, 'Bình Thuỷ', 92),
(919, 'Cái Răng', 92),
(923, 'Thốt Nốt', 92),
(924, 'Vĩnh Thạnh', 92),
(925, 'Cờ Đỏ', 92),
(926, 'Phong Điền', 92),
(927, 'Thới Lai', 92),
(930, 'Vị Thanh', 93),
(931, 'Ngã Bảy', 93),
(932, 'Châu Thành A', 93),
(933, 'Châu Thành', 93),
(934, 'Phụng Hiệp', 93),
(935, 'Vị Thuỷ', 93),
(936, 'Long Mỹ', 93),
(937, 'Long Mỹ', 93),
(941, 'Sóc Trăng', 94),
(942, 'Châu Thành', 94),
(943, 'Kế Sách', 94),
(944, 'Mỹ Tú', 94),
(945, 'Cù Lao Dung', 94),
(946, 'Long Phú', 94),
(947, 'Mỹ Xuyên', 94),
(948, 'Ngã Năm', 94),
(949, 'Thạnh Trị', 94),
(950, 'Vĩnh Châu', 94),
(951, 'Trần Đề', 94),
(954, 'Bạc Liêu', 95),
(956, 'Hồng Dân', 95),
(957, 'Phước Long', 95),
(958, 'Vĩnh Lợi', 95),
(959, 'Giá Rai', 95),
(960, 'Đông Hải', 95),
(961, 'Hoà Bình', 95),
(964, 'Cà Mau', 96),
(966, 'U Minh', 96),
(967, 'Thới Bình', 96),
(968, 'Trần Văn Thời', 96),
(969, 'Cái Nước', 96),
(970, 'Đầm Dơi', 96),
(971, 'Năm Căn', 96),
(972, 'Phú Tân', 96),
(973, 'Ngọc Hiển', 96);

-- --------------------------------------------------------

--
-- Cấu trúc bảng cho bảng `failed_jobs`
--

CREATE TABLE `failed_jobs` (
  `id` bigint(20) UNSIGNED NOT NULL,
  `uuid` varchar(255) NOT NULL,
  `connection` text NOT NULL,
  `queue` text NOT NULL,
  `payload` longtext NOT NULL,
  `exception` longtext NOT NULL,
  `failed_at` timestamp NOT NULL DEFAULT current_timestamp()
) ENGINE=InnoDB DEFAULT CHARSET=utf8mb4 COLLATE=utf8mb4_unicode_ci;

-- --------------------------------------------------------

--
-- Cấu trúc bảng cho bảng `hotels`
--

CREATE TABLE `hotels` (
  `id` bigint(20) UNSIGNED NOT NULL,
  `name` varchar(255) NOT NULL,
  `description` varchar(255) DEFAULT NULL,
  `min_price` int(11) DEFAULT NULL,
  `max_price` int(11) DEFAULT NULL,
  `user_id` bigint(20) UNSIGNED NOT NULL,
  `address_id` bigint(20) UNSIGNED NOT NULL,
  `created_at` timestamp NULL DEFAULT NULL,
  `updated_at` timestamp NULL DEFAULT NULL,
  `rating_average` double NOT NULL DEFAULT 5
) ENGINE=InnoDB DEFAULT CHARSET=utf8mb4 COLLATE=utf8mb4_unicode_ci;

--
-- Đang đổ dữ liệu cho bảng `hotels`
--

INSERT INTO `hotels` (`id`, `name`, `description`, `min_price`, `max_price`, `user_id`, `address_id`, `created_at`, `updated_at`, `rating_average`) VALUES
(1, 'Hotel 1 Cửa Lò', 'Khách sạn Hotel 1 Cửa Lò là một thiên đường nghỉ dưỡng hiện đại và sang trọng', 40, 120, 9, 2, '2023-05-17 11:30:29', '2023-05-20 14:28:30', 5),
(2, 'Hotel 2 Đà Lạt', 'Khách sạn Hotel 2 Đà Lạt là một thiên đường nghỉ dưỡng hiện đại và sang trọng', 60, 200, 10, 3, '2023-05-17 11:33:44', '2023-05-20 14:30:11', 5),
(3, 'Hotel 3 Đà Nẵng', 'Khách sạn Hotel 3 Đà Nẵng là một thiên đường nghỉ dưỡng hiện đại và sang trọng', 80, 150, 11, 4, '2023-05-17 11:36:28', '2023-05-20 14:30:59', 5),
(4, 'Hotel 4 Hà Giang', 'Khách sạn 4 Hà Giang là một thiên đường nghỉ dưỡng hiện đại và sang trọng', 55, 120, 12, 5, '2023-05-17 11:38:30', '2023-05-20 14:31:33', 5),
(5, 'Hotel 5 Hạ Long', 'Khách sạn 5 Hạ Long là một thiên đường nghỉ dưỡng hiện đại và sang trọng', 90, 200, 13, 6, '2023-05-17 11:40:19', '2023-05-20 14:31:51', 5),
(6, 'Hotel 6 Hà Nội', 'Khách sạn 6 Hà Nội là một thiên đường nghỉ dưỡng hiện đại và sang trọng', 80, 300, 14, 7, '2023-05-17 11:42:40', '2023-05-20 14:32:20', 5),
(7, 'Hotel 7 HCM', 'Khách sạn 7 HCM là một thiên đường nghỉ dưỡng hiện đại và sang trọng', 150, 180, 15, 8, '2023-05-17 11:45:15', '2023-05-20 14:32:38', 5),
(8, 'Hotel 8 Hội An', 'Khách sạn 8 Hội An là một thiên đường nghỉ dưỡng hiện đại và sang trọng', 150, 200, 16, 9, '2023-05-17 11:46:34', '2023-05-20 14:33:07', 5),
(9, 'Hotel 9 Thừa Thiên Huế', 'Khách sạn 9 Thừa Thiên Huế là một thiên đường nghỉ dưỡng hiện đại và sang trọng', 130, 250, 17, 10, '2023-05-17 11:48:15', '2023-05-20 14:33:27', 5),
(10, 'Hotel 10 Mộc Châu', 'Khách sạn 10 Mộc Châu là một thiên đường nghỉ dưỡng hiện đại và sang trọng', 40, 90, 18, 11, '2023-05-17 11:50:00', '2023-05-20 14:33:54', 5),
(11, 'Hotel 11 Nha Trang', 'Khách sạn 11 Nha Trang là một thiên đường nghỉ dưỡng hiện đại và sang trọng', 60, 120, 19, 12, '2023-05-17 11:52:08', '2023-05-20 14:34:07', 5),
(12, 'HaNoi Chill Hotel', 'Hanoi very hot', 80, 150, 20, 14, '2023-05-20 14:37:03', '2023-05-22 00:56:10', 4.5),
(13, 'Hanoi Amore Hotel & Travel', 'Hanoi very hot', 55, 120, 21, 15, '2023-05-20 14:38:14', '2023-05-22 00:56:27', 4.5),
(14, 'Hanoi Inner Hotel', 'Hoan kiem', 120, 300, 22, 16, '2023-05-20 14:39:34', '2023-05-20 14:41:55', 5),
(15, 'Hanoi Aria Central Hotel & Spa', 'Hoan kiem', 80, 180, 23, 17, '2023-05-20 14:40:13', '2023-05-20 14:42:12', 5),
(16, 'haianh', 'ab', NULL, NULL, 29, 18, '2023-05-28 13:18:14', '2023-05-28 13:18:14', 5);

-- --------------------------------------------------------

--
-- Cấu trúc bảng cho bảng `images`
--

CREATE TABLE `images` (
  `id` bigint(20) UNSIGNED NOT NULL,
  `path` varchar(255) NOT NULL,
  `user_id` bigint(20) UNSIGNED NOT NULL,
  `created_at` timestamp NULL DEFAULT NULL,
  `updated_at` timestamp NULL DEFAULT NULL,
  `hotel_id` bigint(20) UNSIGNED DEFAULT NULL,
  `role_image_id` bigint(20) UNSIGNED NOT NULL,
  `type_room_id` bigint(20) UNSIGNED DEFAULT NULL,
  `review_id` bigint(20) UNSIGNED DEFAULT NULL
) ENGINE=InnoDB DEFAULT CHARSET=utf8mb4 COLLATE=utf8mb4_unicode_ci;

--
-- Đang đổ dữ liệu cho bảng `images`
--

INSERT INTO `images` (`id`, `path`, `user_id`, `created_at`, `updated_at`, `hotel_id`, `role_image_id`, `type_room_id`, `review_id`) VALUES
(1, '7qsvMEppVrBXymeq9aGtyEaEMDzeXwYk_1684515884_ec368786-60a0-466e-b5e7-31e640eb657d314351959162108083.jpg', 25, '2023-05-19 17:04:44', '2023-05-19 17:04:44', NULL, 1, NULL, NULL),
(2, 'LlebTMFdX4fEGKLDrHWkvMTTZUi54dlD_1684516565_a5c7eb89-21ee-44f0-9de0-1a9f38f0d1244033492827367044878.jpg', 25, '2023-05-19 17:16:05', '2023-05-19 17:16:05', NULL, 1, NULL, NULL),
(3, 'zOqpbIIoPVOB4gMqcBLcNxT3jhZYpXlB_1684552321_193fc8ca-e11c-43fe-bcd8-a3156257c8623330585637611797889.jpg', 25, '2023-05-20 03:12:01', '2023-05-20 03:12:01', NULL, 1, NULL, NULL),
(4, 'MIEPy1hF2unIHRvSJvb8hEGPR4UsfuSq_1684554470_47bb5ea2-29a5-481d-9cd7-61804be874722216771167715957760.jpg', 1, '2023-05-20 03:47:50', '2023-05-20 03:47:50', NULL, 1, NULL, NULL),
(5, 'xwI0O8gw8bb8bSRX4u9cD1iU9byngk8S_1684555128_df8f5ce3-44f4-4a23-9330-b47ecd19402d6746238699937646026.jpg', 1, '2023-05-20 03:58:48', '2023-05-20 03:58:48', NULL, 1, NULL, NULL),
(6, 'mMy0H3E8eXtp2IP6t2a8lngCHitOmX1v_1684555160_1a168afb-1982-40da-8026-90022264356a4680875669651590901.jpg', 1, '2023-05-20 03:59:20', '2023-05-20 03:59:20', NULL, 1, NULL, NULL),
(7, 'Q24tY5154ucUItXQqhEqUGuTv4Ay2xVv_1684555479_b50c2d91-539d-474e-97d2-6f20cf3a2f3b3100048455399382880.jpg', 1, '2023-05-20 04:04:39', '2023-05-20 04:04:39', NULL, 1, NULL, NULL),
(8, '7tFfYeQwgNfhxh8orEKJwK3WLTLPnJ3B_1684556402_3945dd94-5677-4d25-9459-0b0c2f4561ea2424502663255027161.jpg', 1, '2023-05-20 04:20:02', '2023-05-20 04:20:02', NULL, 1, NULL, NULL),
(9, 'JlsFjYa9CGtHZpqSIULCLIzBLLaSarxw_1684556476_b67a09b1-da18-48b0-b316-c890da22609e212951589947160803.jpg', 1, '2023-05-20 04:21:16', '2023-05-20 04:21:16', NULL, 1, NULL, NULL),
(11, 'b7liLpuHZLivQeROJsKI78LErQqTyImK_1684716239_image_hotel_1.png', 9, '2023-05-22 00:43:59', '2023-05-22 00:43:59', 1, 3, NULL, NULL),
(12, 'BdPn6A8euiwWpLFKEYJqWPn03i8qulE7_1684716239_image_hotel_2.jpg', 9, '2023-05-22 00:43:59', '2023-05-22 00:43:59', 1, 3, NULL, NULL),
(13, '2UMmEqkIJa0CkH9ucX0XfWidO06DEJyG_1684716239_image_hotel_3.png', 9, '2023-05-22 00:43:59', '2023-05-22 00:43:59', 1, 3, NULL, NULL),
(14, 'FVvWoglTSe2qpgibVrwmNXde3BlkSTny_1684716243_image_hotel_1.png', 11, '2023-05-22 00:44:03', '2023-05-22 00:44:03', 3, 3, NULL, NULL),
(15, 'c1qZvE5544avnWZDmU8i8OhyP8oidiHN_1684716243_image_hotel_2.jpg', 11, '2023-05-22 00:44:03', '2023-05-22 00:44:03', 3, 3, NULL, NULL),
(16, '3fWCJYmPn42vhg5IjQAaQ2z61QhWPfUd_1684716243_image_hotel_3.png', 11, '2023-05-22 00:44:03', '2023-05-22 00:44:03', 3, 3, NULL, NULL),
(17, 'DgWABOOXXFXP9VwAWigK4BGRRMuASCBi_1684716246_image_hotel_1.png', 13, '2023-05-22 00:44:06', '2023-05-22 00:44:06', 5, 3, NULL, NULL),
(18, 'R6Hbwu0kfFlV34KVImUp6unDL4gft5mv_1684716246_image_hotel_2.jpg', 13, '2023-05-22 00:44:06', '2023-05-22 00:44:06', 5, 3, NULL, NULL),
(19, '79d50jKdrJx2HmBSoQNXLXyXs2QEKOhp_1684716246_image_hotel_3.png', 13, '2023-05-22 00:44:06', '2023-05-22 00:44:06', 5, 3, NULL, NULL),
(20, 'Z3wMhTlXnWQI3nkWT7fl3Pg9koPyfEX1_1684716249_image_hotel_1.png', 15, '2023-05-22 00:44:09', '2023-05-22 00:44:09', 7, 3, NULL, NULL),
(21, 'i01UUn7jGiMZjI5L1RodBRaZruSQqZZZ_1684716249_image_hotel_2.jpg', 15, '2023-05-22 00:44:09', '2023-05-22 00:44:09', 7, 3, NULL, NULL),
(22, 'RMLKgelDh7YDtNmXzMpy56TcO9j22dVR_1684716249_image_hotel_3.png', 15, '2023-05-22 00:44:09', '2023-05-22 00:44:09', 7, 3, NULL, NULL),
(23, 'M2VnsTS63AafsoMhRvfUVGRFM6EbiPrv_1684716252_image_hotel_1.png', 17, '2023-05-22 00:44:12', '2023-05-22 00:44:12', 9, 3, NULL, NULL),
(24, 'iYRbPuapJVKUghLPADy9AlpJ5C7RFLWN_1684716252_image_hotel_2.jpg', 17, '2023-05-22 00:44:12', '2023-05-22 00:44:12', 9, 3, NULL, NULL),
(25, 'z149IHcSwQqoIH1lcT8OS1mzDx6V4mz3_1684716252_image_hotel_3.png', 17, '2023-05-22 00:44:12', '2023-05-22 00:44:12', 9, 3, NULL, NULL),
(26, 'Fb4jCm8lE6fPQgGrD6aEdCsMhiW4BXyS_1684716255_image_hotel_1.png', 19, '2023-05-22 00:44:15', '2023-05-22 00:44:15', 11, 3, NULL, NULL),
(27, '5ygXjqW8qeaEznDaldLBMslBYFYJyn0Z_1684716255_image_hotel_2.jpg', 19, '2023-05-22 00:44:15', '2023-05-22 00:44:15', 11, 3, NULL, NULL),
(28, 'N5GvLRJyu1yxeXiEu6Vmvekklt25JLbs_1684716255_image_hotel_3.png', 19, '2023-05-22 00:44:15', '2023-05-22 00:44:15', 11, 3, NULL, NULL),
(29, 'qsyrpNCPB1oYUCukcByxk4ahKPyN7BLl_1684716258_image_hotel_1.png', 21, '2023-05-22 00:44:18', '2023-05-22 00:44:18', 13, 3, NULL, NULL),
(30, 'XC7CabwSQGBy3IukBWKcJiUDNzhjZZUt_1684716258_image_hotel_2.jpg', 21, '2023-05-22 00:44:18', '2023-05-22 00:44:18', 13, 3, NULL, NULL),
(31, 'CIf30h38Td3BdaaEs1PHMxn05552cdb9_1684716258_image_hotel_3.png', 21, '2023-05-22 00:44:18', '2023-05-22 00:44:18', 13, 3, NULL, NULL),
(32, 'JkHpMeLarIQLrS0rb2HahfPqIYAiQZeD_1684716262_image_hotel_1.png', 23, '2023-05-22 00:44:22', '2023-05-22 00:44:22', 15, 3, NULL, NULL),
(33, '4YOGrB0RMOtBDzEI5qWUuI0cpfQlzoDY_1684716262_image_hotel_2.jpg', 23, '2023-05-22 00:44:22', '2023-05-22 00:44:22', 15, 3, NULL, NULL),
(34, 'wG0b6uNZGqg0aq9665cf91T0tLTLnYjx_1684716262_image_hotel_3.png', 23, '2023-05-22 00:44:22', '2023-05-22 00:44:22', 15, 3, NULL, NULL),
(35, 'Q6yA1hqKDZQy2xySaO4nuc7rqFKgCT6w_1684716278_image_hotel_4.jpg', 10, '2023-05-22 00:44:38', '2023-05-22 00:44:38', 2, 3, NULL, NULL),
(36, 'HliCsgWm9baXU8XsnZJfpf3jzbO9rJIZ_1684716278_image_hotel_5.jpg', 10, '2023-05-22 00:44:38', '2023-05-22 00:44:38', 2, 3, NULL, NULL),
(37, 'nX4cM9a0vMjNjtwx3b1HpUDqW6qh1dbU_1684716278_image_hotel_6.jpg', 10, '2023-05-22 00:44:38', '2023-05-22 00:44:38', 2, 3, NULL, NULL),
(38, 'SfvRvWP2Ln9oeqhOUdHeIY89i4EuwLl6_1684716280_image_hotel_4.jpg', 12, '2023-05-22 00:44:40', '2023-05-22 00:44:40', 4, 3, NULL, NULL),
(39, 'Wlv1eARzeqtFbHgI6HbGfFBuTXX3sHmF_1684716280_image_hotel_5.jpg', 12, '2023-05-22 00:44:40', '2023-05-22 00:44:40', 4, 3, NULL, NULL),
(40, '0XeumxPZoPsn9Id7xvHwY9Q4hlJzbwRQ_1684716280_image_hotel_6.jpg', 12, '2023-05-22 00:44:40', '2023-05-22 00:44:40', 4, 3, NULL, NULL),
(41, 'WsLpQ8JmJ54keQcRdCDJ5OC0HlYqP29t_1684716282_image_hotel_4.jpg', 14, '2023-05-22 00:44:42', '2023-05-22 00:44:42', 6, 3, NULL, NULL),
(42, 'Kmyi90sbj6ICkMmr7qH39XspDCjpPhoE_1684716282_image_hotel_5.jpg', 14, '2023-05-22 00:44:42', '2023-05-22 00:44:42', 6, 3, NULL, NULL),
(43, 'W1g737DGkNUs7nb67uX7bPm9lekhOQOT_1684716282_image_hotel_6.jpg', 14, '2023-05-22 00:44:42', '2023-05-22 00:44:42', 6, 3, NULL, NULL),
(44, 'idX9XMs0L0cgQaXUqroq4urns1hU8Dc2_1684716284_image_hotel_4.jpg', 16, '2023-05-22 00:44:44', '2023-05-22 00:44:44', 8, 3, NULL, NULL),
(45, 'nb8UqZ3c3a0CcKnGLu4bRhsrwEupNKoT_1684716284_image_hotel_5.jpg', 16, '2023-05-22 00:44:44', '2023-05-22 00:44:44', 8, 3, NULL, NULL),
(46, 'Uu64LdCzqCbxgXCX7QAlSmKv0Qg1BfGY_1684716284_image_hotel_6.jpg', 16, '2023-05-22 00:44:44', '2023-05-22 00:44:44', 8, 3, NULL, NULL),
(47, 'Vnk1EFV4c79rK3w7FouUdGlqSswSdkEy_1684716286_image_hotel_4.jpg', 18, '2023-05-22 00:44:46', '2023-05-22 00:44:46', 10, 3, NULL, NULL),
(48, 'n5y2GEmL0PQRMZKXPOxwl36yv60LIJso_1684716286_image_hotel_5.jpg', 18, '2023-05-22 00:44:46', '2023-05-22 00:44:46', 10, 3, NULL, NULL),
(49, 'z9zaaEkVrJrvfE2g8Xw3ivKH5Tpuo47V_1684716286_image_hotel_6.jpg', 18, '2023-05-22 00:44:46', '2023-05-22 00:44:46', 10, 3, NULL, NULL),
(50, 'ggZsa2a4cSahW73ZxTe0dL3iV4luhLMK_1684716288_image_hotel_4.jpg', 20, '2023-05-22 00:44:48', '2023-05-22 00:44:48', 12, 3, NULL, NULL),
(51, 'hELcSvFeyUEj4DuHyDHMHnvVDja4O6NK_1684716288_image_hotel_5.jpg', 20, '2023-05-22 00:44:48', '2023-05-22 00:44:48', 12, 3, NULL, NULL),
(52, 've2bzSSzW808qjIPBaOkN6RMcO0NEBQE_1684716288_image_hotel_6.jpg', 20, '2023-05-22 00:44:48', '2023-05-22 00:44:48', 12, 3, NULL, NULL),
(53, '8q1CEvIGLuzSuFMVAfLwpcHBwBuLb80H_1684716291_image_hotel_4.jpg', 22, '2023-05-22 00:44:51', '2023-05-22 00:44:51', 14, 3, NULL, NULL),
(54, 'x1PHfZRQ7i22V4d1nvncvJHHrFvyr563_1684716291_image_hotel_5.jpg', 22, '2023-05-22 00:44:51', '2023-05-22 00:44:51', 14, 3, NULL, NULL),
(55, 'Xhdyd37OCGZJwEYwzMvi0RUYXWdrW1t7_1684716291_image_hotel_6.jpg', 22, '2023-05-22 00:44:51', '2023-05-22 00:44:51', 14, 3, NULL, NULL),
(56, 'XUdFpPzfoUbT3cVwHaR5uzFDiNlnENzh_1684716885_Screenshot2023-03-31152406.png', 35, '2023-05-22 00:54:45', '2023-05-22 00:54:45', NULL, 5, NULL, 1),
(57, 'Xx2glnqlUQpAo6S4BNBp4D1FxRnAKwnV_1684716885_Screenshot2023-04-10220636.png', 35, '2023-05-22 00:54:45', '2023-05-22 00:54:45', NULL, 5, NULL, 1),
(58, 'WyoyeR2g8HKdPqwgYUB8zkNPa4W0NMhR_1684716904_Screenshot2023-03-20071748.png', 35, '2023-05-22 00:55:04', '2023-05-22 00:55:04', NULL, 5, NULL, 2),
(59, 'W64auvGbgfUXCwLFIiawQSzmfaYazNRD_1684716904_Screenshot2023-03-20071807.png', 35, '2023-05-22 00:55:04', '2023-05-22 00:55:04', NULL, 5, NULL, 2),
(60, 'C7DFecNwbNOW8AHKAF2G1sy9UsMzu2h0_1684716970_Screenshot2023-04-12090406.png', 36, '2023-05-22 00:56:10', '2023-05-22 00:56:10', NULL, 5, NULL, 3),
(61, 'CPz9SepLrOI3Q8CANsjnW4czyMg6H2Q1_1684716970_Screenshot2023-04-07144027.png', 36, '2023-05-22 00:56:10', '2023-05-22 00:56:10', NULL, 5, NULL, 3),
(62, 'jSsJJxrjeLZIlq8L7Ws5zXQAg5cEKO4g_1684716987_Screenshot2023-04-12101045.png', 36, '2023-05-22 00:56:27', '2023-05-22 00:56:27', NULL, 5, NULL, 4),
(63, 'QskntJj4RSODHCKIMjHOf80R6GSJejPX_1684716987_Screenshot2023-04-12151751.png', 36, '2023-05-22 00:56:27', '2023-05-22 00:56:27', NULL, 5, NULL, 4),
(64, 'Pp8CyXA4AdxhmdP5kIxrT52d5PeP9AVK_1684717473_image_picker_FC2EC1C9-8806-4C0B-9BF0-A5A5556E6913-12253-00000404699C07BE.jpg', 1, '2023-05-22 01:04:33', '2023-05-22 01:04:33', NULL, 1, NULL, NULL),
(65, 'MX7agIqifeptDYnB2w6K4nGRyM94p498_1684729488_image_picker_9F1E384F-C167-415A-ADAC-56E8EF579CB1-14985-00000291223A7934.jpg', 28, '2023-05-22 04:24:48', '2023-05-22 04:24:48', NULL, 1, NULL, NULL),
(66, 'CiKCrI6igvbYTqCv2clb1THdOZuBerqJ_1684857942_image_picker_E573D5A6-5A87-4DD1-837C-4D1B7C3EE2FE-21443-0000039C766DBD57.jpg', 28, '2023-05-23 16:05:42', '2023-05-23 16:05:42', NULL, 1, NULL, NULL),
(67, 'ZaNos57hGMcTKeYK7zr0MXXQmpLbGu1e_1684858422_image_picker_1341C3C9-E9E3-4975-9AEB-FB22BD410833-21443-0000039F236571A3.jpg', 28, '2023-05-23 16:13:42', '2023-05-23 16:13:42', NULL, 1, NULL, NULL),
(68, 'rhiFqdKGKly58IimBYrx5n4AVfoyPKD4_1684859210_image_picker_8FA7E078-788A-4B91-933F-B1A5A6C03F8D-21611-000003A38A962618.jpg', 28, '2023-05-23 16:26:50', '2023-05-23 16:26:50', NULL, 1, NULL, NULL),
(69, '395HaJeWROtC1N0Gc4J2UeQhu8UrM6MW_1684859964_image_picker_0ACB511E-B6B1-4E88-AB47-30785E38B48F-21611-000003A7C1D3A013.jpg', 39, '2023-05-23 16:39:24', '2023-05-23 16:39:24', NULL, 1, NULL, NULL),
(70, 'aRrg29Kyzp6c3P8JbMoUd4BoJiOEKBhn_1685209090_scaled_IMG_20230526_092618.jpg', 9, '2023-05-27 17:38:10', '2023-05-27 17:38:10', 1, 3, NULL, NULL),
(71, 'LdBPP89LZSScq203rndCo2dutd8TdvfS_1685209451_scaled_IMG_20230526_092618.jpg', 9, '2023-05-27 17:44:11', '2023-05-27 17:44:11', 1, 3, NULL, NULL),
(72, 'dwZqcrhKSSSt3epKpJZ6yuA67vUPIehA_1685209451_scaled_IMG_20230526_092617.jpg', 9, '2023-05-27 17:44:11', '2023-05-27 17:44:11', 1, 3, NULL, NULL),
(73, 'kegYBN8UnW23V6AY7IjQESL2jaN2zK2M_1685209451_scaled_IMG_20230526_092615.jpg', 9, '2023-05-27 17:44:11', '2023-05-27 17:44:11', 1, 3, NULL, NULL),
(74, 'Wu4YwBouRRyiy8iGY77Gq1O89z75EXZo_1685209451_scaled_IMG_20230526_092616.jpg', 9, '2023-05-27 17:44:11', '2023-05-27 17:44:11', 1, 3, NULL, NULL),
(75, 'ZNduYLApCdfWVdZYgVCIug4geU81gy8y_1685209451_scaled_IMG_20230526_092614.jpg', 9, '2023-05-27 17:44:11', '2023-05-27 17:44:11', 1, 3, NULL, NULL),
(76, 'OyMK0FNFqtABRwlsEhoGOBXMwMgkpolf_1685209752_scaled_IMG_20230526_092618.jpg', 9, '2023-05-27 17:49:12', '2023-05-27 17:49:12', 1, 3, NULL, NULL),
(77, 'dyIggEewVEpcTYWDQ1eELuoZsr8icEMD_1685209752_scaled_IMG_20230526_092617.jpg', 9, '2023-05-27 17:49:12', '2023-05-27 17:49:12', 1, 3, NULL, NULL),
(78, '3ewImkbjk4PDm8BbHwhifqGV43uNBP40_1685240396_scaled_IMG_20230526_092617.jpg', 9, '2023-05-28 02:19:56', '2023-05-28 02:19:56', 1, 3, NULL, NULL),
(79, '2LeZSnf9crPejO29JP6WFWhVzNdoy5xx_1685240396_scaled_IMG_20230526_092615.jpg', 9, '2023-05-28 02:19:56', '2023-05-28 02:19:56', 1, 3, NULL, NULL),
(80, 'vno76B53zfzVZjOS0arF36buy1ka0epS_1685240500_scaled_IMG_20230526_092618.jpg', 9, '2023-05-28 02:21:40', '2023-05-28 02:21:40', 1, 3, NULL, NULL),
(81, 'PWmUcOVWMqOvpqndzG0ZOofuh3MbmJBi_1685240500_scaled_IMG_20230526_092617.jpg', 9, '2023-05-28 02:21:40', '2023-05-28 02:21:40', 1, 3, NULL, NULL),
(82, 'egK3fHUbtDAkYW6T23we2bRUIBlZ1vM7_1685248291_scaled_IMG_20230526_092618.jpg', 9, '2023-05-28 04:31:31', '2023-05-28 04:31:31', 1, 3, NULL, NULL),
(83, 'HECoyfR4goltF8IlPMhhc8XWnCLZKpMR_1685248291_scaled_IMG_20230526_092617.jpg', 9, '2023-05-28 04:31:31', '2023-05-28 04:31:31', 1, 3, NULL, NULL),
(84, '1FWBeqCrUplLTIAdUevNFMJ9RJrHzmLD_1685248333_scaled_IMG_20230526_092618.jpg', 9, '2023-05-28 04:32:13', '2023-05-28 04:32:13', 1, 3, NULL, NULL),
(85, 'CiH6P5WThirR6YghT7xtHu5ZiMbS29qT_1685248333_scaled_IMG_20230526_092617.jpg', 9, '2023-05-28 04:32:13', '2023-05-28 04:32:13', 1, 3, NULL, NULL),
(86, 'teh4X4AAspHEqR5YJkVFOrg9vHTmUwUB_1685248570_scaled_IMG_20230526_092618.jpg', 9, '2023-05-28 04:36:10', '2023-05-28 04:36:10', 1, 3, NULL, NULL),
(87, '64BDK4kUw7zdhZN4dvnkoZ7Rv99ehJRH_1685248570_scaled_IMG_20230526_092617.jpg', 9, '2023-05-28 04:36:10', '2023-05-28 04:36:10', 1, 3, NULL, NULL),
(88, 'UZn05TlPWDRKPVgTT66cThScEcon2gbv_1685248632_scaled_IMG_20230526_092618.jpg', 9, '2023-05-28 04:37:12', '2023-05-28 04:37:12', 1, 3, NULL, NULL),
(89, 'ExOnXqYqJyBJqgTZh5osIpCuUln9Jo6G_1685248632_scaled_IMG_20230526_092617.jpg', 9, '2023-05-28 04:37:12', '2023-05-28 04:37:12', 1, 3, NULL, NULL),
(90, 'ZFAnyBrjhfq6KUe5aPBB0Pip0BTKruwW_1685249679_scaled_IMG_20230526_092618.jpg', 9, '2023-05-28 04:54:39', '2023-05-28 04:54:39', 1, 3, NULL, NULL),
(91, 'QNTjnU6aaaGSjbAae79QIpsdv8oTMvMX_1685249679_scaled_IMG_20230526_092617.jpg', 9, '2023-05-28 04:54:39', '2023-05-28 04:54:39', 1, 3, NULL, NULL),
(92, 't0kBxIOWaQCg7ysieHOj71VuXYv4jBRp_1685249711_scaled_IMG_20230526_092618.jpg', 9, '2023-05-28 04:55:11', '2023-05-28 04:55:11', 1, 3, NULL, NULL),
(93, 'kHaIdUxgBxrWtraQFF21GEBPEtQ8qpRp_1685249711_scaled_IMG_20230526_092617.jpg', 9, '2023-05-28 04:55:11', '2023-05-28 04:55:11', 1, 3, NULL, NULL),
(94, 'Wvml6xQGY6zYWUgviLSDpuZc3qWqhids_1685249743_scaled_IMG_20230526_092618.jpg', 9, '2023-05-28 04:55:43', '2023-05-28 04:55:43', 1, 3, NULL, NULL),
(95, 'WgnHIiPSopDQyhZDKblh34RJdfrxrDSY_1685249743_scaled_IMG_20230526_092617.jpg', 9, '2023-05-28 04:55:43', '2023-05-28 04:55:43', 1, 3, NULL, NULL),
(96, 'btsbGZD7VMplxZXbmH6nmA5YKVWT521Y_1685279899_scaled_IMG_20230526_092618.jpg', 29, '2023-05-28 13:18:19', '2023-05-28 13:18:19', 16, 3, NULL, NULL),
(97, 'r3J5izfaKuCgOtzbVyP3bHcCZlhGYXDI_1685279899_scaled_IMG_20230526_092617.jpg', 29, '2023-05-28 13:18:19', '2023-05-28 13:18:19', 16, 3, NULL, NULL),
(98, 'tltloFXFg1idc2EkCJrwAg1xClSHdpQB_1685279899_scaled_IMG_20230526_092615.jpg', 29, '2023-05-28 13:18:19', '2023-05-28 13:18:19', 16, 3, NULL, NULL),
(99, 't0H5Nps6xWIUXoiGKwXJDK5JZyug0C8b_1685279899_scaled_IMG_20230526_092616.jpg', 29, '2023-05-28 13:18:19', '2023-05-28 13:18:19', 16, 3, NULL, NULL),
(100, 'Vmr8Y9NMCF9FhI61qqxgzgPHx1cUjVW8_1685279899_scaled_IMG_20230526_092614.jpg', 29, '2023-05-28 13:18:19', '2023-05-28 13:18:19', 16, 3, NULL, NULL),
(101, 'R5YZ01tcvaYno6cGbiNWbjIfZlnUrv5Y_1685293004_image_picker_818E593E-E8D6-464F-9E93-BA1992CBBFFE-46140-000007CC7339B78B.jpg', 28, '2023-05-28 16:56:44', '2023-05-28 16:56:44', NULL, 1, NULL, NULL),
(102, 'kzi8sRj4u1bdtfzSe44PE8MZ7qhr0lPA_1685323580_Screenshot_20230522-114541.png', 28, '2023-05-29 01:26:20', '2023-05-29 01:26:20', NULL, 1, NULL, NULL);

-- --------------------------------------------------------

--
-- Cấu trúc bảng cho bảng `like_reviews`
--

CREATE TABLE `like_reviews` (
  `id` bigint(20) UNSIGNED NOT NULL,
  `is_like` tinyint(1) NOT NULL,
  `user_id` bigint(20) UNSIGNED NOT NULL,
  `review_id` bigint(20) UNSIGNED NOT NULL,
  `created_at` timestamp NULL DEFAULT NULL,
  `updated_at` timestamp NULL DEFAULT NULL
) ENGINE=InnoDB DEFAULT CHARSET=utf8mb4 COLLATE=utf8mb4_unicode_ci;

--
-- Đang đổ dữ liệu cho bảng `like_reviews`
--

INSERT INTO `like_reviews` (`id`, `is_like`, `user_id`, `review_id`, `created_at`, `updated_at`) VALUES
(1, 0, 28, 1, NULL, NULL);

-- --------------------------------------------------------

--
-- Cấu trúc bảng cho bảng `messages`
--

CREATE TABLE `messages` (
  `id` bigint(20) UNSIGNED NOT NULL,
  `body` text NOT NULL,
  `type` varchar(255) DEFAULT NULL,
  `read` tinyint(1) NOT NULL DEFAULT 0,
  `conversation_id` bigint(20) UNSIGNED NOT NULL,
  `sender_id` bigint(20) UNSIGNED NOT NULL,
  `receiver_id` bigint(20) UNSIGNED NOT NULL,
  `created_at` timestamp NULL DEFAULT NULL,
  `updated_at` timestamp NULL DEFAULT NULL
) ENGINE=InnoDB DEFAULT CHARSET=utf8mb4 COLLATE=utf8mb4_unicode_ci;

-- --------------------------------------------------------

--
-- Cấu trúc bảng cho bảng `migrations`
--

CREATE TABLE `migrations` (
  `id` int(10) UNSIGNED NOT NULL,
  `migration` varchar(255) NOT NULL,
  `batch` int(11) NOT NULL
) ENGINE=InnoDB DEFAULT CHARSET=utf8mb4 COLLATE=utf8mb4_unicode_ci;

--
-- Đang đổ dữ liệu cho bảng `migrations`
--

INSERT INTO `migrations` (`id`, `migration`, `batch`) VALUES
(1, '2014_10_12_000000_create_users_table', 1),
(2, '2014_10_12_100000_create_password_reset_tokens_table', 1),
(3, '2016_06_01_000001_create_oauth_auth_codes_table', 1),
(4, '2016_06_01_000002_create_oauth_access_tokens_table', 1),
(5, '2016_06_01_000003_create_oauth_refresh_tokens_table', 1),
(6, '2016_06_01_000004_create_oauth_clients_table', 1),
(7, '2016_06_01_000005_create_oauth_personal_access_clients_table', 1),
(8, '2019_05_03_000001_create_customer_columns', 1),
(9, '2019_05_03_000002_create_subscriptions_table', 1),
(10, '2019_05_03_000003_create_subscription_items_table', 1),
(11, '2019_08_19_000000_create_failed_jobs_table', 1),
(12, '2019_12_14_000001_create_personal_access_tokens_table', 1),
(13, '2023_03_27_000003_create_images_table', 1),
(14, '2023_03_27_111816_add_avatar_id_to_users_table', 1),
(15, '2023_03_29_035611_create_user_information_table', 1),
(16, '2023_03_29_040329_create_roles_table', 1),
(17, '2023_03_29_204155_add_role_id_to_users_table', 1),
(18, '2023_03_31_032811_create_role_images_table', 1),
(19, '2023_03_31_043021_create_provinces_table', 1),
(20, '2023_03_31_043034_create_districts_table', 1),
(21, '2023_03_31_043108_create_sub_districts_table', 1),
(22, '2023_03_31_045027_create_addresses_table', 1),
(23, '2023_03_31_045028_create_hotels_table', 1),
(24, '2023_03_31_204156_add_hotel_id_to_image_table', 1),
(25, '2023_03_31_204156_add_role_image_id_to_image_table', 1),
(26, '2023_04_03_034703_create_role_amenities_table', 1),
(27, '2023_04_03_035933_create_amenities_table', 1),
(28, '2023_04_03_072642_create_amenity_hotel_table', 1),
(29, '2023_04_04_073614_create_type_rooms_table', 1),
(30, '2023_04_04_074653_create_type_room_amenities_table', 1),
(31, '2023_04_04_074654_add_type_room_id_to_image_table', 1),
(32, '2023_04_04_075505_create_rooms_table', 1),
(33, '2023_04_11_013338_create_order_statuses_table', 1),
(34, '2023_04_11_014815_create_orders_table', 1),
(35, '2023_04_11_023813_add_number_of_beds_to_type_room_table', 1),
(36, '2023_04_11_052204_add_check_date_to_room_tables', 1),
(37, '2023_04_11_055200_add_rating_average_to_hotels_tables', 1),
(38, '2023_04_11_150448_create_room_reservation_times_table', 1),
(39, '2023_04_11_150642_delete_column_from_room_table', 1),
(40, '2023_04_11_150850_delete_column_from_type_room_table', 1),
(41, '2023_04_11_180848_create_sort_by_table', 1),
(42, '2023_04_12_191550_add_room_size_to_type_rooms_table', 1),
(43, '2023_04_13_114931_change_expire_column_on_password_reset_tokens_table', 1),
(44, '2023_04_13_151841_create_room_order_table', 1),
(45, '2023_04_13_153319_add_order_id_to_room_reservation_times_table', 1),
(46, '2023_04_14_113507_create_reviews_table', 1),
(47, '2023_04_14_115738_add_review_id_to_images_table', 1),
(48, '2023_04_14_120716_create_like_reviews_table', 1),
(49, '2023_04_14_120716_create_report_reviews_table', 1),
(50, '2023_04_14_132934_add_reference_to_reviews_table', 1),
(51, '2023_04_16_200602_create_type_filter_reviews_table', 1),
(52, '2023_04_18_120435_create_popular_destinations_table', 1),
(53, '2023_04_18_191006_create_user_like_popular_destinations_table', 1),
(54, '2023_04_18_191014_create_user_like_hotels_table', 1),
(55, '2023_04_19_082628_add_payment_id_to_orders_table', 1),
(56, '2023_04_20_080932_create_conversations_table', 1),
(57, '2023_04_20_081131_create_messages_table', 1),
(58, '2023_05_13_114414_create_payment_accounts_table', 1),
(59, '2023_05_17_114414_add_district_id_to_table_popular_destination', 1),
(60, '2023_05_17_115414_add_popular_destination_name_to_table_popular_destination', 2);

-- --------------------------------------------------------

--
-- Cấu trúc bảng cho bảng `oauth_access_tokens`
--

CREATE TABLE `oauth_access_tokens` (
  `id` varchar(100) NOT NULL,
  `user_id` bigint(20) UNSIGNED DEFAULT NULL,
  `client_id` char(36) NOT NULL,
  `name` varchar(255) DEFAULT NULL,
  `scopes` text DEFAULT NULL,
  `revoked` tinyint(1) NOT NULL,
  `created_at` timestamp NULL DEFAULT NULL,
  `updated_at` timestamp NULL DEFAULT NULL,
  `expires_at` datetime DEFAULT NULL
) ENGINE=InnoDB DEFAULT CHARSET=utf8mb4 COLLATE=utf8mb4_unicode_ci;

--
-- Đang đổ dữ liệu cho bảng `oauth_access_tokens`
--

INSERT INTO `oauth_access_tokens` (`id`, `user_id`, `client_id`, `name`, `scopes`, `revoked`, `created_at`, `updated_at`, `expires_at`) VALUES
('0017009d34782b24baad3967ec497caaddbfb70795a8c26c9dd9f9bc5c15e74efbcb24cb6ee0b538', 23, '993028e6-58a9-44ec-a410-91595d6a3900', 'hotel15@gmail.com', '[]', 0, '2023-05-20 10:26:18', '2023-05-20 10:26:18', '2023-06-19 17:26:18'),
('0398d7392fd0095ebeb4667a7a36c33739a7c0a4d8ca8ccab1e3b34d826cc37705ce90ac5bcd2ee9', 25, '993028e6-58a9-44ec-a410-91595d6a3900', 'lehuyhaianh0808@gmail.com', '[]', 0, '2023-05-17 14:18:12', '2023-05-17 14:18:12', '2023-06-16 21:18:12'),
('0699f4d9c3a4b664926da92051a3ef03756f356c2602e292f52479ef042de2fbd06480423ddc3810', 25, '993028e6-58a9-44ec-a410-91595d6a3900', 'lehuyhaianh0808@gmail.com', '[]', 0, '2023-05-17 14:23:48', '2023-05-17 14:23:48', '2023-06-16 21:23:48'),
('0863a7640b2ac6bc2ecb9a2f8770462cd5787e6a0f5b78bdd81ff94358469275064bc3c06836da79', 28, '993028e6-58a9-44ec-a410-91595d6a3900', 'hungk19elqd@gmail.com', '[]', 0, '2023-05-29 00:46:03', '2023-05-29 00:46:04', '2023-06-28 07:46:03'),
('0bfff26d9b7419f02ac77d58c4d0ebce2ab7b3ca81bd446c4a8ab2a38d99f1f40cb7d905646fa968', 25, '993028e6-58a9-44ec-a410-91595d6a3900', 'lehuyhaianh0808@gmail.com', '[]', 0, '2023-05-22 02:30:27', '2023-05-22 02:30:27', '2023-06-21 09:30:27'),
('0caa77841e4f21546251002e960302cef89ebd7ae033c12440a81e0a35e38fe1fee1aab822e1ba0a', 25, '993028e6-58a9-44ec-a410-91595d6a3900', 'lehuyhaianh0808@gmail.com', '[]', 0, '2023-05-17 14:46:55', '2023-05-17 14:46:55', '2023-06-16 21:46:55'),
('0cfea73b84fc54adcffb9026a512a0ae7b5d37c5cf2eab02b744c86a05643e06a7456585622776db', 24, '993028e6-58a9-44ec-a410-91595d6a3900', 'chien9pm@gmail.com', '[]', 0, '2023-05-17 12:05:20', '2023-05-17 12:05:20', '2023-06-16 19:05:20'),
('0d34acc5ead5bf1fa65b5016351c7fb922b98f05f4b02f97bcda4cdf6ddad1c9363fef7e133a1e8c', 1, '993028e6-58a9-44ec-a410-91595d6a3900', 'theanh090602@gmail.com', '[]', 0, '2023-05-22 02:31:29', '2023-05-22 02:31:29', '2023-06-21 09:31:29'),
('0e1a197e06f9b120c260470154221e993eb171f2222cf2dc6722353c43833c095e4bae82a570acc7', 20, '993028e6-58a9-44ec-a410-91595d6a3900', 'hotel12@gmail.com', '[]', 0, '2023-05-17 11:22:20', '2023-05-17 11:22:20', '2023-06-16 18:22:20'),
('0ebb7a5130afd423e7ad789e5fca832b27209edc4098c8238b01c6816251f61c00eb1b1e190c96d6', 25, '993028e6-58a9-44ec-a410-91595d6a3900', 'lehuyhaianh0808@gmail.com', '[]', 0, '2023-05-17 14:44:45', '2023-05-17 14:44:45', '2023-06-16 21:44:45'),
('0fd689cd850a32e1c77611d72cd6f594faf3e007530319f8adb3e6ee30046117559050a874362cbd', 1, '993028e6-58a9-44ec-a410-91595d6a3900', 'theanh090602@gmail.com', '[]', 0, '2023-05-18 03:36:15', '2023-05-18 03:36:15', '2023-06-17 10:36:15'),
('12a28dfec3b3ebb7d66147494d92dd44306d8f85a5248c137716ee83d838204e32a4e2497ec52faa', 37, '993028e6-58a9-44ec-a410-91595d6a3900', 'customer3@gmail.com', '[]', 0, '2023-05-25 09:39:24', '2023-05-25 09:39:24', '2023-06-24 16:39:24'),
('192ec30c1accd5c2bb23386e6b243560a6bbfeb305e2f07fe571c5494dcb9fcc7c4f73e54c3b4a1a', 25, '993028e6-58a9-44ec-a410-91595d6a3900', 'lehuyhaianh0808@gmail.com', '[]', 0, '2023-05-22 02:33:06', '2023-05-22 02:33:06', '2023-06-21 09:33:06'),
('19c6d5195237e8612ef1ccbadc92a6e2e0d48a9f41168b610d0dd3158039e34b8860c89d34c407f8', 25, '993028e6-58a9-44ec-a410-91595d6a3900', 'lehuyhaianh0808@gmail.com', '[]', 0, '2023-05-17 15:57:42', '2023-05-17 15:57:42', '2023-06-16 22:57:42'),
('1b40efda79f28a1390d0c9ef3fba56643626bea4405227b8948ae3874fad71d236b29991781e0c7a', 23, '993028e6-58a9-44ec-a410-91595d6a3900', 'hotel15@gmail.com', '[]', 0, '2023-05-18 08:40:00', '2023-05-18 08:40:00', '2023-06-17 15:40:00'),
('1b4b0c2256454d66e230ae7cb7a36720e1c85825e59e1c4c3877af0e3f420487c69c05004db4d5ea', 7, '993028e6-58a9-44ec-a410-91595d6a3900', 'theanhtr07@gmail.com', '[]', 0, '2023-05-17 11:09:12', '2023-05-17 11:09:12', '2023-06-16 18:09:12'),
('1bf5648d2f82cf76aafe95d35d3624ce553bd359fd894abb691c2d0711f58280b974c69c19408c75', 35, '993028e6-58a9-44ec-a410-91595d6a3900', 'customer1@gmail.com', '[]', 0, '2023-05-22 00:41:34', '2023-05-22 00:41:34', '2023-06-21 07:41:34'),
('1fa910038065a8e4adb66a105ae935853ef302291ccdfd39a618f4ee11fb11d946859a517e7642aa', 28, '993028e6-58a9-44ec-a410-91595d6a3900', 'hungk19elqd@gmail.com', '[]', 0, '2023-05-22 04:22:47', '2023-05-22 04:22:47', '2023-06-21 11:22:47'),
('1ffa82542f19e4c06634605100e4bc4e66b478cc88f246c1d0263e607b69682e646da839d1fddc87', 25, '993028e6-58a9-44ec-a410-91595d6a3900', 'lehuyhaianh0808@gmail.com', '[]', 0, '2023-05-17 14:19:30', '2023-05-17 14:19:30', '2023-06-16 21:19:30'),
('227605c581e66890a480d203363535c24f782fb999fdb7bee44fb6db76ef9cc9b735994f0a4e8617', 1, '993028e6-58a9-44ec-a410-91595d6a3900', 'theanh090602@gmail.com', '[]', 0, '2023-05-22 02:09:13', '2023-05-22 02:09:13', '2023-06-21 09:09:13'),
('24a240a61cb6dec967675f6528197490f75a9e9efb9d44eee84f589373bd948b7b9e61d1705a13bb', 1, '993028e6-58a9-44ec-a410-91595d6a3900', 'theanh090602@gmail.com', '[]', 0, '2023-05-22 02:26:59', '2023-05-22 02:26:59', '2023-06-21 09:26:59'),
('273d11813adf506d5e63a45b8a3e177d6352b74641591f520fa8b36ac7e623da25d61575f5c4cde2', 28, '993028e6-58a9-44ec-a410-91595d6a3900', 'hungk19elqd@gmail.com', '[]', 0, '2023-05-28 09:46:59', '2023-05-28 09:46:59', '2023-06-27 16:46:59'),
('29d3f4f296bbd2c482e3d2b7ba51e1abd162813a4c0bbbd90dc59af02aaa2e9010f003b870387a00', 16, '993028e6-58a9-44ec-a410-91595d6a3900', 'hotel8@gmail.com', '[]', 0, '2023-05-17 11:20:55', '2023-05-17 11:20:55', '2023-06-16 18:20:55'),
('2bfda884fa60d86128e7e8101e4fff3f7378f2cf6cbe14d3a8d44e8b3235f1e4355f0b3c7b409e8c', 28, '993028e6-58a9-44ec-a410-91595d6a3900', 'hungk19elqd@gmail.com', '[]', 0, '2023-05-28 15:02:14', '2023-05-28 15:02:14', '2023-06-27 22:02:14'),
('2cd5f5287c14f4a6103c6d6313a312115d77d8d6c41cf1802b8a9598f52100d9c11fadd8467e5263', 17, '993028e6-58a9-44ec-a410-91595d6a3900', 'hotel9@gmail.com', '[]', 0, '2023-05-17 11:21:11', '2023-05-17 11:21:11', '2023-06-16 18:21:11'),
('2d9522cbe9413042e285a01b3a9a70e6fcfaab8bdcee74985a0296491c76652c75a2f18f8373975d', 25, '993028e6-58a9-44ec-a410-91595d6a3900', 'lehuyhaianh0808@gmail.com', '[]', 0, '2023-05-17 15:54:00', '2023-05-17 15:54:00', '2023-06-16 22:54:00'),
('2db1a35952de3334413168bb680c019d7246db300df5466226cc2899173a55d76f6bf5b5efbd6749', 1, '993028e6-58a9-44ec-a410-91595d6a3900', 'theanh090602@gmail.com', '[]', 0, '2023-05-22 02:13:15', '2023-05-22 02:13:15', '2023-06-21 09:13:15'),
('34f78584a64b21d87a3a28505ff6ff5bf5e197242db6297620786a0af7d024e438fb0c3c06313cb2', 23, '993028e6-58a9-44ec-a410-91595d6a3900', 'hotel15@gmail.com', '[]', 0, '2023-05-19 11:41:26', '2023-05-19 11:41:26', '2023-06-18 18:41:26'),
('356cfad00f794a095ad82de4fc39957cae035a958949b271f74e4e9bd29ff31ecba9b5ffd21ad401', 23, '993028e6-58a9-44ec-a410-91595d6a3900', 'hotel15@gmail.com', '[]', 0, '2023-05-17 11:22:58', '2023-05-17 11:22:58', '2023-06-16 18:22:58'),
('3911de7cdfc75153faffb6d0eb741e75ce7545ee7467fc0c32dd4305243f59da8c8a769861c82b2d', 25, '993028e6-58a9-44ec-a410-91595d6a3900', 'lehuyhaianh0808@gmail.com', '[]', 0, '2023-05-17 15:40:00', '2023-05-17 15:40:00', '2023-06-16 22:40:00'),
('3ce1f0218e15e1764cb2e48e4b46e0f47c7b9d8ccaece6ffb9224a4a17a474e6730b2f49a0c8817b', 23, '993028e6-58a9-44ec-a410-91595d6a3900', 'hotel15@gmail.com', '[]', 0, '2023-05-18 07:27:39', '2023-05-18 07:27:39', '2023-06-17 14:27:39'),
('3f4dc854418d6141742fa978098e958a37804d42ae06437fc76e0f74424249f4f26f99ee6cf17100', 25, '993028e6-58a9-44ec-a410-91595d6a3900', 'lehuyhaianh0808@gmail.com', '[]', 0, '2023-05-17 15:59:46', '2023-05-17 15:59:46', '2023-06-16 22:59:46'),
('3fd88ec87999017af04d58a607a5a90eb1f424a620cb145a6cd7ee28aba43ed068c413fbc42d6e7d', 1, '993028e6-58a9-44ec-a410-91595d6a3900', 'theanh090602@gmail.com', '[]', 0, '2023-05-17 11:02:03', '2023-05-17 11:02:03', '2023-06-16 18:02:03'),
('40be337c341903d1405a9675506736b26e0d5f51f9618bce213b6e650648067ef3835ef003bb6fcf', 37, '993028e6-58a9-44ec-a410-91595d6a3900', 'customer3@gmail.com', '[]', 0, '2023-05-22 02:31:07', '2023-05-22 02:31:07', '2023-06-21 09:31:07'),
('411530b39012cd4c54bc8a3089a13f9681493901993e8932fa062c6def473eb2320abb98c3691fc2', 1, '993028e6-58a9-44ec-a410-91595d6a3900', 'theanh090602@gmail.com', '[]', 0, '2023-05-20 11:54:28', '2023-05-20 11:54:29', '2023-06-19 18:54:28'),
('520224bb900cf338fb854e38e309ff3093c9254b0a98b8052a20b64eed6e5e4ade1138a01b2304ac', 1, '993028e6-58a9-44ec-a410-91595d6a3900', 'theanh090602@gmail.com', '[]', 0, '2023-05-18 17:22:14', '2023-05-18 17:22:14', '2023-06-18 00:22:14'),
('5226cb1973da38095579ca8770fbf0d17b72b4f615d53b9fdad8091cf548881d9c94de65483f2cc6', 9, '993028e6-58a9-44ec-a410-91595d6a3900', 'hotel1@gmail.com', '[]', 0, '2023-05-26 01:00:06', '2023-05-26 01:00:06', '2023-06-25 08:00:06'),
('52386dbbaeabda1ae7e3ae718aa12870d8398a5940560c859aa36837a5d26c7816956eba77ee3ba8', 28, '993028e6-58a9-44ec-a410-91595d6a3900', 'hungk19elqd@gmail.com', '[]', 0, '2023-05-28 09:52:20', '2023-05-28 09:52:20', '2023-06-27 16:52:20'),
('590123febc8a2588794d6103b532200779e24fd5a3b160c7c5675e0e4bc1e7acd4518adb3a762dbb', 1, '993028e6-58a9-44ec-a410-91595d6a3900', 'theanh090602@gmail.com', '[]', 0, '2023-05-18 07:35:08', '2023-05-18 07:35:08', '2023-06-17 14:35:08'),
('5b4548e6e4f14fa9d69b83eac2c3da26b8a5ebe5bd6cbdefcd431025f1c0403eeb4f8aecabcf59c5', 28, '993028e6-58a9-44ec-a410-91595d6a3900', 'hungk19elqd@gmail.com', '[]', 0, '2023-05-28 09:51:37', '2023-05-28 09:51:37', '2023-06-27 16:51:37'),
('5ba84884a79472c1425e847b67e32826a00ea638b0c61ccdeb32d8d31a2e5713f0e3451c6f39581a', 23, '993028e6-58a9-44ec-a410-91595d6a3900', 'hotel15@gmail.com', '[]', 0, '2023-05-20 08:47:13', '2023-05-20 08:47:13', '2023-06-19 15:47:13'),
('5c1066683dccc82fb761094101330b4f4bf28983f38c15a259c9bc09bf3e2b394d4cde55fa0be680', 25, '993028e6-58a9-44ec-a410-91595d6a3900', 'lehuyhaianh0808@gmail.com', '[]', 0, '2023-05-17 15:29:18', '2023-05-17 15:29:18', '2023-06-16 22:29:18'),
('5d4846d23877f687b7a03d1d385f57ef737c324eac71a586fa7c56a7d88c1a240a67465cbcf9f57c', 1, '993028e6-58a9-44ec-a410-91595d6a3900', 'theanh090602@gmail.com', '[]', 0, '2023-05-22 02:22:41', '2023-05-22 02:22:41', '2023-06-21 09:22:41'),
('5e5c99df37747e428ed80f1f82f173d61eea3dfd782c4dce348f1fd31b541de965661604b337173a', 25, '993028e6-58a9-44ec-a410-91595d6a3900', 'lehuyhaianh0808@gmail.com', '[]', 0, '2023-05-18 03:38:51', '2023-05-18 03:38:51', '2023-06-17 10:38:51'),
('5ebc3cb5a5a99792c2da163ca3ee8445b8b2380596853e79ed8448a85183f798a329b6f23700115f', 29, '993028e6-58a9-44ec-a410-91595d6a3900', 'lehuyhaianh9999@gmail.com', '[]', 0, '2023-05-28 12:09:04', '2023-05-28 12:09:04', '2023-06-27 19:09:04'),
('5ef52c40d871d2ca474bd542a8914fdd10e07bce30633a7d4b6088de512592704d4ac21c376a6397', 25, '993028e6-58a9-44ec-a410-91595d6a3900', 'lehuyhaianh0808@gmail.com', '[]', 0, '2023-05-17 16:07:25', '2023-05-17 16:07:25', '2023-06-16 23:07:25'),
('606396bc16eb8d1ac28c787543b6fd9bf0909ca9e8f2a359a078d47eadbdbfd55808d032355c745a', 24, '993028e6-58a9-44ec-a410-91595d6a3900', 'chien9pm@gmail.com', '[]', 0, '2023-05-17 12:11:02', '2023-05-17 12:11:02', '2023-06-16 19:11:02'),
('60912976fb71eac05c31d42927c33bb14500a124d42caf3ee00c926e677d062df0e4700ff0ae183a', 1, '993028e6-58a9-44ec-a410-91595d6a3900', 'theanh090602@gmail.com', '[]', 0, '2023-05-22 02:27:56', '2023-05-22 02:27:56', '2023-06-21 09:27:56'),
('639ff458030d62d5586ee64b0daec5ffaab8e70a11c0f4f780fd0a1b4da5e37acb6edd2d60fabe0f', 28, '993028e6-58a9-44ec-a410-91595d6a3900', 'hungk19elqd@gmail.com', '[]', 0, '2023-05-22 00:43:08', '2023-05-22 00:43:08', '2023-06-21 07:43:08'),
('6a50ac14ae405d858f212bcd48f082efb3b36ea7e082c1fb8fa4310d25f6270366997e294ad61de7', 37, '993028e6-58a9-44ec-a410-91595d6a3900', 'customer3@gmail.com', '[]', 0, '2023-05-25 05:55:40', '2023-05-25 05:55:40', '2023-06-24 12:55:40'),
('6df80daa292755812e4f240e01eae905662b1a88d72e77184a2898602ec7efefa508ede81712658a', 23, '993028e6-58a9-44ec-a410-91595d6a3900', 'hotel15@gmail.com', '[]', 0, '2023-05-20 14:06:59', '2023-05-20 14:06:59', '2023-06-19 21:06:59'),
('71e0ec0c10bed24f01b52582e93a52a442b4fd6d4e4aaf51b41aa86a5dd3779644446c8fd50b21ef', 9, '993028e6-58a9-44ec-a410-91595d6a3900', 'hotel1@gmail.com', '[]', 0, '2023-05-23 16:38:32', '2023-05-23 16:38:32', '2023-06-22 23:38:32'),
('746a64bb48e6e453dc317c2b1c9f40330bd1537e83ca7629373108fafbdf635be0f3d0e31abd0d89', 13, '993028e6-58a9-44ec-a410-91595d6a3900', 'hotel5@gmail.com', '[]', 0, '2023-05-17 11:20:10', '2023-05-17 11:20:10', '2023-06-16 18:20:10'),
('779eea49b7d4b1a57f322bd94f35728310909f74853102ad7366cd3ebeaaf5a3ab7a2b78316cec0d', 25, '993028e6-58a9-44ec-a410-91595d6a3900', 'lehuyhaianh0808@gmail.com', '[]', 0, '2023-05-17 14:22:36', '2023-05-17 14:22:36', '2023-06-16 21:22:36'),
('78dbb61e823c38f0e8b776d6d4859ff40682af94503d17557b96b905cf8a76eef16bb79d619b2cfe', 37, '993028e6-58a9-44ec-a410-91595d6a3900', 'customer3@gmail.com', '[]', 0, '2023-05-29 00:25:12', '2023-05-29 00:25:12', '2023-06-28 07:25:12'),
('7b0c056ae47893a96dbd00d9bfc11d2d1ce4981f8dcf43582668610ff7e5dcd4e8814a164df723b3', 15, '993028e6-58a9-44ec-a410-91595d6a3900', 'hotel7@gmail.com', '[]', 0, '2023-05-17 11:20:41', '2023-05-17 11:20:41', '2023-06-16 18:20:41'),
('7b94d902ab113b22e84f6e415550ff84a5fe0de7795e2fa12a6d263c5f36a9cbdb90f65600a45bc5', 25, '993028e6-58a9-44ec-a410-91595d6a3900', 'lehuyhaianh0808@gmail.com', '[]', 0, '2023-05-17 14:52:29', '2023-05-17 14:52:29', '2023-06-16 21:52:29'),
('7d0afcd54ecdc8763bc886a118779cb9d7251c292be6e59d5aadb174b0b3f8fb5081f4d972254d44', 1, '993028e6-58a9-44ec-a410-91595d6a3900', 'theanh090602@gmail.com', '[]', 0, '2023-05-28 11:42:44', '2023-05-28 11:42:45', '2023-06-27 18:42:44'),
('7d7e7ce74d3ee7dc75fec640011f6b9b99e9de2b208980b29c837cf75bbe3d7c81c59c44f0f1134c', 37, '993028e6-58a9-44ec-a410-91595d6a3900', 'customer3@gmail.com', '[]', 0, '2023-05-23 23:34:43', '2023-05-23 23:34:43', '2023-06-23 06:34:43'),
('820b8e1c9f5bd6b3f9ea1d0880cc32048bfa0cd67d2c59d7d639b10a21ee719a023f7a8d90f8b6ae', 19, '993028e6-58a9-44ec-a410-91595d6a3900', 'hotel11@gmail.com', '[]', 0, '2023-05-17 11:22:05', '2023-05-17 11:22:05', '2023-06-16 18:22:05'),
('83e9a4de84bc4e20cfe0a16760d9b3ce292122f8fbcc8bfe04712cb5348a6e8a3ee49733d6b5e140', 25, '993028e6-58a9-44ec-a410-91595d6a3900', 'lehuyhaianh0808@gmail.com', '[]', 0, '2023-05-22 02:31:49', '2023-05-22 02:31:49', '2023-06-21 09:31:49'),
('83fbbf98fba15f271a8b6fa5138e1676d0707dd655ebc11950fd92b3c52694768db83fd8d002d2dc', 18, '993028e6-58a9-44ec-a410-91595d6a3900', 'hotel10@gmail.com', '[]', 0, '2023-05-17 11:21:53', '2023-05-17 11:21:53', '2023-06-16 18:21:53'),
('88210cf76dc3c8ab07d3779a8032ce2b08fbe3645bd0680ef95ffce28a95ce5b0eb2b98299641f19', 1, '993028e6-58a9-44ec-a410-91595d6a3900', 'theanh090602@gmail.com', '[]', 0, '2023-05-22 04:22:52', '2023-05-22 04:22:52', '2023-06-21 11:22:52'),
('883c1db014cec929cac016f0c1addc79f42276c484d1e91bff7e7cb369c9e738d06cad2839bd58f3', 25, '993028e6-58a9-44ec-a410-91595d6a3900', 'lehuyhaianh0808@gmail.com', '[]', 0, '2023-05-17 16:13:40', '2023-05-17 16:13:40', '2023-06-16 23:13:40'),
('89c7ea2a1031165f4c0454c9a819e8a6da651f385173645749d6b96a02652836beff65febc490a5f', 24, '993028e6-58a9-44ec-a410-91595d6a3900', 'chien9pm@gmail.com', '[]', 0, '2023-05-20 12:02:31', '2023-05-20 12:02:31', '2023-06-19 19:02:31'),
('8af693f4cf55d320a287986a8be26db47e9b845362193e17b01a14f38f39424324d177014a35f041', 21, '993028e6-58a9-44ec-a410-91595d6a3900', 'hotel13@gmail.com', '[]', 0, '2023-05-17 11:22:35', '2023-05-17 11:22:35', '2023-06-16 18:22:35'),
('8c4385fbfb611ed6f202fd5b1002c719e7bcdf12afc2d6141f7aab20934721342a0cc1b39d9f4cd7', 25, '993028e6-58a9-44ec-a410-91595d6a3900', 'lehuyhaianh0808@gmail.com', '[]', 0, '2023-05-17 16:17:21', '2023-05-17 16:17:21', '2023-06-16 23:17:21'),
('8fa652ee987b1a0a10f3c01f987367508e9a54af9e0b1494b6ceffa9d507fa2926d543f643dbb9c5', 25, '993028e6-58a9-44ec-a410-91595d6a3900', 'lehuyhaianh0808@gmail.com', '[]', 0, '2023-05-17 14:59:19', '2023-05-17 14:59:20', '2023-06-16 21:59:19'),
('8ff367b62c2bffad753c1ff087f4add48d75d2a556f8ecd4724523d3f4076680e68543e5bf001443', 1, '993028e6-58a9-44ec-a410-91595d6a3900', 'theanh090602@gmail.com', '[]', 0, '2023-05-20 07:55:08', '2023-05-20 07:55:08', '2023-06-19 14:55:08'),
('94b053cdc94abe43c01135051c93fe1f29e0b2662a97368305e35b55219d3d9a9e934968861c3437', 25, '993028e6-58a9-44ec-a410-91595d6a3900', 'lehuyhaianh0808@gmail.com', '[]', 0, '2023-05-22 02:28:23', '2023-05-22 02:28:23', '2023-06-21 09:28:23'),
('95a5d498b5eaba414258c259bad06b1e4e2afedc8fdad37e0c7feae3bdd063497f276343e9cbd6fc', 28, '993028e6-58a9-44ec-a410-91595d6a3900', 'hungk19elqd@gmail.com', '[]', 0, '2023-05-30 03:02:26', '2023-05-30 03:02:26', '2023-06-29 10:02:26'),
('982b1fc0b3218313ed660a0aa3d3e1e5a9d457527e52b473dbe7f673680c5f706d4481217b0cef90', 1, '993028e6-58a9-44ec-a410-91595d6a3900', 'theanh090602@gmail.com', '[]', 0, '2023-05-22 02:09:49', '2023-05-22 02:09:50', '2023-06-21 09:09:49'),
('9f63136ce82946576337902784944003b6457a0b58ffa1d9fa56b5120c2ec72c77da05b951089924', 14, '993028e6-58a9-44ec-a410-91595d6a3900', 'hotel6@gmail.com', '[]', 0, '2023-05-17 11:20:29', '2023-05-17 11:20:29', '2023-06-16 18:20:29'),
('a03cb73622657938b861e849952c140822a2cb1973b2453c8b45e81e1fda29e1687a4e0dd461310c', 37, '993028e6-58a9-44ec-a410-91595d6a3900', 'customer3@gmail.com', '[]', 0, '2023-05-22 00:42:07', '2023-05-22 00:42:07', '2023-06-21 07:42:07'),
('a5d76a8d93d6e0bb1c14efdcf57ee412c5b00ccb596994b952b34df087aa9540df37e3bb702b6f82', 25, '993028e6-58a9-44ec-a410-91595d6a3900', 'lehuyhaianh0808@gmail.com', '[]', 0, '2023-05-17 14:53:16', '2023-05-17 14:53:16', '2023-06-16 21:53:16'),
('a7172d36c47f47102e603940f9d57f997720cf044674a7ebe1b156c7b307b721300697b071d1f5ce', 1, '993028e6-58a9-44ec-a410-91595d6a3900', 'theanh090602@gmail.com', '[]', 0, '2023-05-20 04:52:36', '2023-05-20 04:52:36', '2023-06-19 11:52:36'),
('a7c0c88676c3f65235630a6d59ed94d6a23dca8e3a9e92e6533c18b58d923446b83e89ddc6bc4a8d', 25, '993028e6-58a9-44ec-a410-91595d6a3900', 'lehuyhaianh0808@gmail.com', '[]', 0, '2023-05-17 15:08:12', '2023-05-17 15:08:12', '2023-06-16 22:08:12'),
('a8a41e03a5b4444e8b2aec022d54c0942344406db7d97db001d6238e2cd6e9d6fa764d50e99e1032', 36, '993028e6-58a9-44ec-a410-91595d6a3900', 'customer2@gmail.com', '[]', 0, '2023-05-22 00:41:52', '2023-05-22 00:41:52', '2023-06-21 07:41:52'),
('a8f632055e054b94f381f54ed93ba7008b9d8674edf5e0ee135ee532b5b5f2aec78efc5ab8eb7ddf', 37, '993028e6-58a9-44ec-a410-91595d6a3900', 'customer3@gmail.com', '[]', 0, '2023-05-25 01:44:37', '2023-05-25 01:44:37', '2023-06-24 08:44:37'),
('ab00ed6a38e37df3797e85331c5cd54cbc06e32650ddd9feb27cb868051454309a42229f2c4bf0b6', 9, '993028e6-58a9-44ec-a410-91595d6a3900', 'hotel1@gmail.com', '[]', 0, '2023-05-26 01:37:48', '2023-05-26 01:37:48', '2023-06-25 08:37:48'),
('ab1d7c67d0ab556915a1f2eecb07c6c6b54694e9908aaa0814c575031a50838e727f2b6879d31aa2', 25, '993028e6-58a9-44ec-a410-91595d6a3900', 'lehuyhaianh0808@gmail.com', '[]', 0, '2023-05-22 02:32:31', '2023-05-22 02:32:31', '2023-06-21 09:32:31'),
('adc37d3e545f033397cdc0d5f1e3e37518a79e2d793049f454e185fd38dcbc0406448e0a1f946ab1', 10, '993028e6-58a9-44ec-a410-91595d6a3900', 'hotel2@gmail.com', '[]', 0, '2023-05-17 11:13:53', '2023-05-17 11:13:53', '2023-06-16 18:13:53'),
('add1b9e786dfc2a0622e9567dcb7bfd1dd47ca1e91594bf804f8723223e6121c7f8e8729383f0c39', 23, '993028e6-58a9-44ec-a410-91595d6a3900', 'hotel15@gmail.com', '[]', 0, '2023-05-18 00:04:12', '2023-05-18 00:04:12', '2023-06-17 07:04:12'),
('afa911b3c003b8415102e253138a9df2157d89b4d538bf25e296f7a7fc074a98c570616f1814588f', 23, '993028e6-58a9-44ec-a410-91595d6a3900', 'hotel15@gmail.com', '[]', 0, '2023-05-18 02:32:30', '2023-05-18 02:32:30', '2023-06-17 09:32:30'),
('b013cddefc39268caaa773c5796c657eca82a6f27c308c948e91efd58ee22eed25efa097ca0cc4bb', 1, '993028e6-69e4-43bf-aff2-5525f0a04403', NULL, '[\"*\"]', 0, '2023-05-17 11:01:58', '2023-05-17 11:01:58', '2024-05-17 18:01:58'),
('b45350136a6b09ee475246c398184032c279653c832aacec7f5a08438b960bcdce8ee5bcff065179', 23, '993028e6-58a9-44ec-a410-91595d6a3900', 'hotel15@gmail.com', '[]', 0, '2023-05-17 11:13:10', '2023-05-17 11:13:10', '2023-06-16 18:13:10'),
('b5f24ef66e737fd6c52ef1c71bde4a06879d736100439a406398e5f9ef419d58bafb3a472d134164', 1, '993028e6-58a9-44ec-a410-91595d6a3900', 'theanh090602@gmail.com', '[]', 0, '2023-05-22 02:23:35', '2023-05-22 02:23:35', '2023-06-21 09:23:35'),
('b8d99299f665b914498b0b1a2ec29f68c1f9c64a497d7f0b21c8e1a3c2d4fd9bad00c017b9a09620', 1, '993028e6-58a9-44ec-a410-91595d6a3900', 'theanh090602@gmail.com', '[]', 0, '2023-05-20 10:36:10', '2023-05-20 10:36:10', '2023-06-19 17:36:10'),
('ba3bdbceaa553d1c7a1f0a427b2e52383f24e184d2789457e12a996a171cf9f53d35246f6f27a95d', 1, '993028e6-58a9-44ec-a410-91595d6a3900', 'theanh090602@gmail.com', '[]', 0, '2023-05-17 11:06:46', '2023-05-17 11:06:46', '2023-06-16 18:06:46'),
('bb1bea947d28e48f097e201c6f2ad60959384ecfdeec91fd989c34342a55ea8838faa5147743c734', 37, '993028e6-58a9-44ec-a410-91595d6a3900', 'customer3@gmail.com', '[]', 0, '2023-05-28 12:51:37', '2023-05-28 12:51:37', '2023-06-27 19:51:37'),
('bfa9271209c7664a4165de95741a6186922ed92b47824eeca8f43595fda94346a41798ceb2640d19', 37, '993028e6-58a9-44ec-a410-91595d6a3900', 'customer3@gmail.com', '[]', 0, '2023-05-22 00:42:19', '2023-05-22 00:42:19', '2023-06-21 07:42:19'),
('c27b046d69d91c34f55c5bb5b1b668b8e44be091a381a002f924d30b5f428258765676ec58bf58fc', 9, '993028e6-58a9-44ec-a410-91595d6a3900', 'hotel1@gmail.com', '[]', 0, '2023-05-17 11:13:28', '2023-05-17 11:13:29', '2023-06-16 18:13:28'),
('c27b17cde2f564e542a304c0c32b46e01cd69f4eaf845d5382ebdd19bbff17f596c03ee47acab888', 25, '993028e6-58a9-44ec-a410-91595d6a3900', 'lehuyhaianh0808@gmail.com', '[]', 0, '2023-05-17 15:35:44', '2023-05-17 15:35:44', '2023-06-16 22:35:44'),
('c2f821fd599ef834dbf2ab59eb2280143107910981696a06371a0505a74cb14d46aaca971cf7b297', 25, '993028e6-58a9-44ec-a410-91595d6a3900', 'lehuyhaianh0808@gmail.com', '[]', 0, '2023-05-17 15:38:02', '2023-05-17 15:38:02', '2023-06-16 22:38:02'),
('c72b38c7f384fad166697e91f1f758a05e95e6385b41849c54d69b3c11561eaf3e1bef5348c61ab6', 37, '993028e6-58a9-44ec-a410-91595d6a3900', 'customer3@gmail.com', '[]', 0, '2023-05-25 09:39:25', '2023-05-25 09:39:25', '2023-06-24 16:39:25'),
('c774905ed132befdb904c6a11b62276cb22ad08abeed567d5438f9bf0929134328fe67ca8df4a179', 1, '993028e6-58a9-44ec-a410-91595d6a3900', 'theanh090602@gmail.com', '[]', 0, '2023-05-20 09:01:06', '2023-05-20 09:01:06', '2023-06-19 16:01:06'),
('cb11effd8ec26cd9cddca265cf333b7b1015bdc56e6e06ba9dc400a0c0438c6ff323e5b4d9aa19bd', 25, '993028e6-58a9-44ec-a410-91595d6a3900', 'lehuyhaianh0808@gmail.com', '[]', 0, '2023-05-17 14:39:51', '2023-05-17 14:39:51', '2023-06-16 21:39:51'),
('cbc6a47d5e3f8d36f419cf797e4528f78c74a4a6bba988ad468188d6045703b55381b03cd17d04ee', 11, '993028e6-58a9-44ec-a410-91595d6a3900', 'hotel3@gmail.com', '[]', 0, '2023-05-17 11:19:33', '2023-05-17 11:19:33', '2023-06-16 18:19:33'),
('ccd35c032ce5ec0793f65bbfe4ff38827d91f22e0d6410f6205e171d342eb3bfee663943141b8c21', 10, '993028e6-58a9-44ec-a410-91595d6a3900', 'hotel2@gmail.com', '[]', 0, '2023-05-24 07:11:10', '2023-05-24 07:11:10', '2023-06-23 14:11:10'),
('cf417ba6430f979efa12273b0b7747ce29c5af6caf85f5a49596473092ffbe86795d083b2a961446', 1, '993028e6-58a9-44ec-a410-91595d6a3900', 'theanh090602@gmail.com', '[]', 0, '2023-05-20 04:56:02', '2023-05-20 04:56:02', '2023-06-19 11:56:02'),
('d2b3214b7265b069ebd787ad36515d6ab4eac3cf988263d7668dea9dec0f9083330e2b6e215897ec', 29, '993028e6-58a9-44ec-a410-91595d6a3900', 'lehuyhaianh9999@gmail.com', '[]', 0, '2023-05-17 17:15:58', '2023-05-17 17:15:58', '2023-06-17 00:15:58'),
('d5c8ca29c94dd1f3fa3965e36063906fb0768901c3cd52f3965ae883ed50ef2231cb318be6df181d', 12, '993028e6-58a9-44ec-a410-91595d6a3900', 'hotel4@gmail.com', '[]', 0, '2023-05-17 11:19:56', '2023-05-17 11:19:56', '2023-06-16 18:19:56'),
('d8cfe5efcf119253f023e7b4ad0fe1a88616af5c7c7000b0f63142b235babbb1daa4c62aea3f7ea3', 29, '993028e6-58a9-44ec-a410-91595d6a3900', 'lehuyhaianh9999@gmail.com', '[]', 0, '2023-05-28 13:29:03', '2023-05-28 13:29:03', '2023-06-27 20:29:03'),
('ddd7ce435ea5e219ead87dbc7a9c26c036cf3c79804bf4535a46f3a6b85b9002634e82648fa849cc', 25, '993028e6-58a9-44ec-a410-91595d6a3900', 'lehuyhaianh0808@gmail.com', '[]', 0, '2023-05-17 16:13:13', '2023-05-17 16:13:13', '2023-06-16 23:13:13'),
('e0ac78fc030f801ac571e0946ba01c9dd72b81b36e0e95648124dff1117417268efdbea4de06fb92', 25, '993028e6-58a9-44ec-a410-91595d6a3900', 'lehuyhaianh0808@gmail.com', '[]', 0, '2023-05-17 15:59:16', '2023-05-17 15:59:16', '2023-06-16 22:59:16'),
('e131445b8ac419e85fdfaa0ae337502b288aa361287877247407e38c4fa925df1f203577a0eabc93', 1, '993028e6-58a9-44ec-a410-91595d6a3900', 'theanh090602@gmail.com', '[]', 0, '2023-05-22 02:48:37', '2023-05-22 02:48:38', '2023-06-21 09:48:37'),
('e351421451aa81595bfaaf6878245f8dcbe33155c3a912e075f0a1762f4a79062c7c8335d9bdfc49', 1, '993028e6-58a9-44ec-a410-91595d6a3900', 'theanh090602@gmail.com', '[]', 0, '2023-05-19 01:52:31', '2023-05-19 01:52:31', '2023-06-18 08:52:31'),
('e5221175e5f2cf4465446b640c19c9dc6cf1e13c35579fc49392bf824a96ee77db77e902744581ef', 1, '993028e6-58a9-44ec-a410-91595d6a3900', 'theanh090602@gmail.com', '[]', 0, '2023-05-18 17:18:23', '2023-05-18 17:18:23', '2023-06-18 00:18:23'),
('e7d6f3f1b7391cb04f092fba5295611103bb7e619b6696118372e50308d96caf94869d089feb27d9', 25, '993028e6-58a9-44ec-a410-91595d6a3900', 'lehuyhaianh0808@gmail.com', '[]', 0, '2023-05-17 14:32:45', '2023-05-17 14:32:45', '2023-06-16 21:32:45'),
('e99c2a9eba99af91ee34bbda1d8a7dfb585d4b95564ca71ef9df28eb280b039a906da9dcd68a9588', 25, '993028e6-58a9-44ec-a410-91595d6a3900', 'lehuyhaianh0808@gmail.com', '[]', 0, '2023-05-17 15:05:37', '2023-05-17 15:05:37', '2023-06-16 22:05:37'),
('eb0092f8033227f9fab058341a195c789eea5194a841273342b08184c643e82579d6416bb713f407', 25, '993028e6-58a9-44ec-a410-91595d6a3900', 'lehuyhaianh0808@gmail.com', '[]', 0, '2023-05-17 15:24:00', '2023-05-17 15:24:00', '2023-06-16 22:24:00'),
('eb01a963e452fdb66cee31b024bdb854e2891ad48ed1ae45dd9a349fc16fd801575c1608bb12a9b7', 1, '993028e6-58a9-44ec-a410-91595d6a3900', 'theanh090602@gmail.com', '[]', 0, '2023-05-18 07:53:58', '2023-05-18 07:53:58', '2023-06-17 14:53:58'),
('f32b7aa6059713da8a7fd42def9ecec1fb69f77c4b4d5da366b58345e387299b7490ef39b56702bb', 22, '993028e6-58a9-44ec-a410-91595d6a3900', 'hotel14@gmail.com', '[]', 0, '2023-05-17 11:22:46', '2023-05-17 11:22:47', '2023-06-16 18:22:46'),
('f384ec157484f58ac9b50a1a932371dc99d8091c52e3f72f86563a30aed1ffc8f479948296e50f97', 1, '993028e6-58a9-44ec-a410-91595d6a3900', 'theanh090602@gmail.com', '[]', 0, '2023-05-18 15:18:37', '2023-05-18 15:18:37', '2023-06-17 22:18:37'),
('f3c0781aa1703f9f7931bcc7774a665447ebb7d757be2b22aa7583b912436fbc0ae4c33b04443a9a', 25, '993028e6-58a9-44ec-a410-91595d6a3900', 'lehuyhaianh0808@gmail.com', '[]', 0, '2023-05-17 14:25:57', '2023-05-17 14:25:57', '2023-06-16 21:25:57'),
('f6c454f7a37f9d9eb910153f89d807c4bea639bfa93f13dc054fcad98496e5e90e446e047c8d6d96', 25, '993028e6-58a9-44ec-a410-91595d6a3900', 'lehuyhaianh0808@gmail.com', '[]', 0, '2023-05-17 15:50:31', '2023-05-17 15:50:31', '2023-06-16 22:50:31');

-- --------------------------------------------------------

--
-- Cấu trúc bảng cho bảng `oauth_auth_codes`
--

CREATE TABLE `oauth_auth_codes` (
  `id` varchar(100) NOT NULL,
  `user_id` bigint(20) UNSIGNED NOT NULL,
  `client_id` char(36) NOT NULL,
  `scopes` text DEFAULT NULL,
  `revoked` tinyint(1) NOT NULL,
  `expires_at` datetime DEFAULT NULL
) ENGINE=InnoDB DEFAULT CHARSET=utf8mb4 COLLATE=utf8mb4_unicode_ci;

-- --------------------------------------------------------

--
-- Cấu trúc bảng cho bảng `oauth_clients`
--

CREATE TABLE `oauth_clients` (
  `id` char(36) NOT NULL,
  `user_id` bigint(20) UNSIGNED DEFAULT NULL,
  `name` varchar(255) NOT NULL,
  `secret` varchar(100) DEFAULT NULL,
  `provider` varchar(255) DEFAULT NULL,
  `redirect` text NOT NULL,
  `personal_access_client` tinyint(1) NOT NULL,
  `password_client` tinyint(1) NOT NULL,
  `revoked` tinyint(1) NOT NULL,
  `created_at` timestamp NULL DEFAULT NULL,
  `updated_at` timestamp NULL DEFAULT NULL
) ENGINE=InnoDB DEFAULT CHARSET=utf8mb4 COLLATE=utf8mb4_unicode_ci;

--
-- Đang đổ dữ liệu cho bảng `oauth_clients`
--

INSERT INTO `oauth_clients` (`id`, `user_id`, `name`, `secret`, `provider`, `redirect`, `personal_access_client`, `password_client`, `revoked`, `created_at`, `updated_at`) VALUES
('993028e6-58a9-44ec-a410-91595d6a3900', NULL, 'TravelApp Personal Access Client', 'ijVKc1bC6f1qXqnNvAsnefk9joJpcpJSBf7DsNu5', NULL, 'http://localhost', 1, 0, 0, '2023-05-17 11:00:36', '2023-05-17 11:00:36'),
('993028e6-69e4-43bf-aff2-5525f0a04403', NULL, 'TravelApp Password Grant Client', 'WdRpTi2hjUW0maDs9DOvwFlzH62Q2pslvtktYqng', 'users', 'http://localhost', 0, 1, 0, '2023-05-17 11:00:36', '2023-05-17 11:00:36');

-- --------------------------------------------------------

--
-- Cấu trúc bảng cho bảng `oauth_personal_access_clients`
--

CREATE TABLE `oauth_personal_access_clients` (
  `id` bigint(20) UNSIGNED NOT NULL,
  `client_id` char(36) NOT NULL,
  `created_at` timestamp NULL DEFAULT NULL,
  `updated_at` timestamp NULL DEFAULT NULL
) ENGINE=InnoDB DEFAULT CHARSET=utf8mb4 COLLATE=utf8mb4_unicode_ci;

--
-- Đang đổ dữ liệu cho bảng `oauth_personal_access_clients`
--

INSERT INTO `oauth_personal_access_clients` (`id`, `client_id`, `created_at`, `updated_at`) VALUES
(1, '993028e6-58a9-44ec-a410-91595d6a3900', '2023-05-17 11:00:36', '2023-05-17 11:00:36');

-- --------------------------------------------------------

--
-- Cấu trúc bảng cho bảng `oauth_refresh_tokens`
--

CREATE TABLE `oauth_refresh_tokens` (
  `id` varchar(100) NOT NULL,
  `access_token_id` varchar(100) NOT NULL,
  `revoked` tinyint(1) NOT NULL,
  `expires_at` datetime DEFAULT NULL
) ENGINE=InnoDB DEFAULT CHARSET=utf8mb4 COLLATE=utf8mb4_unicode_ci;

--
-- Đang đổ dữ liệu cho bảng `oauth_refresh_tokens`
--

INSERT INTO `oauth_refresh_tokens` (`id`, `access_token_id`, `revoked`, `expires_at`) VALUES
('007e0bb3aff8b3d888736393358d0229fcfe46da3d759bcd00c29990d04ff06136703a17b7e07dee', 'b013cddefc39268caaa773c5796c657eca82a6f27c308c948e91efd58ee22eed25efa097ca0cc4bb', 0, '2024-05-17 18:01:58');

-- --------------------------------------------------------

--
-- Cấu trúc bảng cho bảng `orders`
--

CREATE TABLE `orders` (
  `id` bigint(20) UNSIGNED NOT NULL,
  `customer_name` varchar(255) NOT NULL,
  `email_contact` varchar(255) NOT NULL,
  `phone_number_contact` int(11) NOT NULL,
  `customer_note` varchar(255) DEFAULT NULL,
  `total_price` double NOT NULL,
  `amount_of_people` int(11) NOT NULL,
  `time_order` timestamp NOT NULL DEFAULT current_timestamp() ON UPDATE current_timestamp(),
  `room_quantity` int(11) DEFAULT NULL,
  `check_in_date` timestamp NULL DEFAULT NULL,
  `check_out_date` timestamp NULL DEFAULT NULL,
  `order_status_id` bigint(20) UNSIGNED NOT NULL,
  `user_id` bigint(20) UNSIGNED NOT NULL,
  `type_room_id` bigint(20) UNSIGNED DEFAULT NULL,
  `hotel_id` bigint(20) UNSIGNED DEFAULT NULL,
  `created_at` timestamp NULL DEFAULT NULL,
  `updated_at` timestamp NULL DEFAULT NULL,
  `payment_id` varchar(255) DEFAULT NULL
) ENGINE=InnoDB DEFAULT CHARSET=utf8mb4 COLLATE=utf8mb4_unicode_ci;

--
-- Đang đổ dữ liệu cho bảng `orders`
--

INSERT INTO `orders` (`id`, `customer_name`, `email_contact`, `phone_number_contact`, `customer_note`, `total_price`, `amount_of_people`, `time_order`, `room_quantity`, `check_in_date`, `check_out_date`, `order_status_id`, `user_id`, `type_room_id`, `hotel_id`, `created_at`, `updated_at`, `payment_id`) VALUES
(1, 'theanhtr', '123@agmail.com', 123, NULL, 150, 4, '2023-05-22 00:54:45', 1, '2023-05-22 17:00:00', '2023-05-22 17:00:00', 4, 35, 39, 12, '2023-05-22 00:49:35', '2023-05-22 00:54:45', NULL),
(2, 'theanhtr', '123@agmail.com', 123, NULL, 55, 4, '2023-05-22 00:55:04', 1, '2023-05-22 17:00:00', '2023-05-22 17:00:00', 4, 35, 42, 13, '2023-05-22 00:49:47', '2023-05-22 00:55:04', NULL),
(3, 'ha quang hung', 'hung@agmail.com', 912393913, NULL, 160, 4, '2023-05-22 00:56:10', 2, '2023-05-22 17:00:00', '2023-05-22 17:00:00', 4, 36, 38, 12, '2023-05-22 00:50:44', '2023-05-22 00:56:10', NULL),
(4, 'ha quang hung', 'hung@agmail.com', 912393913, NULL, 180, 4, '2023-05-22 00:56:27', 2, '2023-05-22 17:00:00', '2023-05-22 17:00:00', 4, 36, 44, 13, '2023-05-22 00:50:54', '2023-05-22 00:56:27', NULL),
(5, 'Hung', 'hungk19elqd@gmail.com', 988897535, NULL, 80, 1, '2023-05-22 00:59:12', 1, '2023-05-22 01:13:00', '2023-05-23 16:59:00', 2, 28, 38, 12, '2023-05-22 00:58:26', '2023-05-22 00:59:12', NULL),
(6, 'Hưng', 'hungk19elqd@gmail.com', 977529350, NULL, 300, 1, '2023-05-22 15:19:23', 1, '2023-05-22 15:33:00', '2023-05-22 16:59:00', 2, 28, 21, 6, '2023-05-22 15:19:05', '2023-05-22 15:19:23', NULL),
(7, 'Hưng', 'hungk19elqd@gmail.com', 977529350, NULL, 600, 2, '2023-05-22 15:20:49', 2, '2023-05-22 15:35:00', '2023-05-23 16:59:00', 2, 28, 21, 6, '2023-05-22 15:20:34', '2023-05-22 15:20:49', NULL),
(8, 'Hà Quang', 'hunguet2701@gmail.com', 977529350, NULL, 80, 1, '2023-05-23 16:41:00', 1, '2023-05-23 16:55:00', '2023-05-23 16:59:00', 2, 39, 38, 12, '2023-05-23 16:40:32', '2023-05-23 16:41:00', NULL),
(9, 'Hưng', 'hungk19elqd@gmail.com', 977529350, NULL, 200, 1, '2023-05-28 11:44:49', 1, '2023-05-28 11:59:00', '2023-05-28 16:59:00', 2, 28, 45, 14, '2023-05-28 11:44:29', '2023-05-28 11:44:49', NULL);

-- --------------------------------------------------------

--
-- Cấu trúc bảng cho bảng `order_statuses`
--

CREATE TABLE `order_statuses` (
  `id` bigint(20) UNSIGNED NOT NULL,
  `name` varchar(255) NOT NULL
) ENGINE=InnoDB DEFAULT CHARSET=utf8mb4 COLLATE=utf8mb4_unicode_ci;

--
-- Đang đổ dữ liệu cho bảng `order_statuses`
--

INSERT INTO `order_statuses` (`id`, `name`) VALUES
(1, 'Unpaid'),
(2, 'Paid'),
(3, 'Processing'),
(4, 'Completed'),
(5, 'Cancelled'),
(6, 'Pending'),
(7, 'Converted'),
(8, 'Awaiting Feedback'),
(9, 'Under Development'),
(10, 'Error');

-- --------------------------------------------------------

--
-- Cấu trúc bảng cho bảng `password_reset_tokens`
--

CREATE TABLE `password_reset_tokens` (
  `email` varchar(255) NOT NULL,
  `token` varchar(255) NOT NULL,
  `created_at` timestamp NULL DEFAULT NULL,
  `next_email_at` timestamp NULL DEFAULT NULL,
  `token_expire_at` timestamp NULL DEFAULT NULL
) ENGINE=InnoDB DEFAULT CHARSET=utf8mb4 COLLATE=utf8mb4_unicode_ci;

-- --------------------------------------------------------

--
-- Cấu trúc bảng cho bảng `payment_accounts`
--

CREATE TABLE `payment_accounts` (
  `id` bigint(20) UNSIGNED NOT NULL,
  `user_id` bigint(20) UNSIGNED NOT NULL,
  `account_name` varchar(255) NOT NULL,
  `card_number` varchar(255) NOT NULL,
  `exp_date` varchar(255) NOT NULL,
  `cvv` varchar(255) NOT NULL,
  `country` varchar(255) NOT NULL,
  `created_at` timestamp NULL DEFAULT NULL,
  `updated_at` timestamp NULL DEFAULT NULL
) ENGINE=InnoDB DEFAULT CHARSET=utf8mb4 COLLATE=utf8mb4_unicode_ci;

-- --------------------------------------------------------

--
-- Cấu trúc bảng cho bảng `personal_access_tokens`
--

CREATE TABLE `personal_access_tokens` (
  `id` bigint(20) UNSIGNED NOT NULL,
  `tokenable_type` varchar(255) NOT NULL,
  `tokenable_id` bigint(20) UNSIGNED NOT NULL,
  `name` varchar(255) NOT NULL,
  `token` varchar(64) NOT NULL,
  `abilities` text DEFAULT NULL,
  `last_used_at` timestamp NULL DEFAULT NULL,
  `expires_at` timestamp NULL DEFAULT NULL,
  `created_at` timestamp NULL DEFAULT NULL,
  `updated_at` timestamp NULL DEFAULT NULL
) ENGINE=InnoDB DEFAULT CHARSET=utf8mb4 COLLATE=utf8mb4_unicode_ci;

-- --------------------------------------------------------

--
-- Cấu trúc bảng cho bảng `popular_destinations`
--

CREATE TABLE `popular_destinations` (
  `id` bigint(20) UNSIGNED NOT NULL,
  `province_id` bigint(20) UNSIGNED NOT NULL,
  `image_path` varchar(255) NOT NULL,
  `created_at` timestamp NULL DEFAULT NULL,
  `updated_at` timestamp NULL DEFAULT NULL,
  `district_id` bigint(20) UNSIGNED DEFAULT NULL,
  `popular_destination_name` varchar(255) NOT NULL
) ENGINE=InnoDB DEFAULT CHARSET=utf8mb4 COLLATE=utf8mb4_unicode_ci;

--
-- Đang đổ dữ liệu cho bảng `popular_destinations`
--

INSERT INTO `popular_destinations` (`id`, `province_id`, `image_path`, `created_at`, `updated_at`, `district_id`, `popular_destination_name`) VALUES
(1, 40, 'cua_lo.jpg', '2023-05-17 10:40:40', '2023-05-17 10:40:40', 413, 'Cửa Lò'),
(2, 68, 'da_lat.webp', '2023-05-17 10:40:40', '2023-05-17 10:40:40', 672, 'Đà Lạt'),
(3, 48, 'da_nang.webp', '2023-05-17 10:40:40', '2023-05-17 10:40:40', NULL, 'Đà Nẵng'),
(4, 2, 'ha_giang.jpg', '2023-05-17 10:40:40', '2023-05-17 10:40:40', NULL, 'Hà Giang'),
(5, 22, 'ha_long.webp', '2023-05-17 10:40:40', '2023-05-17 10:40:40', 193, 'Hạ Long'),
(6, 1, 'ha_noi.webp', '2023-05-17 10:40:40', '2023-05-17 10:40:40', NULL, 'Hà Nội'),
(7, 79, 'ho_chi_minh.webp', '2023-05-17 10:40:40', '2023-05-17 10:40:40', NULL, 'TP Hồ Chí Minh'),
(8, 49, 'hoi_an.webp', '2023-05-17 10:40:40', '2023-05-17 10:40:40', 503, 'Hội An'),
(9, 46, 'hue.webp', '2023-05-17 10:40:40', '2023-05-17 10:40:40', NULL, 'Thừa Thiên Huế'),
(10, 14, 'moc_chau.jpg', '2023-05-17 10:40:40', '2023-05-17 10:40:40', 123, 'Mộc Châu'),
(11, 56, 'nha_trang.webp', '2023-05-17 10:40:40', '2023-05-17 10:40:40', 568, 'Nha Trang'),
(12, 60, 'phan_thiet.webp', '2023-05-17 10:40:40', '2023-05-17 10:40:40', 593, 'Phan Thiết'),
(13, 44, 'phong_nha_ke_bang.jpg', '2023-05-17 10:40:40', '2023-05-17 10:40:40', 455, 'Phong Nha Kẻ Bàng'),
(14, 91, 'phu_quoc.webp', '2023-05-17 10:40:40', '2023-05-17 10:40:40', 911, 'Phú Quốc'),
(15, 52, 'quy_nhon.webp', '2023-05-17 10:40:40', '2023-05-17 10:40:40', 540, 'Quy Nhơn'),
(16, 38, 'sam_son.jpg', '2023-05-17 10:40:40', '2023-05-17 10:40:40', 382, 'Sầm Sơn'),
(17, 10, 'sapa.jpg', '2023-05-17 10:40:40', '2023-05-17 10:40:40', 88, 'Sa Pa'),
(18, 37, 'trang_an.jpeg', '2023-05-17 10:40:40', '2023-05-17 10:40:40', NULL, 'Tràng An'),
(19, 77, 'vung_tau.webp', '2023-05-17 10:40:40', '2023-05-17 10:40:40', 747, 'Vũng Tàu');

-- --------------------------------------------------------

--
-- Cấu trúc bảng cho bảng `provinces`
--

CREATE TABLE `provinces` (
  `id` bigint(20) UNSIGNED NOT NULL,
  `name` varchar(255) NOT NULL
) ENGINE=InnoDB DEFAULT CHARSET=utf8mb4 COLLATE=utf8mb4_unicode_ci;

--
-- Đang đổ dữ liệu cho bảng `provinces`
--

INSERT INTO `provinces` (`id`, `name`) VALUES
(1, 'Hà Nội'),
(2, 'Hà Giang'),
(4, 'Cao Bằng'),
(6, 'Bắc Kạn'),
(8, 'Tuyên Quang'),
(10, 'Lào Cai'),
(11, 'Điện Biên'),
(12, 'Lai Châu'),
(14, 'Sơn La'),
(15, 'Yên Bái'),
(17, 'Hoà Bình'),
(19, 'Thái Nguyên'),
(20, 'Lạng Sơn'),
(22, 'Quảng Ninh'),
(24, 'Bắc Giang'),
(25, 'Phú Thọ'),
(26, 'Vĩnh Phúc'),
(27, 'Bắc Ninh'),
(30, 'Hải Dương'),
(31, 'Hải Phòng'),
(33, 'Hưng Yên'),
(34, 'Thái Bình'),
(35, 'Hà Nam'),
(36, 'Nam Định'),
(37, 'Ninh Bình'),
(38, 'Thanh Hóa'),
(40, 'Nghệ An'),
(42, 'Hà Tĩnh'),
(44, 'Quảng Bình'),
(45, 'Quảng Trị'),
(46, 'Thừa Thiên Huế'),
(48, 'Đà Nẵng'),
(49, 'Quảng Nam'),
(51, 'Quảng Ngãi'),
(52, 'Bình Định'),
(54, 'Phú Yên'),
(56, 'Khánh Hòa'),
(58, 'Ninh Thuận'),
(60, 'Bình Thuận'),
(62, 'Kon Tum'),
(64, 'Gia Lai'),
(66, 'Đắk Lắk'),
(67, 'Đắk Nông'),
(68, 'Lâm Đồng'),
(70, 'Bình Phước'),
(72, 'Tây Ninh'),
(74, 'Bình Dương'),
(75, 'Đồng Nai'),
(77, 'Bà Rịa - Vũng Tàu'),
(79, 'Hồ Chí Minh'),
(80, 'Long An'),
(82, 'Tiền Giang'),
(83, 'Bến Tre'),
(84, 'Trà Vinh'),
(86, 'Vĩnh Long'),
(87, 'Đồng Tháp'),
(89, 'An Giang'),
(91, 'Kiên Giang'),
(92, 'Cần Thơ'),
(93, 'Hậu Giang'),
(94, 'Sóc Trăng'),
(95, 'Bạc Liêu'),
(96, 'Cà Mau');

-- --------------------------------------------------------

--
-- Cấu trúc bảng cho bảng `report_reviews`
--

CREATE TABLE `report_reviews` (
  `id` bigint(20) UNSIGNED NOT NULL,
  `user_id` bigint(20) UNSIGNED NOT NULL,
  `review_id` bigint(20) UNSIGNED NOT NULL,
  `created_at` timestamp NULL DEFAULT NULL,
  `updated_at` timestamp NULL DEFAULT NULL
) ENGINE=InnoDB DEFAULT CHARSET=utf8mb4 COLLATE=utf8mb4_unicode_ci;

-- --------------------------------------------------------

--
-- Cấu trúc bảng cho bảng `reviews`
--

CREATE TABLE `reviews` (
  `id` bigint(20) UNSIGNED NOT NULL,
  `comment` varchar(255) DEFAULT NULL,
  `star_rating` int(11) NOT NULL,
  `can_update` tinyint(1) NOT NULL,
  `user_private` tinyint(1) NOT NULL,
  `count_like` int(11) NOT NULL,
  `count_dislike` int(11) NOT NULL,
  `is_block` tinyint(1) NOT NULL,
  `order_id` bigint(20) UNSIGNED NOT NULL,
  `created_at` timestamp NULL DEFAULT NULL,
  `updated_at` timestamp NULL DEFAULT NULL,
  `user_id` bigint(20) UNSIGNED NOT NULL,
  `hotel_id` bigint(20) UNSIGNED NOT NULL,
  `type_room_id` bigint(20) UNSIGNED NOT NULL
) ENGINE=InnoDB DEFAULT CHARSET=utf8mb4 COLLATE=utf8mb4_unicode_ci;

--
-- Đang đổ dữ liệu cho bảng `reviews`
--

INSERT INTO `reviews` (`id`, `comment`, `star_rating`, `can_update`, `user_private`, `count_like`, `count_dislike`, `is_block`, `order_id`, `created_at`, `updated_at`, `user_id`, `hotel_id`, `type_room_id`) VALUES
(1, 'Khách sạn tuyệt vời', 4, 1, 0, 0, 0, 0, 1, '2023-05-22 00:54:45', '2023-05-22 00:54:45', 35, 12, 39),
(2, 'Khách sạn vui', 4, 1, 0, 0, 0, 0, 2, '2023-05-22 00:55:04', '2023-05-22 00:55:04', 35, 13, 42),
(3, 'vuilắm', 5, 1, 0, 0, 0, 0, 3, '2023-05-22 00:56:10', '2023-05-22 00:56:10', 36, 12, 38),
(4, 'tuyetvoi', 5, 1, 0, 0, 0, 0, 4, '2023-05-22 00:56:27', '2023-05-22 00:56:27', 36, 13, 44);

-- --------------------------------------------------------

--
-- Cấu trúc bảng cho bảng `roles`
--

CREATE TABLE `roles` (
  `id` bigint(20) UNSIGNED NOT NULL,
  `name` varchar(255) NOT NULL
) ENGINE=InnoDB DEFAULT CHARSET=utf8mb4 COLLATE=utf8mb4_unicode_ci;

--
-- Đang đổ dữ liệu cho bảng `roles`
--

INSERT INTO `roles` (`id`, `name`) VALUES
(1, 'Admin'),
(2, 'Customer'),
(3, 'Hotel Manager'),
(4, 'Airline Manager'),
(5, 'Travel Staff');

-- --------------------------------------------------------

--
-- Cấu trúc bảng cho bảng `role_amenities`
--

CREATE TABLE `role_amenities` (
  `id` bigint(20) UNSIGNED NOT NULL,
  `name` varchar(255) NOT NULL
) ENGINE=InnoDB DEFAULT CHARSET=utf8mb4 COLLATE=utf8mb4_unicode_ci;

--
-- Đang đổ dữ liệu cho bảng `role_amenities`
--

INSERT INTO `role_amenities` (`id`, `name`) VALUES
(1, 'Hotel'),
(2, 'Room'),
(3, 'Airline'),
(4, 'Flight');

-- --------------------------------------------------------

--
-- Cấu trúc bảng cho bảng `role_images`
--

CREATE TABLE `role_images` (
  `id` bigint(20) UNSIGNED NOT NULL,
  `name` varchar(255) NOT NULL
) ENGINE=InnoDB DEFAULT CHARSET=utf8mb4 COLLATE=utf8mb4_unicode_ci;

--
-- Đang đổ dữ liệu cho bảng `role_images`
--

INSERT INTO `role_images` (`id`, `name`) VALUES
(1, 'Avatar'),
(2, 'Tourist Attraction'),
(3, 'Hotel'),
(4, 'Hotel Room'),
(5, 'Rating'),
(6, 'Airline'),
(7, 'Airline Aircraft'),
(8, 'Airline Flight');

-- --------------------------------------------------------

--
-- Cấu trúc bảng cho bảng `rooms`
--

CREATE TABLE `rooms` (
  `id` bigint(20) UNSIGNED NOT NULL,
  `type_room_id` bigint(20) UNSIGNED NOT NULL,
  `created_at` timestamp NULL DEFAULT NULL,
  `updated_at` timestamp NULL DEFAULT NULL
) ENGINE=InnoDB DEFAULT CHARSET=utf8mb4 COLLATE=utf8mb4_unicode_ci;

--
-- Đang đổ dữ liệu cho bảng `rooms`
--

INSERT INTO `rooms` (`id`, `type_room_id`, `created_at`, `updated_at`) VALUES
(1, 1, '2023-05-20 14:45:28', '2023-05-20 14:45:28'),
(2, 1, '2023-05-20 14:45:28', '2023-05-20 14:45:28'),
(3, 1, '2023-05-20 14:45:28', '2023-05-20 14:45:28'),
(4, 1, '2023-05-20 14:45:28', '2023-05-20 14:45:28'),
(5, 1, '2023-05-20 14:45:28', '2023-05-20 14:45:28'),
(6, 1, '2023-05-20 14:45:28', '2023-05-20 14:45:28'),
(7, 1, '2023-05-20 14:45:28', '2023-05-20 14:45:28'),
(8, 1, '2023-05-20 14:45:28', '2023-05-20 14:45:28'),
(9, 1, '2023-05-20 14:45:28', '2023-05-20 14:45:28'),
(10, 1, '2023-05-20 14:45:28', '2023-05-20 14:45:28'),
(11, 1, '2023-05-20 14:45:28', '2023-05-20 14:45:28'),
(12, 1, '2023-05-20 14:45:28', '2023-05-20 14:45:28'),
(13, 1, '2023-05-20 14:45:28', '2023-05-20 14:45:28'),
(14, 1, '2023-05-20 14:45:28', '2023-05-20 14:45:28'),
(15, 1, '2023-05-20 14:45:28', '2023-05-20 14:45:28'),
(16, 1, '2023-05-20 14:45:28', '2023-05-20 14:45:28'),
(17, 1, '2023-05-20 14:45:28', '2023-05-20 14:45:28'),
(18, 1, '2023-05-20 14:45:28', '2023-05-20 14:45:28'),
(19, 1, '2023-05-20 14:45:28', '2023-05-20 14:45:28'),
(20, 1, '2023-05-20 14:45:28', '2023-05-20 14:45:28'),
(21, 1, '2023-05-20 14:45:28', '2023-05-20 14:45:28'),
(22, 1, '2023-05-20 14:45:28', '2023-05-20 14:45:28'),
(23, 1, '2023-05-20 14:45:28', '2023-05-20 14:45:28'),
(24, 1, '2023-05-20 14:45:28', '2023-05-20 14:45:28'),
(25, 1, '2023-05-20 14:45:28', '2023-05-20 14:45:28'),
(26, 1, '2023-05-20 14:45:28', '2023-05-20 14:45:28'),
(27, 1, '2023-05-20 14:45:28', '2023-05-20 14:45:28'),
(28, 1, '2023-05-20 14:45:28', '2023-05-20 14:45:28'),
(29, 1, '2023-05-20 14:45:28', '2023-05-20 14:45:28'),
(30, 1, '2023-05-20 14:45:28', '2023-05-20 14:45:28'),
(31, 2, '2023-05-20 14:45:47', '2023-05-20 14:45:47'),
(32, 2, '2023-05-20 14:45:47', '2023-05-20 14:45:47'),
(33, 2, '2023-05-20 14:45:47', '2023-05-20 14:45:47'),
(34, 2, '2023-05-20 14:45:47', '2023-05-20 14:45:47'),
(35, 2, '2023-05-20 14:45:47', '2023-05-20 14:45:47'),
(36, 2, '2023-05-20 14:45:47', '2023-05-20 14:45:47'),
(37, 2, '2023-05-20 14:45:47', '2023-05-20 14:45:47'),
(38, 2, '2023-05-20 14:45:47', '2023-05-20 14:45:47'),
(39, 2, '2023-05-20 14:45:47', '2023-05-20 14:45:47'),
(40, 2, '2023-05-20 14:45:47', '2023-05-20 14:45:47'),
(41, 2, '2023-05-20 14:45:47', '2023-05-20 14:45:47'),
(42, 2, '2023-05-20 14:45:47', '2023-05-20 14:45:47'),
(43, 2, '2023-05-20 14:45:47', '2023-05-20 14:45:47'),
(44, 2, '2023-05-20 14:45:47', '2023-05-20 14:45:47'),
(45, 2, '2023-05-20 14:45:47', '2023-05-20 14:45:47'),
(46, 2, '2023-05-20 14:45:47', '2023-05-20 14:45:47'),
(47, 2, '2023-05-20 14:45:47', '2023-05-20 14:45:47'),
(48, 2, '2023-05-20 14:45:47', '2023-05-20 14:45:47'),
(49, 2, '2023-05-20 14:45:47', '2023-05-20 14:45:47'),
(50, 2, '2023-05-20 14:45:47', '2023-05-20 14:45:47'),
(51, 2, '2023-05-20 14:45:47', '2023-05-20 14:45:47'),
(52, 2, '2023-05-20 14:45:47', '2023-05-20 14:45:47'),
(53, 2, '2023-05-20 14:45:47', '2023-05-20 14:45:47'),
(54, 2, '2023-05-20 14:45:47', '2023-05-20 14:45:47'),
(55, 2, '2023-05-20 14:45:47', '2023-05-20 14:45:47'),
(56, 2, '2023-05-20 14:45:47', '2023-05-20 14:45:47'),
(57, 2, '2023-05-20 14:45:47', '2023-05-20 14:45:47'),
(58, 2, '2023-05-20 14:45:47', '2023-05-20 14:45:47'),
(59, 2, '2023-05-20 14:45:47', '2023-05-20 14:45:47'),
(60, 2, '2023-05-20 14:45:47', '2023-05-20 14:45:47'),
(61, 4, '2023-05-20 14:45:52', '2023-05-20 14:45:52'),
(62, 4, '2023-05-20 14:45:52', '2023-05-20 14:45:52'),
(63, 4, '2023-05-20 14:45:52', '2023-05-20 14:45:52'),
(64, 4, '2023-05-20 14:45:52', '2023-05-20 14:45:52'),
(65, 4, '2023-05-20 14:45:52', '2023-05-20 14:45:52'),
(66, 4, '2023-05-20 14:45:52', '2023-05-20 14:45:52'),
(67, 4, '2023-05-20 14:45:52', '2023-05-20 14:45:52'),
(68, 4, '2023-05-20 14:45:52', '2023-05-20 14:45:52'),
(69, 4, '2023-05-20 14:45:52', '2023-05-20 14:45:52'),
(70, 4, '2023-05-20 14:45:52', '2023-05-20 14:45:52'),
(71, 4, '2023-05-20 14:45:52', '2023-05-20 14:45:52'),
(72, 4, '2023-05-20 14:45:52', '2023-05-20 14:45:52'),
(73, 4, '2023-05-20 14:45:52', '2023-05-20 14:45:52'),
(74, 4, '2023-05-20 14:45:52', '2023-05-20 14:45:52'),
(75, 4, '2023-05-20 14:45:52', '2023-05-20 14:45:52'),
(76, 4, '2023-05-20 14:45:52', '2023-05-20 14:45:52'),
(77, 4, '2023-05-20 14:45:52', '2023-05-20 14:45:52'),
(78, 4, '2023-05-20 14:45:52', '2023-05-20 14:45:52'),
(79, 4, '2023-05-20 14:45:52', '2023-05-20 14:45:52'),
(80, 4, '2023-05-20 14:45:52', '2023-05-20 14:45:52'),
(81, 4, '2023-05-20 14:45:52', '2023-05-20 14:45:52'),
(82, 4, '2023-05-20 14:45:52', '2023-05-20 14:45:52'),
(83, 4, '2023-05-20 14:45:52', '2023-05-20 14:45:52'),
(84, 4, '2023-05-20 14:45:52', '2023-05-20 14:45:52'),
(85, 4, '2023-05-20 14:45:52', '2023-05-20 14:45:52'),
(86, 4, '2023-05-20 14:45:52', '2023-05-20 14:45:52'),
(87, 4, '2023-05-20 14:45:52', '2023-05-20 14:45:52'),
(88, 4, '2023-05-20 14:45:52', '2023-05-20 14:45:52'),
(89, 4, '2023-05-20 14:45:52', '2023-05-20 14:45:52'),
(90, 4, '2023-05-20 14:45:52', '2023-05-20 14:45:52'),
(91, 5, '2023-05-20 14:46:04', '2023-05-20 14:46:04'),
(92, 5, '2023-05-20 14:46:04', '2023-05-20 14:46:04'),
(93, 5, '2023-05-20 14:46:04', '2023-05-20 14:46:04'),
(94, 5, '2023-05-20 14:46:04', '2023-05-20 14:46:04'),
(95, 5, '2023-05-20 14:46:04', '2023-05-20 14:46:04'),
(96, 5, '2023-05-20 14:46:04', '2023-05-20 14:46:04'),
(97, 5, '2023-05-20 14:46:04', '2023-05-20 14:46:04'),
(98, 5, '2023-05-20 14:46:04', '2023-05-20 14:46:04'),
(99, 5, '2023-05-20 14:46:04', '2023-05-20 14:46:04'),
(100, 5, '2023-05-20 14:46:04', '2023-05-20 14:46:04'),
(101, 5, '2023-05-20 14:46:04', '2023-05-20 14:46:04'),
(102, 5, '2023-05-20 14:46:04', '2023-05-20 14:46:04'),
(103, 5, '2023-05-20 14:46:04', '2023-05-20 14:46:04'),
(104, 5, '2023-05-20 14:46:04', '2023-05-20 14:46:04'),
(105, 5, '2023-05-20 14:46:04', '2023-05-20 14:46:04'),
(106, 5, '2023-05-20 14:46:04', '2023-05-20 14:46:04'),
(107, 5, '2023-05-20 14:46:04', '2023-05-20 14:46:04'),
(108, 5, '2023-05-20 14:46:04', '2023-05-20 14:46:04'),
(109, 5, '2023-05-20 14:46:04', '2023-05-20 14:46:04'),
(110, 5, '2023-05-20 14:46:04', '2023-05-20 14:46:04'),
(111, 5, '2023-05-20 14:46:04', '2023-05-20 14:46:04'),
(112, 5, '2023-05-20 14:46:04', '2023-05-20 14:46:04'),
(113, 5, '2023-05-20 14:46:04', '2023-05-20 14:46:04'),
(114, 5, '2023-05-20 14:46:04', '2023-05-20 14:46:04'),
(115, 5, '2023-05-20 14:46:04', '2023-05-20 14:46:04'),
(116, 5, '2023-05-20 14:46:04', '2023-05-20 14:46:04'),
(117, 5, '2023-05-20 14:46:04', '2023-05-20 14:46:04'),
(118, 5, '2023-05-20 14:46:04', '2023-05-20 14:46:04'),
(119, 5, '2023-05-20 14:46:04', '2023-05-20 14:46:04'),
(120, 5, '2023-05-20 14:46:04', '2023-05-20 14:46:04'),
(121, 6, '2023-05-20 14:46:07', '2023-05-20 14:46:07'),
(122, 6, '2023-05-20 14:46:07', '2023-05-20 14:46:07'),
(123, 6, '2023-05-20 14:46:07', '2023-05-20 14:46:07'),
(124, 6, '2023-05-20 14:46:07', '2023-05-20 14:46:07'),
(125, 6, '2023-05-20 14:46:07', '2023-05-20 14:46:07'),
(126, 6, '2023-05-20 14:46:07', '2023-05-20 14:46:07'),
(127, 6, '2023-05-20 14:46:07', '2023-05-20 14:46:07'),
(128, 6, '2023-05-20 14:46:07', '2023-05-20 14:46:07'),
(129, 6, '2023-05-20 14:46:07', '2023-05-20 14:46:07'),
(130, 6, '2023-05-20 14:46:07', '2023-05-20 14:46:07'),
(131, 6, '2023-05-20 14:46:07', '2023-05-20 14:46:07'),
(132, 6, '2023-05-20 14:46:07', '2023-05-20 14:46:07'),
(133, 6, '2023-05-20 14:46:07', '2023-05-20 14:46:07'),
(134, 6, '2023-05-20 14:46:07', '2023-05-20 14:46:07'),
(135, 6, '2023-05-20 14:46:07', '2023-05-20 14:46:07'),
(136, 6, '2023-05-20 14:46:07', '2023-05-20 14:46:07'),
(137, 6, '2023-05-20 14:46:07', '2023-05-20 14:46:07'),
(138, 6, '2023-05-20 14:46:07', '2023-05-20 14:46:07'),
(139, 6, '2023-05-20 14:46:07', '2023-05-20 14:46:07'),
(140, 6, '2023-05-20 14:46:07', '2023-05-20 14:46:07'),
(141, 6, '2023-05-20 14:46:07', '2023-05-20 14:46:07'),
(142, 6, '2023-05-20 14:46:07', '2023-05-20 14:46:07'),
(143, 6, '2023-05-20 14:46:07', '2023-05-20 14:46:07'),
(144, 6, '2023-05-20 14:46:07', '2023-05-20 14:46:07'),
(145, 6, '2023-05-20 14:46:07', '2023-05-20 14:46:07'),
(146, 6, '2023-05-20 14:46:07', '2023-05-20 14:46:07'),
(147, 6, '2023-05-20 14:46:07', '2023-05-20 14:46:07'),
(148, 6, '2023-05-20 14:46:07', '2023-05-20 14:46:07'),
(149, 6, '2023-05-20 14:46:07', '2023-05-20 14:46:07'),
(150, 6, '2023-05-20 14:46:07', '2023-05-20 14:46:07'),
(151, 7, '2023-05-20 14:46:15', '2023-05-20 14:46:15'),
(152, 7, '2023-05-20 14:46:15', '2023-05-20 14:46:15'),
(153, 7, '2023-05-20 14:46:15', '2023-05-20 14:46:15'),
(154, 7, '2023-05-20 14:46:15', '2023-05-20 14:46:15'),
(155, 7, '2023-05-20 14:46:15', '2023-05-20 14:46:15'),
(156, 7, '2023-05-20 14:46:15', '2023-05-20 14:46:15'),
(157, 7, '2023-05-20 14:46:15', '2023-05-20 14:46:15'),
(158, 7, '2023-05-20 14:46:15', '2023-05-20 14:46:15'),
(159, 7, '2023-05-20 14:46:15', '2023-05-20 14:46:15'),
(160, 7, '2023-05-20 14:46:15', '2023-05-20 14:46:15'),
(161, 7, '2023-05-20 14:46:15', '2023-05-20 14:46:15'),
(162, 7, '2023-05-20 14:46:15', '2023-05-20 14:46:15'),
(163, 7, '2023-05-20 14:46:15', '2023-05-20 14:46:15'),
(164, 7, '2023-05-20 14:46:15', '2023-05-20 14:46:15'),
(165, 7, '2023-05-20 14:46:15', '2023-05-20 14:46:15'),
(166, 7, '2023-05-20 14:46:15', '2023-05-20 14:46:15'),
(167, 7, '2023-05-20 14:46:15', '2023-05-20 14:46:15'),
(168, 7, '2023-05-20 14:46:15', '2023-05-20 14:46:15'),
(169, 7, '2023-05-20 14:46:15', '2023-05-20 14:46:15'),
(170, 7, '2023-05-20 14:46:15', '2023-05-20 14:46:15'),
(171, 7, '2023-05-20 14:46:15', '2023-05-20 14:46:15'),
(172, 7, '2023-05-20 14:46:15', '2023-05-20 14:46:15'),
(173, 7, '2023-05-20 14:46:15', '2023-05-20 14:46:15'),
(174, 7, '2023-05-20 14:46:15', '2023-05-20 14:46:15'),
(175, 7, '2023-05-20 14:46:15', '2023-05-20 14:46:15'),
(176, 7, '2023-05-20 14:46:15', '2023-05-20 14:46:15'),
(177, 7, '2023-05-20 14:46:15', '2023-05-20 14:46:15'),
(178, 7, '2023-05-20 14:46:15', '2023-05-20 14:46:15'),
(179, 7, '2023-05-20 14:46:15', '2023-05-20 14:46:15'),
(180, 7, '2023-05-20 14:46:15', '2023-05-20 14:46:15'),
(181, 8, '2023-05-20 14:46:19', '2023-05-20 14:46:19'),
(182, 8, '2023-05-20 14:46:19', '2023-05-20 14:46:19'),
(183, 8, '2023-05-20 14:46:19', '2023-05-20 14:46:19'),
(184, 8, '2023-05-20 14:46:19', '2023-05-20 14:46:19'),
(185, 8, '2023-05-20 14:46:19', '2023-05-20 14:46:19'),
(186, 8, '2023-05-20 14:46:19', '2023-05-20 14:46:19'),
(187, 8, '2023-05-20 14:46:19', '2023-05-20 14:46:19'),
(188, 8, '2023-05-20 14:46:19', '2023-05-20 14:46:19'),
(189, 8, '2023-05-20 14:46:19', '2023-05-20 14:46:19'),
(190, 8, '2023-05-20 14:46:19', '2023-05-20 14:46:19'),
(191, 8, '2023-05-20 14:46:19', '2023-05-20 14:46:19'),
(192, 8, '2023-05-20 14:46:19', '2023-05-20 14:46:19'),
(193, 8, '2023-05-20 14:46:19', '2023-05-20 14:46:19'),
(194, 8, '2023-05-20 14:46:19', '2023-05-20 14:46:19'),
(195, 8, '2023-05-20 14:46:19', '2023-05-20 14:46:19'),
(196, 8, '2023-05-20 14:46:19', '2023-05-20 14:46:19'),
(197, 8, '2023-05-20 14:46:19', '2023-05-20 14:46:19'),
(198, 8, '2023-05-20 14:46:19', '2023-05-20 14:46:19'),
(199, 8, '2023-05-20 14:46:19', '2023-05-20 14:46:19'),
(200, 8, '2023-05-20 14:46:19', '2023-05-20 14:46:19'),
(201, 8, '2023-05-20 14:46:19', '2023-05-20 14:46:19'),
(202, 8, '2023-05-20 14:46:19', '2023-05-20 14:46:19'),
(203, 8, '2023-05-20 14:46:19', '2023-05-20 14:46:19'),
(204, 8, '2023-05-20 14:46:19', '2023-05-20 14:46:19'),
(205, 8, '2023-05-20 14:46:19', '2023-05-20 14:46:19'),
(206, 8, '2023-05-20 14:46:19', '2023-05-20 14:46:19'),
(207, 8, '2023-05-20 14:46:19', '2023-05-20 14:46:19'),
(208, 8, '2023-05-20 14:46:19', '2023-05-20 14:46:19'),
(209, 8, '2023-05-20 14:46:19', '2023-05-20 14:46:19'),
(210, 8, '2023-05-20 14:46:19', '2023-05-20 14:46:19'),
(211, 9, '2023-05-20 14:46:22', '2023-05-20 14:46:22'),
(212, 9, '2023-05-20 14:46:22', '2023-05-20 14:46:22'),
(213, 9, '2023-05-20 14:46:22', '2023-05-20 14:46:22'),
(214, 9, '2023-05-20 14:46:22', '2023-05-20 14:46:22'),
(215, 9, '2023-05-20 14:46:22', '2023-05-20 14:46:22'),
(216, 9, '2023-05-20 14:46:22', '2023-05-20 14:46:22'),
(217, 9, '2023-05-20 14:46:22', '2023-05-20 14:46:22'),
(218, 9, '2023-05-20 14:46:22', '2023-05-20 14:46:22'),
(219, 9, '2023-05-20 14:46:22', '2023-05-20 14:46:22'),
(220, 9, '2023-05-20 14:46:22', '2023-05-20 14:46:22'),
(221, 9, '2023-05-20 14:46:22', '2023-05-20 14:46:22'),
(222, 9, '2023-05-20 14:46:22', '2023-05-20 14:46:22'),
(223, 9, '2023-05-20 14:46:22', '2023-05-20 14:46:22'),
(224, 9, '2023-05-20 14:46:22', '2023-05-20 14:46:22'),
(225, 9, '2023-05-20 14:46:22', '2023-05-20 14:46:22'),
(226, 9, '2023-05-20 14:46:22', '2023-05-20 14:46:22'),
(227, 9, '2023-05-20 14:46:22', '2023-05-20 14:46:22'),
(228, 9, '2023-05-20 14:46:22', '2023-05-20 14:46:22'),
(229, 9, '2023-05-20 14:46:22', '2023-05-20 14:46:22'),
(230, 9, '2023-05-20 14:46:22', '2023-05-20 14:46:22'),
(231, 9, '2023-05-20 14:46:22', '2023-05-20 14:46:22'),
(232, 9, '2023-05-20 14:46:22', '2023-05-20 14:46:22'),
(233, 9, '2023-05-20 14:46:22', '2023-05-20 14:46:22'),
(234, 9, '2023-05-20 14:46:22', '2023-05-20 14:46:22'),
(235, 9, '2023-05-20 14:46:22', '2023-05-20 14:46:22'),
(236, 9, '2023-05-20 14:46:22', '2023-05-20 14:46:22'),
(237, 9, '2023-05-20 14:46:22', '2023-05-20 14:46:22'),
(238, 9, '2023-05-20 14:46:22', '2023-05-20 14:46:22'),
(239, 9, '2023-05-20 14:46:22', '2023-05-20 14:46:22'),
(240, 9, '2023-05-20 14:46:22', '2023-05-20 14:46:22'),
(241, 10, '2023-05-20 14:46:25', '2023-05-20 14:46:25'),
(242, 10, '2023-05-20 14:46:25', '2023-05-20 14:46:25'),
(243, 10, '2023-05-20 14:46:25', '2023-05-20 14:46:25'),
(244, 10, '2023-05-20 14:46:25', '2023-05-20 14:46:25'),
(245, 10, '2023-05-20 14:46:25', '2023-05-20 14:46:25'),
(246, 10, '2023-05-20 14:46:25', '2023-05-20 14:46:25'),
(247, 10, '2023-05-20 14:46:25', '2023-05-20 14:46:25'),
(248, 10, '2023-05-20 14:46:25', '2023-05-20 14:46:25'),
(249, 10, '2023-05-20 14:46:25', '2023-05-20 14:46:25'),
(250, 10, '2023-05-20 14:46:25', '2023-05-20 14:46:25'),
(251, 10, '2023-05-20 14:46:25', '2023-05-20 14:46:25'),
(252, 10, '2023-05-20 14:46:25', '2023-05-20 14:46:25'),
(253, 10, '2023-05-20 14:46:25', '2023-05-20 14:46:25'),
(254, 10, '2023-05-20 14:46:25', '2023-05-20 14:46:25'),
(255, 10, '2023-05-20 14:46:25', '2023-05-20 14:46:25'),
(256, 10, '2023-05-20 14:46:25', '2023-05-20 14:46:25'),
(257, 10, '2023-05-20 14:46:25', '2023-05-20 14:46:25'),
(258, 10, '2023-05-20 14:46:25', '2023-05-20 14:46:25'),
(259, 10, '2023-05-20 14:46:25', '2023-05-20 14:46:25'),
(260, 10, '2023-05-20 14:46:25', '2023-05-20 14:46:25'),
(261, 10, '2023-05-20 14:46:25', '2023-05-20 14:46:25'),
(262, 10, '2023-05-20 14:46:25', '2023-05-20 14:46:25'),
(263, 10, '2023-05-20 14:46:25', '2023-05-20 14:46:25'),
(264, 10, '2023-05-20 14:46:25', '2023-05-20 14:46:25'),
(265, 10, '2023-05-20 14:46:25', '2023-05-20 14:46:25'),
(266, 10, '2023-05-20 14:46:25', '2023-05-20 14:46:25'),
(267, 10, '2023-05-20 14:46:25', '2023-05-20 14:46:25'),
(268, 10, '2023-05-20 14:46:25', '2023-05-20 14:46:25'),
(269, 10, '2023-05-20 14:46:25', '2023-05-20 14:46:25'),
(270, 10, '2023-05-20 14:46:25', '2023-05-20 14:46:25'),
(271, 11, '2023-05-20 14:46:33', '2023-05-20 14:46:33'),
(272, 11, '2023-05-20 14:46:33', '2023-05-20 14:46:33'),
(273, 11, '2023-05-20 14:46:33', '2023-05-20 14:46:33'),
(274, 11, '2023-05-20 14:46:33', '2023-05-20 14:46:33'),
(275, 11, '2023-05-20 14:46:33', '2023-05-20 14:46:33'),
(276, 11, '2023-05-20 14:46:33', '2023-05-20 14:46:33'),
(277, 11, '2023-05-20 14:46:33', '2023-05-20 14:46:33'),
(278, 11, '2023-05-20 14:46:33', '2023-05-20 14:46:33'),
(279, 11, '2023-05-20 14:46:33', '2023-05-20 14:46:33'),
(280, 11, '2023-05-20 14:46:33', '2023-05-20 14:46:33'),
(281, 11, '2023-05-20 14:46:33', '2023-05-20 14:46:33'),
(282, 11, '2023-05-20 14:46:33', '2023-05-20 14:46:33'),
(283, 11, '2023-05-20 14:46:33', '2023-05-20 14:46:33'),
(284, 11, '2023-05-20 14:46:33', '2023-05-20 14:46:33'),
(285, 11, '2023-05-20 14:46:33', '2023-05-20 14:46:33'),
(286, 11, '2023-05-20 14:46:33', '2023-05-20 14:46:33'),
(287, 11, '2023-05-20 14:46:33', '2023-05-20 14:46:33'),
(288, 11, '2023-05-20 14:46:33', '2023-05-20 14:46:33'),
(289, 11, '2023-05-20 14:46:33', '2023-05-20 14:46:33'),
(290, 11, '2023-05-20 14:46:33', '2023-05-20 14:46:33'),
(291, 11, '2023-05-20 14:46:33', '2023-05-20 14:46:33'),
(292, 11, '2023-05-20 14:46:33', '2023-05-20 14:46:33'),
(293, 11, '2023-05-20 14:46:33', '2023-05-20 14:46:33'),
(294, 11, '2023-05-20 14:46:33', '2023-05-20 14:46:33'),
(295, 11, '2023-05-20 14:46:33', '2023-05-20 14:46:33'),
(296, 11, '2023-05-20 14:46:33', '2023-05-20 14:46:33'),
(297, 11, '2023-05-20 14:46:33', '2023-05-20 14:46:33'),
(298, 11, '2023-05-20 14:46:33', '2023-05-20 14:46:33'),
(299, 11, '2023-05-20 14:46:33', '2023-05-20 14:46:33'),
(300, 11, '2023-05-20 14:46:33', '2023-05-20 14:46:33'),
(301, 12, '2023-05-20 14:46:36', '2023-05-20 14:46:36'),
(302, 12, '2023-05-20 14:46:36', '2023-05-20 14:46:36'),
(303, 12, '2023-05-20 14:46:36', '2023-05-20 14:46:36'),
(304, 12, '2023-05-20 14:46:36', '2023-05-20 14:46:36'),
(305, 12, '2023-05-20 14:46:36', '2023-05-20 14:46:36'),
(306, 12, '2023-05-20 14:46:36', '2023-05-20 14:46:36'),
(307, 12, '2023-05-20 14:46:36', '2023-05-20 14:46:36'),
(308, 12, '2023-05-20 14:46:36', '2023-05-20 14:46:36'),
(309, 12, '2023-05-20 14:46:36', '2023-05-20 14:46:36'),
(310, 12, '2023-05-20 14:46:36', '2023-05-20 14:46:36'),
(311, 12, '2023-05-20 14:46:36', '2023-05-20 14:46:36'),
(312, 12, '2023-05-20 14:46:36', '2023-05-20 14:46:36'),
(313, 12, '2023-05-20 14:46:36', '2023-05-20 14:46:36'),
(314, 12, '2023-05-20 14:46:36', '2023-05-20 14:46:36'),
(315, 12, '2023-05-20 14:46:36', '2023-05-20 14:46:36'),
(316, 12, '2023-05-20 14:46:36', '2023-05-20 14:46:36'),
(317, 12, '2023-05-20 14:46:36', '2023-05-20 14:46:36'),
(318, 12, '2023-05-20 14:46:36', '2023-05-20 14:46:36'),
(319, 12, '2023-05-20 14:46:36', '2023-05-20 14:46:36'),
(320, 12, '2023-05-20 14:46:36', '2023-05-20 14:46:36'),
(321, 12, '2023-05-20 14:46:36', '2023-05-20 14:46:36'),
(322, 12, '2023-05-20 14:46:36', '2023-05-20 14:46:36'),
(323, 12, '2023-05-20 14:46:36', '2023-05-20 14:46:36'),
(324, 12, '2023-05-20 14:46:36', '2023-05-20 14:46:36'),
(325, 12, '2023-05-20 14:46:36', '2023-05-20 14:46:36'),
(326, 12, '2023-05-20 14:46:36', '2023-05-20 14:46:36'),
(327, 12, '2023-05-20 14:46:36', '2023-05-20 14:46:36'),
(328, 12, '2023-05-20 14:46:36', '2023-05-20 14:46:36'),
(329, 12, '2023-05-20 14:46:36', '2023-05-20 14:46:36'),
(330, 12, '2023-05-20 14:46:36', '2023-05-20 14:46:36'),
(331, 13, '2023-05-20 14:46:43', '2023-05-20 14:46:43'),
(332, 13, '2023-05-20 14:46:43', '2023-05-20 14:46:43'),
(333, 13, '2023-05-20 14:46:43', '2023-05-20 14:46:43'),
(334, 13, '2023-05-20 14:46:43', '2023-05-20 14:46:43'),
(335, 13, '2023-05-20 14:46:43', '2023-05-20 14:46:43'),
(336, 13, '2023-05-20 14:46:43', '2023-05-20 14:46:43'),
(337, 13, '2023-05-20 14:46:43', '2023-05-20 14:46:43'),
(338, 13, '2023-05-20 14:46:43', '2023-05-20 14:46:43'),
(339, 13, '2023-05-20 14:46:43', '2023-05-20 14:46:43'),
(340, 13, '2023-05-20 14:46:43', '2023-05-20 14:46:43'),
(341, 13, '2023-05-20 14:46:43', '2023-05-20 14:46:43'),
(342, 13, '2023-05-20 14:46:43', '2023-05-20 14:46:43'),
(343, 13, '2023-05-20 14:46:43', '2023-05-20 14:46:43'),
(344, 13, '2023-05-20 14:46:43', '2023-05-20 14:46:43'),
(345, 13, '2023-05-20 14:46:43', '2023-05-20 14:46:43'),
(346, 13, '2023-05-20 14:46:43', '2023-05-20 14:46:43'),
(347, 13, '2023-05-20 14:46:43', '2023-05-20 14:46:43'),
(348, 13, '2023-05-20 14:46:43', '2023-05-20 14:46:43'),
(349, 13, '2023-05-20 14:46:43', '2023-05-20 14:46:43'),
(350, 13, '2023-05-20 14:46:43', '2023-05-20 14:46:43'),
(351, 13, '2023-05-20 14:46:43', '2023-05-20 14:46:43'),
(352, 13, '2023-05-20 14:46:43', '2023-05-20 14:46:43'),
(353, 13, '2023-05-20 14:46:44', '2023-05-20 14:46:44'),
(354, 13, '2023-05-20 14:46:44', '2023-05-20 14:46:44'),
(355, 13, '2023-05-20 14:46:44', '2023-05-20 14:46:44'),
(356, 13, '2023-05-20 14:46:44', '2023-05-20 14:46:44'),
(357, 13, '2023-05-20 14:46:44', '2023-05-20 14:46:44'),
(358, 13, '2023-05-20 14:46:44', '2023-05-20 14:46:44'),
(359, 13, '2023-05-20 14:46:44', '2023-05-20 14:46:44'),
(360, 13, '2023-05-20 14:46:44', '2023-05-20 14:46:44'),
(361, 14, '2023-05-20 14:46:46', '2023-05-20 14:46:46'),
(362, 14, '2023-05-20 14:46:46', '2023-05-20 14:46:46'),
(363, 14, '2023-05-20 14:46:46', '2023-05-20 14:46:46'),
(364, 14, '2023-05-20 14:46:46', '2023-05-20 14:46:46'),
(365, 14, '2023-05-20 14:46:46', '2023-05-20 14:46:46'),
(366, 14, '2023-05-20 14:46:46', '2023-05-20 14:46:46'),
(367, 14, '2023-05-20 14:46:46', '2023-05-20 14:46:46'),
(368, 14, '2023-05-20 14:46:46', '2023-05-20 14:46:46'),
(369, 14, '2023-05-20 14:46:46', '2023-05-20 14:46:46'),
(370, 14, '2023-05-20 14:46:46', '2023-05-20 14:46:46'),
(371, 14, '2023-05-20 14:46:46', '2023-05-20 14:46:46'),
(372, 14, '2023-05-20 14:46:46', '2023-05-20 14:46:46'),
(373, 14, '2023-05-20 14:46:46', '2023-05-20 14:46:46'),
(374, 14, '2023-05-20 14:46:46', '2023-05-20 14:46:46'),
(375, 14, '2023-05-20 14:46:46', '2023-05-20 14:46:46'),
(376, 14, '2023-05-20 14:46:46', '2023-05-20 14:46:46'),
(377, 14, '2023-05-20 14:46:46', '2023-05-20 14:46:46'),
(378, 14, '2023-05-20 14:46:46', '2023-05-20 14:46:46'),
(379, 14, '2023-05-20 14:46:46', '2023-05-20 14:46:46'),
(380, 14, '2023-05-20 14:46:46', '2023-05-20 14:46:46'),
(381, 14, '2023-05-20 14:46:46', '2023-05-20 14:46:46'),
(382, 14, '2023-05-20 14:46:46', '2023-05-20 14:46:46'),
(383, 14, '2023-05-20 14:46:46', '2023-05-20 14:46:46'),
(384, 14, '2023-05-20 14:46:46', '2023-05-20 14:46:46'),
(385, 14, '2023-05-20 14:46:46', '2023-05-20 14:46:46'),
(386, 14, '2023-05-20 14:46:46', '2023-05-20 14:46:46'),
(387, 14, '2023-05-20 14:46:46', '2023-05-20 14:46:46'),
(388, 14, '2023-05-20 14:46:46', '2023-05-20 14:46:46'),
(389, 14, '2023-05-20 14:46:46', '2023-05-20 14:46:46'),
(390, 14, '2023-05-20 14:46:46', '2023-05-20 14:46:46'),
(391, 15, '2023-05-20 14:46:47', '2023-05-20 14:46:47'),
(392, 15, '2023-05-20 14:46:47', '2023-05-20 14:46:47'),
(393, 15, '2023-05-20 14:46:47', '2023-05-20 14:46:47'),
(394, 15, '2023-05-20 14:46:47', '2023-05-20 14:46:47'),
(395, 15, '2023-05-20 14:46:47', '2023-05-20 14:46:47'),
(396, 15, '2023-05-20 14:46:47', '2023-05-20 14:46:47'),
(397, 15, '2023-05-20 14:46:47', '2023-05-20 14:46:47'),
(398, 15, '2023-05-20 14:46:47', '2023-05-20 14:46:47'),
(399, 15, '2023-05-20 14:46:47', '2023-05-20 14:46:47'),
(400, 15, '2023-05-20 14:46:47', '2023-05-20 14:46:47'),
(401, 15, '2023-05-20 14:46:47', '2023-05-20 14:46:47'),
(402, 15, '2023-05-20 14:46:47', '2023-05-20 14:46:47'),
(403, 15, '2023-05-20 14:46:47', '2023-05-20 14:46:47'),
(404, 15, '2023-05-20 14:46:47', '2023-05-20 14:46:47'),
(405, 15, '2023-05-20 14:46:47', '2023-05-20 14:46:47'),
(406, 15, '2023-05-20 14:46:47', '2023-05-20 14:46:47'),
(407, 15, '2023-05-20 14:46:47', '2023-05-20 14:46:47'),
(408, 15, '2023-05-20 14:46:47', '2023-05-20 14:46:47'),
(409, 15, '2023-05-20 14:46:47', '2023-05-20 14:46:47'),
(410, 15, '2023-05-20 14:46:47', '2023-05-20 14:46:47'),
(411, 15, '2023-05-20 14:46:47', '2023-05-20 14:46:47'),
(412, 15, '2023-05-20 14:46:47', '2023-05-20 14:46:47'),
(413, 15, '2023-05-20 14:46:47', '2023-05-20 14:46:47'),
(414, 15, '2023-05-20 14:46:47', '2023-05-20 14:46:47'),
(415, 15, '2023-05-20 14:46:47', '2023-05-20 14:46:47'),
(416, 15, '2023-05-20 14:46:47', '2023-05-20 14:46:47'),
(417, 15, '2023-05-20 14:46:47', '2023-05-20 14:46:47'),
(418, 15, '2023-05-20 14:46:47', '2023-05-20 14:46:47'),
(419, 15, '2023-05-20 14:46:47', '2023-05-20 14:46:47'),
(420, 15, '2023-05-20 14:46:47', '2023-05-20 14:46:47'),
(421, 17, '2023-05-20 14:47:00', '2023-05-20 14:47:00'),
(422, 17, '2023-05-20 14:47:00', '2023-05-20 14:47:00'),
(423, 17, '2023-05-20 14:47:00', '2023-05-20 14:47:00'),
(424, 17, '2023-05-20 14:47:00', '2023-05-20 14:47:00'),
(425, 17, '2023-05-20 14:47:00', '2023-05-20 14:47:00'),
(426, 17, '2023-05-20 14:47:00', '2023-05-20 14:47:00'),
(427, 17, '2023-05-20 14:47:00', '2023-05-20 14:47:00'),
(428, 17, '2023-05-20 14:47:00', '2023-05-20 14:47:00'),
(429, 17, '2023-05-20 14:47:00', '2023-05-20 14:47:00'),
(430, 17, '2023-05-20 14:47:00', '2023-05-20 14:47:00'),
(431, 17, '2023-05-20 14:47:00', '2023-05-20 14:47:00'),
(432, 17, '2023-05-20 14:47:00', '2023-05-20 14:47:00'),
(433, 17, '2023-05-20 14:47:00', '2023-05-20 14:47:00'),
(434, 17, '2023-05-20 14:47:00', '2023-05-20 14:47:00'),
(435, 17, '2023-05-20 14:47:00', '2023-05-20 14:47:00'),
(436, 17, '2023-05-20 14:47:00', '2023-05-20 14:47:00'),
(437, 17, '2023-05-20 14:47:00', '2023-05-20 14:47:00'),
(438, 17, '2023-05-20 14:47:00', '2023-05-20 14:47:00'),
(439, 17, '2023-05-20 14:47:00', '2023-05-20 14:47:00'),
(440, 17, '2023-05-20 14:47:00', '2023-05-20 14:47:00'),
(441, 17, '2023-05-20 14:47:00', '2023-05-20 14:47:00'),
(442, 17, '2023-05-20 14:47:00', '2023-05-20 14:47:00'),
(443, 17, '2023-05-20 14:47:00', '2023-05-20 14:47:00'),
(444, 17, '2023-05-20 14:47:00', '2023-05-20 14:47:00'),
(445, 17, '2023-05-20 14:47:00', '2023-05-20 14:47:00'),
(446, 17, '2023-05-20 14:47:00', '2023-05-20 14:47:00'),
(447, 17, '2023-05-20 14:47:00', '2023-05-20 14:47:00'),
(448, 17, '2023-05-20 14:47:00', '2023-05-20 14:47:00'),
(449, 17, '2023-05-20 14:47:00', '2023-05-20 14:47:00'),
(450, 17, '2023-05-20 14:47:00', '2023-05-20 14:47:00'),
(451, 18, '2023-05-20 14:47:02', '2023-05-20 14:47:02'),
(452, 18, '2023-05-20 14:47:02', '2023-05-20 14:47:02'),
(453, 18, '2023-05-20 14:47:02', '2023-05-20 14:47:02'),
(454, 18, '2023-05-20 14:47:02', '2023-05-20 14:47:02'),
(455, 18, '2023-05-20 14:47:02', '2023-05-20 14:47:02'),
(456, 18, '2023-05-20 14:47:02', '2023-05-20 14:47:02'),
(457, 18, '2023-05-20 14:47:02', '2023-05-20 14:47:02'),
(458, 18, '2023-05-20 14:47:02', '2023-05-20 14:47:02'),
(459, 18, '2023-05-20 14:47:02', '2023-05-20 14:47:02'),
(460, 18, '2023-05-20 14:47:02', '2023-05-20 14:47:02'),
(461, 18, '2023-05-20 14:47:02', '2023-05-20 14:47:02'),
(462, 18, '2023-05-20 14:47:02', '2023-05-20 14:47:02'),
(463, 18, '2023-05-20 14:47:02', '2023-05-20 14:47:02'),
(464, 18, '2023-05-20 14:47:02', '2023-05-20 14:47:02'),
(465, 18, '2023-05-20 14:47:02', '2023-05-20 14:47:02'),
(466, 18, '2023-05-20 14:47:02', '2023-05-20 14:47:02'),
(467, 18, '2023-05-20 14:47:02', '2023-05-20 14:47:02'),
(468, 18, '2023-05-20 14:47:02', '2023-05-20 14:47:02'),
(469, 18, '2023-05-20 14:47:02', '2023-05-20 14:47:02'),
(470, 18, '2023-05-20 14:47:02', '2023-05-20 14:47:02'),
(471, 18, '2023-05-20 14:47:02', '2023-05-20 14:47:02'),
(472, 18, '2023-05-20 14:47:02', '2023-05-20 14:47:02'),
(473, 18, '2023-05-20 14:47:02', '2023-05-20 14:47:02'),
(474, 18, '2023-05-20 14:47:02', '2023-05-20 14:47:02'),
(475, 18, '2023-05-20 14:47:02', '2023-05-20 14:47:02'),
(476, 18, '2023-05-20 14:47:02', '2023-05-20 14:47:02'),
(477, 18, '2023-05-20 14:47:02', '2023-05-20 14:47:02'),
(478, 18, '2023-05-20 14:47:02', '2023-05-20 14:47:02'),
(479, 18, '2023-05-20 14:47:02', '2023-05-20 14:47:02'),
(480, 18, '2023-05-20 14:47:02', '2023-05-20 14:47:02'),
(481, 19, '2023-05-20 14:48:08', '2023-05-20 14:48:08'),
(482, 19, '2023-05-20 14:48:09', '2023-05-20 14:48:09'),
(483, 19, '2023-05-20 14:48:09', '2023-05-20 14:48:09'),
(484, 19, '2023-05-20 14:48:09', '2023-05-20 14:48:09'),
(485, 19, '2023-05-20 14:48:09', '2023-05-20 14:48:09'),
(486, 19, '2023-05-20 14:48:09', '2023-05-20 14:48:09'),
(487, 19, '2023-05-20 14:48:09', '2023-05-20 14:48:09'),
(488, 19, '2023-05-20 14:48:09', '2023-05-20 14:48:09'),
(489, 19, '2023-05-20 14:48:09', '2023-05-20 14:48:09'),
(490, 19, '2023-05-20 14:48:09', '2023-05-20 14:48:09'),
(491, 19, '2023-05-20 14:48:09', '2023-05-20 14:48:09'),
(492, 19, '2023-05-20 14:48:09', '2023-05-20 14:48:09'),
(493, 19, '2023-05-20 14:48:09', '2023-05-20 14:48:09'),
(494, 19, '2023-05-20 14:48:09', '2023-05-20 14:48:09'),
(495, 19, '2023-05-20 14:48:09', '2023-05-20 14:48:09'),
(496, 19, '2023-05-20 14:48:09', '2023-05-20 14:48:09'),
(497, 19, '2023-05-20 14:48:09', '2023-05-20 14:48:09'),
(498, 19, '2023-05-20 14:48:09', '2023-05-20 14:48:09'),
(499, 19, '2023-05-20 14:48:09', '2023-05-20 14:48:09'),
(500, 19, '2023-05-20 14:48:09', '2023-05-20 14:48:09'),
(501, 19, '2023-05-20 14:48:09', '2023-05-20 14:48:09'),
(502, 19, '2023-05-20 14:48:09', '2023-05-20 14:48:09'),
(503, 19, '2023-05-20 14:48:09', '2023-05-20 14:48:09'),
(504, 19, '2023-05-20 14:48:09', '2023-05-20 14:48:09'),
(505, 19, '2023-05-20 14:48:09', '2023-05-20 14:48:09'),
(506, 19, '2023-05-20 14:48:09', '2023-05-20 14:48:09'),
(507, 19, '2023-05-20 14:48:09', '2023-05-20 14:48:09'),
(508, 19, '2023-05-20 14:48:09', '2023-05-20 14:48:09'),
(509, 19, '2023-05-20 14:48:09', '2023-05-20 14:48:09'),
(510, 19, '2023-05-20 14:48:09', '2023-05-20 14:48:09'),
(511, 20, '2023-05-20 14:48:12', '2023-05-20 14:48:12'),
(512, 20, '2023-05-20 14:48:12', '2023-05-20 14:48:12'),
(513, 20, '2023-05-20 14:48:12', '2023-05-20 14:48:12'),
(514, 20, '2023-05-20 14:48:12', '2023-05-20 14:48:12'),
(515, 20, '2023-05-20 14:48:12', '2023-05-20 14:48:12'),
(516, 20, '2023-05-20 14:48:12', '2023-05-20 14:48:12'),
(517, 20, '2023-05-20 14:48:12', '2023-05-20 14:48:12'),
(518, 20, '2023-05-20 14:48:12', '2023-05-20 14:48:12'),
(519, 20, '2023-05-20 14:48:12', '2023-05-20 14:48:12'),
(520, 20, '2023-05-20 14:48:12', '2023-05-20 14:48:12'),
(521, 20, '2023-05-20 14:48:12', '2023-05-20 14:48:12'),
(522, 20, '2023-05-20 14:48:12', '2023-05-20 14:48:12'),
(523, 20, '2023-05-20 14:48:12', '2023-05-20 14:48:12'),
(524, 20, '2023-05-20 14:48:12', '2023-05-20 14:48:12'),
(525, 20, '2023-05-20 14:48:12', '2023-05-20 14:48:12'),
(526, 20, '2023-05-20 14:48:12', '2023-05-20 14:48:12'),
(527, 20, '2023-05-20 14:48:12', '2023-05-20 14:48:12'),
(528, 20, '2023-05-20 14:48:12', '2023-05-20 14:48:12'),
(529, 20, '2023-05-20 14:48:12', '2023-05-20 14:48:12'),
(530, 20, '2023-05-20 14:48:12', '2023-05-20 14:48:12'),
(531, 20, '2023-05-20 14:48:12', '2023-05-20 14:48:12'),
(532, 20, '2023-05-20 14:48:12', '2023-05-20 14:48:12'),
(533, 20, '2023-05-20 14:48:12', '2023-05-20 14:48:12'),
(534, 20, '2023-05-20 14:48:12', '2023-05-20 14:48:12'),
(535, 20, '2023-05-20 14:48:12', '2023-05-20 14:48:12'),
(536, 20, '2023-05-20 14:48:12', '2023-05-20 14:48:12'),
(537, 20, '2023-05-20 14:48:12', '2023-05-20 14:48:12'),
(538, 20, '2023-05-20 14:48:12', '2023-05-20 14:48:12'),
(539, 20, '2023-05-20 14:48:12', '2023-05-20 14:48:12'),
(540, 20, '2023-05-20 14:48:12', '2023-05-20 14:48:12'),
(541, 21, '2023-05-20 14:48:31', '2023-05-20 14:48:31'),
(542, 21, '2023-05-20 14:48:31', '2023-05-20 14:48:31'),
(543, 21, '2023-05-20 14:48:31', '2023-05-20 14:48:31'),
(544, 21, '2023-05-20 14:48:31', '2023-05-20 14:48:31'),
(545, 21, '2023-05-20 14:48:31', '2023-05-20 14:48:31'),
(546, 21, '2023-05-20 14:48:31', '2023-05-20 14:48:31'),
(547, 21, '2023-05-20 14:48:31', '2023-05-20 14:48:31'),
(548, 21, '2023-05-20 14:48:31', '2023-05-20 14:48:31'),
(549, 21, '2023-05-20 14:48:31', '2023-05-20 14:48:31'),
(550, 21, '2023-05-20 14:48:31', '2023-05-20 14:48:31'),
(551, 21, '2023-05-20 14:48:31', '2023-05-20 14:48:31'),
(552, 21, '2023-05-20 14:48:31', '2023-05-20 14:48:31'),
(553, 21, '2023-05-20 14:48:31', '2023-05-20 14:48:31'),
(554, 21, '2023-05-20 14:48:31', '2023-05-20 14:48:31'),
(555, 21, '2023-05-20 14:48:31', '2023-05-20 14:48:31'),
(556, 21, '2023-05-20 14:48:31', '2023-05-20 14:48:31'),
(557, 21, '2023-05-20 14:48:31', '2023-05-20 14:48:31'),
(558, 21, '2023-05-20 14:48:31', '2023-05-20 14:48:31'),
(559, 21, '2023-05-20 14:48:31', '2023-05-20 14:48:31'),
(560, 21, '2023-05-20 14:48:31', '2023-05-20 14:48:31'),
(561, 21, '2023-05-20 14:48:31', '2023-05-20 14:48:31'),
(562, 21, '2023-05-20 14:48:31', '2023-05-20 14:48:31'),
(563, 21, '2023-05-20 14:48:31', '2023-05-20 14:48:31'),
(564, 21, '2023-05-20 14:48:31', '2023-05-20 14:48:31'),
(565, 21, '2023-05-20 14:48:31', '2023-05-20 14:48:31'),
(566, 21, '2023-05-20 14:48:31', '2023-05-20 14:48:31'),
(567, 21, '2023-05-20 14:48:31', '2023-05-20 14:48:31'),
(568, 21, '2023-05-20 14:48:31', '2023-05-20 14:48:31'),
(569, 21, '2023-05-20 14:48:31', '2023-05-20 14:48:31'),
(570, 21, '2023-05-20 14:48:31', '2023-05-20 14:48:31'),
(571, 22, '2023-05-20 14:48:32', '2023-05-20 14:48:32'),
(572, 22, '2023-05-20 14:48:32', '2023-05-20 14:48:32'),
(573, 22, '2023-05-20 14:48:32', '2023-05-20 14:48:32'),
(574, 22, '2023-05-20 14:48:32', '2023-05-20 14:48:32'),
(575, 22, '2023-05-20 14:48:32', '2023-05-20 14:48:32'),
(576, 22, '2023-05-20 14:48:32', '2023-05-20 14:48:32'),
(577, 22, '2023-05-20 14:48:32', '2023-05-20 14:48:32'),
(578, 22, '2023-05-20 14:48:32', '2023-05-20 14:48:32'),
(579, 22, '2023-05-20 14:48:32', '2023-05-20 14:48:32'),
(580, 22, '2023-05-20 14:48:32', '2023-05-20 14:48:32'),
(581, 22, '2023-05-20 14:48:32', '2023-05-20 14:48:32'),
(582, 22, '2023-05-20 14:48:32', '2023-05-20 14:48:32'),
(583, 22, '2023-05-20 14:48:32', '2023-05-20 14:48:32'),
(584, 22, '2023-05-20 14:48:32', '2023-05-20 14:48:32'),
(585, 22, '2023-05-20 14:48:32', '2023-05-20 14:48:32'),
(586, 22, '2023-05-20 14:48:32', '2023-05-20 14:48:32'),
(587, 22, '2023-05-20 14:48:32', '2023-05-20 14:48:32'),
(588, 22, '2023-05-20 14:48:32', '2023-05-20 14:48:32'),
(589, 22, '2023-05-20 14:48:32', '2023-05-20 14:48:32'),
(590, 22, '2023-05-20 14:48:32', '2023-05-20 14:48:32'),
(591, 22, '2023-05-20 14:48:32', '2023-05-20 14:48:32'),
(592, 22, '2023-05-20 14:48:32', '2023-05-20 14:48:32'),
(593, 22, '2023-05-20 14:48:32', '2023-05-20 14:48:32'),
(594, 22, '2023-05-20 14:48:32', '2023-05-20 14:48:32'),
(595, 22, '2023-05-20 14:48:32', '2023-05-20 14:48:32'),
(596, 22, '2023-05-20 14:48:32', '2023-05-20 14:48:32'),
(597, 22, '2023-05-20 14:48:32', '2023-05-20 14:48:32'),
(598, 22, '2023-05-20 14:48:32', '2023-05-20 14:48:32'),
(599, 22, '2023-05-20 14:48:32', '2023-05-20 14:48:32'),
(600, 22, '2023-05-20 14:48:32', '2023-05-20 14:48:32'),
(601, 23, '2023-05-20 14:48:34', '2023-05-20 14:48:34'),
(602, 23, '2023-05-20 14:48:34', '2023-05-20 14:48:34'),
(603, 23, '2023-05-20 14:48:34', '2023-05-20 14:48:34'),
(604, 23, '2023-05-20 14:48:34', '2023-05-20 14:48:34'),
(605, 23, '2023-05-20 14:48:34', '2023-05-20 14:48:34'),
(606, 23, '2023-05-20 14:48:34', '2023-05-20 14:48:34'),
(607, 23, '2023-05-20 14:48:34', '2023-05-20 14:48:34'),
(608, 23, '2023-05-20 14:48:34', '2023-05-20 14:48:34'),
(609, 23, '2023-05-20 14:48:34', '2023-05-20 14:48:34'),
(610, 23, '2023-05-20 14:48:34', '2023-05-20 14:48:34'),
(611, 23, '2023-05-20 14:48:34', '2023-05-20 14:48:34'),
(612, 23, '2023-05-20 14:48:34', '2023-05-20 14:48:34'),
(613, 23, '2023-05-20 14:48:34', '2023-05-20 14:48:34'),
(614, 23, '2023-05-20 14:48:34', '2023-05-20 14:48:34'),
(615, 23, '2023-05-20 14:48:34', '2023-05-20 14:48:34'),
(616, 23, '2023-05-20 14:48:34', '2023-05-20 14:48:34'),
(617, 23, '2023-05-20 14:48:34', '2023-05-20 14:48:34'),
(618, 23, '2023-05-20 14:48:34', '2023-05-20 14:48:34'),
(619, 23, '2023-05-20 14:48:34', '2023-05-20 14:48:34'),
(620, 23, '2023-05-20 14:48:34', '2023-05-20 14:48:34'),
(621, 23, '2023-05-20 14:48:34', '2023-05-20 14:48:34'),
(622, 23, '2023-05-20 14:48:34', '2023-05-20 14:48:34'),
(623, 23, '2023-05-20 14:48:34', '2023-05-20 14:48:34'),
(624, 23, '2023-05-20 14:48:34', '2023-05-20 14:48:34'),
(625, 23, '2023-05-20 14:48:34', '2023-05-20 14:48:34'),
(626, 23, '2023-05-20 14:48:34', '2023-05-20 14:48:34'),
(627, 23, '2023-05-20 14:48:34', '2023-05-20 14:48:34'),
(628, 23, '2023-05-20 14:48:34', '2023-05-20 14:48:34'),
(629, 23, '2023-05-20 14:48:34', '2023-05-20 14:48:34'),
(630, 23, '2023-05-20 14:48:34', '2023-05-20 14:48:34'),
(631, 24, '2023-05-20 14:48:43', '2023-05-20 14:48:43'),
(632, 24, '2023-05-20 14:48:43', '2023-05-20 14:48:43'),
(633, 24, '2023-05-20 14:48:43', '2023-05-20 14:48:43'),
(634, 24, '2023-05-20 14:48:43', '2023-05-20 14:48:43'),
(635, 24, '2023-05-20 14:48:43', '2023-05-20 14:48:43'),
(636, 24, '2023-05-20 14:48:43', '2023-05-20 14:48:43'),
(637, 24, '2023-05-20 14:48:43', '2023-05-20 14:48:43'),
(638, 24, '2023-05-20 14:48:43', '2023-05-20 14:48:43'),
(639, 24, '2023-05-20 14:48:43', '2023-05-20 14:48:43'),
(640, 24, '2023-05-20 14:48:43', '2023-05-20 14:48:43'),
(641, 24, '2023-05-20 14:48:43', '2023-05-20 14:48:43'),
(642, 24, '2023-05-20 14:48:43', '2023-05-20 14:48:43'),
(643, 24, '2023-05-20 14:48:43', '2023-05-20 14:48:43'),
(644, 24, '2023-05-20 14:48:43', '2023-05-20 14:48:43'),
(645, 24, '2023-05-20 14:48:43', '2023-05-20 14:48:43'),
(646, 24, '2023-05-20 14:48:43', '2023-05-20 14:48:43'),
(647, 24, '2023-05-20 14:48:43', '2023-05-20 14:48:43'),
(648, 24, '2023-05-20 14:48:43', '2023-05-20 14:48:43'),
(649, 24, '2023-05-20 14:48:43', '2023-05-20 14:48:43'),
(650, 24, '2023-05-20 14:48:43', '2023-05-20 14:48:43'),
(651, 24, '2023-05-20 14:48:43', '2023-05-20 14:48:43'),
(652, 24, '2023-05-20 14:48:43', '2023-05-20 14:48:43'),
(653, 24, '2023-05-20 14:48:43', '2023-05-20 14:48:43'),
(654, 24, '2023-05-20 14:48:43', '2023-05-20 14:48:43'),
(655, 24, '2023-05-20 14:48:43', '2023-05-20 14:48:43'),
(656, 24, '2023-05-20 14:48:43', '2023-05-20 14:48:43'),
(657, 24, '2023-05-20 14:48:43', '2023-05-20 14:48:43'),
(658, 24, '2023-05-20 14:48:43', '2023-05-20 14:48:43'),
(659, 24, '2023-05-20 14:48:43', '2023-05-20 14:48:43'),
(660, 24, '2023-05-20 14:48:43', '2023-05-20 14:48:43'),
(661, 25, '2023-05-20 14:48:45', '2023-05-20 14:48:45'),
(662, 25, '2023-05-20 14:48:45', '2023-05-20 14:48:45'),
(663, 25, '2023-05-20 14:48:45', '2023-05-20 14:48:45'),
(664, 25, '2023-05-20 14:48:45', '2023-05-20 14:48:45'),
(665, 25, '2023-05-20 14:48:45', '2023-05-20 14:48:45'),
(666, 25, '2023-05-20 14:48:45', '2023-05-20 14:48:45'),
(667, 25, '2023-05-20 14:48:45', '2023-05-20 14:48:45'),
(668, 25, '2023-05-20 14:48:45', '2023-05-20 14:48:45'),
(669, 25, '2023-05-20 14:48:45', '2023-05-20 14:48:45'),
(670, 25, '2023-05-20 14:48:45', '2023-05-20 14:48:45'),
(671, 25, '2023-05-20 14:48:45', '2023-05-20 14:48:45'),
(672, 25, '2023-05-20 14:48:45', '2023-05-20 14:48:45'),
(673, 25, '2023-05-20 14:48:45', '2023-05-20 14:48:45'),
(674, 25, '2023-05-20 14:48:45', '2023-05-20 14:48:45'),
(675, 25, '2023-05-20 14:48:45', '2023-05-20 14:48:45'),
(676, 25, '2023-05-20 14:48:45', '2023-05-20 14:48:45'),
(677, 25, '2023-05-20 14:48:45', '2023-05-20 14:48:45'),
(678, 25, '2023-05-20 14:48:45', '2023-05-20 14:48:45'),
(679, 25, '2023-05-20 14:48:45', '2023-05-20 14:48:45'),
(680, 25, '2023-05-20 14:48:45', '2023-05-20 14:48:45'),
(681, 25, '2023-05-20 14:48:45', '2023-05-20 14:48:45'),
(682, 25, '2023-05-20 14:48:45', '2023-05-20 14:48:45'),
(683, 25, '2023-05-20 14:48:45', '2023-05-20 14:48:45'),
(684, 25, '2023-05-20 14:48:45', '2023-05-20 14:48:45'),
(685, 25, '2023-05-20 14:48:45', '2023-05-20 14:48:45'),
(686, 25, '2023-05-20 14:48:45', '2023-05-20 14:48:45'),
(687, 25, '2023-05-20 14:48:45', '2023-05-20 14:48:45'),
(688, 25, '2023-05-20 14:48:45', '2023-05-20 14:48:45'),
(689, 25, '2023-05-20 14:48:45', '2023-05-20 14:48:45'),
(690, 25, '2023-05-20 14:48:45', '2023-05-20 14:48:45'),
(691, 26, '2023-05-20 14:48:47', '2023-05-20 14:48:47'),
(692, 26, '2023-05-20 14:48:47', '2023-05-20 14:48:47'),
(693, 26, '2023-05-20 14:48:47', '2023-05-20 14:48:47'),
(694, 26, '2023-05-20 14:48:47', '2023-05-20 14:48:47'),
(695, 26, '2023-05-20 14:48:47', '2023-05-20 14:48:47'),
(696, 26, '2023-05-20 14:48:47', '2023-05-20 14:48:47'),
(697, 26, '2023-05-20 14:48:47', '2023-05-20 14:48:47'),
(698, 26, '2023-05-20 14:48:47', '2023-05-20 14:48:47'),
(699, 26, '2023-05-20 14:48:47', '2023-05-20 14:48:47'),
(700, 26, '2023-05-20 14:48:47', '2023-05-20 14:48:47'),
(701, 26, '2023-05-20 14:48:47', '2023-05-20 14:48:47'),
(702, 26, '2023-05-20 14:48:47', '2023-05-20 14:48:47'),
(703, 26, '2023-05-20 14:48:47', '2023-05-20 14:48:47'),
(704, 26, '2023-05-20 14:48:47', '2023-05-20 14:48:47'),
(705, 26, '2023-05-20 14:48:47', '2023-05-20 14:48:47'),
(706, 26, '2023-05-20 14:48:47', '2023-05-20 14:48:47'),
(707, 26, '2023-05-20 14:48:47', '2023-05-20 14:48:47'),
(708, 26, '2023-05-20 14:48:47', '2023-05-20 14:48:47'),
(709, 26, '2023-05-20 14:48:47', '2023-05-20 14:48:47'),
(710, 26, '2023-05-20 14:48:47', '2023-05-20 14:48:47'),
(711, 26, '2023-05-20 14:48:47', '2023-05-20 14:48:47'),
(712, 26, '2023-05-20 14:48:47', '2023-05-20 14:48:47'),
(713, 26, '2023-05-20 14:48:47', '2023-05-20 14:48:47'),
(714, 26, '2023-05-20 14:48:47', '2023-05-20 14:48:47'),
(715, 26, '2023-05-20 14:48:47', '2023-05-20 14:48:47'),
(716, 26, '2023-05-20 14:48:47', '2023-05-20 14:48:47'),
(717, 26, '2023-05-20 14:48:47', '2023-05-20 14:48:47'),
(718, 26, '2023-05-20 14:48:47', '2023-05-20 14:48:47'),
(719, 26, '2023-05-20 14:48:47', '2023-05-20 14:48:47'),
(720, 26, '2023-05-20 14:48:47', '2023-05-20 14:48:47'),
(721, 27, '2023-05-20 14:48:57', '2023-05-20 14:48:57'),
(722, 27, '2023-05-20 14:48:57', '2023-05-20 14:48:57'),
(723, 27, '2023-05-20 14:48:57', '2023-05-20 14:48:57'),
(724, 27, '2023-05-20 14:48:57', '2023-05-20 14:48:57'),
(725, 27, '2023-05-20 14:48:57', '2023-05-20 14:48:57'),
(726, 27, '2023-05-20 14:48:57', '2023-05-20 14:48:57'),
(727, 27, '2023-05-20 14:48:57', '2023-05-20 14:48:57'),
(728, 27, '2023-05-20 14:48:57', '2023-05-20 14:48:57'),
(729, 27, '2023-05-20 14:48:57', '2023-05-20 14:48:57'),
(730, 27, '2023-05-20 14:48:57', '2023-05-20 14:48:57'),
(731, 27, '2023-05-20 14:48:57', '2023-05-20 14:48:57'),
(732, 27, '2023-05-20 14:48:57', '2023-05-20 14:48:57'),
(733, 27, '2023-05-20 14:48:57', '2023-05-20 14:48:57'),
(734, 27, '2023-05-20 14:48:57', '2023-05-20 14:48:57'),
(735, 27, '2023-05-20 14:48:57', '2023-05-20 14:48:57'),
(736, 27, '2023-05-20 14:48:57', '2023-05-20 14:48:57'),
(737, 27, '2023-05-20 14:48:57', '2023-05-20 14:48:57'),
(738, 27, '2023-05-20 14:48:57', '2023-05-20 14:48:57'),
(739, 27, '2023-05-20 14:48:57', '2023-05-20 14:48:57'),
(740, 27, '2023-05-20 14:48:57', '2023-05-20 14:48:57'),
(741, 27, '2023-05-20 14:48:57', '2023-05-20 14:48:57'),
(742, 27, '2023-05-20 14:48:57', '2023-05-20 14:48:57'),
(743, 27, '2023-05-20 14:48:57', '2023-05-20 14:48:57'),
(744, 27, '2023-05-20 14:48:57', '2023-05-20 14:48:57'),
(745, 27, '2023-05-20 14:48:57', '2023-05-20 14:48:57'),
(746, 27, '2023-05-20 14:48:57', '2023-05-20 14:48:57'),
(747, 27, '2023-05-20 14:48:57', '2023-05-20 14:48:57'),
(748, 27, '2023-05-20 14:48:57', '2023-05-20 14:48:57'),
(749, 27, '2023-05-20 14:48:57', '2023-05-20 14:48:57'),
(750, 27, '2023-05-20 14:48:57', '2023-05-20 14:48:57'),
(751, 28, '2023-05-20 14:49:00', '2023-05-20 14:49:00'),
(752, 28, '2023-05-20 14:49:00', '2023-05-20 14:49:00'),
(753, 28, '2023-05-20 14:49:00', '2023-05-20 14:49:00'),
(754, 28, '2023-05-20 14:49:00', '2023-05-20 14:49:00'),
(755, 28, '2023-05-20 14:49:00', '2023-05-20 14:49:00'),
(756, 28, '2023-05-20 14:49:00', '2023-05-20 14:49:00'),
(757, 28, '2023-05-20 14:49:00', '2023-05-20 14:49:00'),
(758, 28, '2023-05-20 14:49:00', '2023-05-20 14:49:00'),
(759, 28, '2023-05-20 14:49:00', '2023-05-20 14:49:00'),
(760, 28, '2023-05-20 14:49:00', '2023-05-20 14:49:00'),
(761, 28, '2023-05-20 14:49:00', '2023-05-20 14:49:00'),
(762, 28, '2023-05-20 14:49:00', '2023-05-20 14:49:00'),
(763, 28, '2023-05-20 14:49:00', '2023-05-20 14:49:00'),
(764, 28, '2023-05-20 14:49:00', '2023-05-20 14:49:00'),
(765, 28, '2023-05-20 14:49:00', '2023-05-20 14:49:00'),
(766, 28, '2023-05-20 14:49:00', '2023-05-20 14:49:00'),
(767, 28, '2023-05-20 14:49:00', '2023-05-20 14:49:00'),
(768, 28, '2023-05-20 14:49:00', '2023-05-20 14:49:00'),
(769, 28, '2023-05-20 14:49:00', '2023-05-20 14:49:00'),
(770, 28, '2023-05-20 14:49:00', '2023-05-20 14:49:00'),
(771, 28, '2023-05-20 14:49:00', '2023-05-20 14:49:00'),
(772, 28, '2023-05-20 14:49:00', '2023-05-20 14:49:00'),
(773, 28, '2023-05-20 14:49:00', '2023-05-20 14:49:00'),
(774, 28, '2023-05-20 14:49:00', '2023-05-20 14:49:00'),
(775, 28, '2023-05-20 14:49:00', '2023-05-20 14:49:00'),
(776, 28, '2023-05-20 14:49:00', '2023-05-20 14:49:00'),
(777, 28, '2023-05-20 14:49:00', '2023-05-20 14:49:00'),
(778, 28, '2023-05-20 14:49:00', '2023-05-20 14:49:00'),
(779, 28, '2023-05-20 14:49:00', '2023-05-20 14:49:00'),
(780, 28, '2023-05-20 14:49:00', '2023-05-20 14:49:00'),
(781, 29, '2023-05-20 14:49:02', '2023-05-20 14:49:02'),
(782, 29, '2023-05-20 14:49:02', '2023-05-20 14:49:02'),
(783, 29, '2023-05-20 14:49:02', '2023-05-20 14:49:02'),
(784, 29, '2023-05-20 14:49:02', '2023-05-20 14:49:02'),
(785, 29, '2023-05-20 14:49:02', '2023-05-20 14:49:02'),
(786, 29, '2023-05-20 14:49:02', '2023-05-20 14:49:02'),
(787, 29, '2023-05-20 14:49:02', '2023-05-20 14:49:02'),
(788, 29, '2023-05-20 14:49:02', '2023-05-20 14:49:02'),
(789, 29, '2023-05-20 14:49:02', '2023-05-20 14:49:02'),
(790, 29, '2023-05-20 14:49:02', '2023-05-20 14:49:02'),
(791, 29, '2023-05-20 14:49:02', '2023-05-20 14:49:02'),
(792, 29, '2023-05-20 14:49:02', '2023-05-20 14:49:02'),
(793, 29, '2023-05-20 14:49:02', '2023-05-20 14:49:02'),
(794, 29, '2023-05-20 14:49:02', '2023-05-20 14:49:02'),
(795, 29, '2023-05-20 14:49:02', '2023-05-20 14:49:02'),
(796, 29, '2023-05-20 14:49:02', '2023-05-20 14:49:02'),
(797, 29, '2023-05-20 14:49:02', '2023-05-20 14:49:02'),
(798, 29, '2023-05-20 14:49:02', '2023-05-20 14:49:02'),
(799, 29, '2023-05-20 14:49:02', '2023-05-20 14:49:02'),
(800, 29, '2023-05-20 14:49:02', '2023-05-20 14:49:02'),
(801, 29, '2023-05-20 14:49:02', '2023-05-20 14:49:02'),
(802, 29, '2023-05-20 14:49:02', '2023-05-20 14:49:02'),
(803, 29, '2023-05-20 14:49:02', '2023-05-20 14:49:02'),
(804, 29, '2023-05-20 14:49:02', '2023-05-20 14:49:02'),
(805, 29, '2023-05-20 14:49:02', '2023-05-20 14:49:02'),
(806, 29, '2023-05-20 14:49:02', '2023-05-20 14:49:02'),
(807, 29, '2023-05-20 14:49:02', '2023-05-20 14:49:02'),
(808, 29, '2023-05-20 14:49:02', '2023-05-20 14:49:02'),
(809, 29, '2023-05-20 14:49:02', '2023-05-20 14:49:02'),
(810, 29, '2023-05-20 14:49:02', '2023-05-20 14:49:02'),
(811, 30, '2023-05-20 14:49:09', '2023-05-20 14:49:09'),
(812, 30, '2023-05-20 14:49:09', '2023-05-20 14:49:09'),
(813, 30, '2023-05-20 14:49:09', '2023-05-20 14:49:09'),
(814, 30, '2023-05-20 14:49:09', '2023-05-20 14:49:09'),
(815, 30, '2023-05-20 14:49:09', '2023-05-20 14:49:09'),
(816, 30, '2023-05-20 14:49:09', '2023-05-20 14:49:09'),
(817, 30, '2023-05-20 14:49:09', '2023-05-20 14:49:09'),
(818, 30, '2023-05-20 14:49:09', '2023-05-20 14:49:09'),
(819, 30, '2023-05-20 14:49:09', '2023-05-20 14:49:09'),
(820, 30, '2023-05-20 14:49:09', '2023-05-20 14:49:09'),
(821, 30, '2023-05-20 14:49:09', '2023-05-20 14:49:09'),
(822, 30, '2023-05-20 14:49:09', '2023-05-20 14:49:09'),
(823, 30, '2023-05-20 14:49:09', '2023-05-20 14:49:09'),
(824, 30, '2023-05-20 14:49:09', '2023-05-20 14:49:09'),
(825, 30, '2023-05-20 14:49:09', '2023-05-20 14:49:09'),
(826, 30, '2023-05-20 14:49:09', '2023-05-20 14:49:09'),
(827, 30, '2023-05-20 14:49:09', '2023-05-20 14:49:09'),
(828, 30, '2023-05-20 14:49:09', '2023-05-20 14:49:09'),
(829, 30, '2023-05-20 14:49:09', '2023-05-20 14:49:09'),
(830, 30, '2023-05-20 14:49:09', '2023-05-20 14:49:09'),
(831, 30, '2023-05-20 14:49:09', '2023-05-20 14:49:09'),
(832, 30, '2023-05-20 14:49:09', '2023-05-20 14:49:09'),
(833, 30, '2023-05-20 14:49:09', '2023-05-20 14:49:09'),
(834, 30, '2023-05-20 14:49:09', '2023-05-20 14:49:09'),
(835, 30, '2023-05-20 14:49:09', '2023-05-20 14:49:09'),
(836, 30, '2023-05-20 14:49:09', '2023-05-20 14:49:09'),
(837, 30, '2023-05-20 14:49:09', '2023-05-20 14:49:09'),
(838, 30, '2023-05-20 14:49:09', '2023-05-20 14:49:09'),
(839, 30, '2023-05-20 14:49:09', '2023-05-20 14:49:09'),
(840, 30, '2023-05-20 14:49:09', '2023-05-20 14:49:09'),
(841, 31, '2023-05-20 14:49:12', '2023-05-20 14:49:12'),
(842, 31, '2023-05-20 14:49:12', '2023-05-20 14:49:12'),
(843, 31, '2023-05-20 14:49:12', '2023-05-20 14:49:12'),
(844, 31, '2023-05-20 14:49:12', '2023-05-20 14:49:12'),
(845, 31, '2023-05-20 14:49:12', '2023-05-20 14:49:12'),
(846, 31, '2023-05-20 14:49:12', '2023-05-20 14:49:12'),
(847, 31, '2023-05-20 14:49:12', '2023-05-20 14:49:12'),
(848, 31, '2023-05-20 14:49:12', '2023-05-20 14:49:12'),
(849, 31, '2023-05-20 14:49:12', '2023-05-20 14:49:12'),
(850, 31, '2023-05-20 14:49:12', '2023-05-20 14:49:12'),
(851, 31, '2023-05-20 14:49:12', '2023-05-20 14:49:12'),
(852, 31, '2023-05-20 14:49:12', '2023-05-20 14:49:12'),
(853, 31, '2023-05-20 14:49:12', '2023-05-20 14:49:12'),
(854, 31, '2023-05-20 14:49:12', '2023-05-20 14:49:12'),
(855, 31, '2023-05-20 14:49:12', '2023-05-20 14:49:12'),
(856, 31, '2023-05-20 14:49:12', '2023-05-20 14:49:12'),
(857, 31, '2023-05-20 14:49:12', '2023-05-20 14:49:12'),
(858, 31, '2023-05-20 14:49:12', '2023-05-20 14:49:12'),
(859, 31, '2023-05-20 14:49:12', '2023-05-20 14:49:12'),
(860, 31, '2023-05-20 14:49:12', '2023-05-20 14:49:12'),
(861, 31, '2023-05-20 14:49:12', '2023-05-20 14:49:12'),
(862, 31, '2023-05-20 14:49:12', '2023-05-20 14:49:12'),
(863, 31, '2023-05-20 14:49:12', '2023-05-20 14:49:12'),
(864, 31, '2023-05-20 14:49:12', '2023-05-20 14:49:12'),
(865, 31, '2023-05-20 14:49:12', '2023-05-20 14:49:12'),
(866, 31, '2023-05-20 14:49:12', '2023-05-20 14:49:12'),
(867, 31, '2023-05-20 14:49:12', '2023-05-20 14:49:12'),
(868, 31, '2023-05-20 14:49:12', '2023-05-20 14:49:12'),
(869, 31, '2023-05-20 14:49:12', '2023-05-20 14:49:12'),
(870, 31, '2023-05-20 14:49:12', '2023-05-20 14:49:12'),
(871, 32, '2023-05-20 14:49:19', '2023-05-20 14:49:19'),
(872, 32, '2023-05-20 14:49:19', '2023-05-20 14:49:19'),
(873, 32, '2023-05-20 14:49:19', '2023-05-20 14:49:19'),
(874, 32, '2023-05-20 14:49:19', '2023-05-20 14:49:19'),
(875, 32, '2023-05-20 14:49:19', '2023-05-20 14:49:19'),
(876, 32, '2023-05-20 14:49:19', '2023-05-20 14:49:19'),
(877, 32, '2023-05-20 14:49:19', '2023-05-20 14:49:19'),
(878, 32, '2023-05-20 14:49:19', '2023-05-20 14:49:19'),
(879, 32, '2023-05-20 14:49:19', '2023-05-20 14:49:19'),
(880, 32, '2023-05-20 14:49:19', '2023-05-20 14:49:19'),
(881, 32, '2023-05-20 14:49:19', '2023-05-20 14:49:19'),
(882, 32, '2023-05-20 14:49:19', '2023-05-20 14:49:19'),
(883, 32, '2023-05-20 14:49:19', '2023-05-20 14:49:19'),
(884, 32, '2023-05-20 14:49:19', '2023-05-20 14:49:19'),
(885, 32, '2023-05-20 14:49:19', '2023-05-20 14:49:19'),
(886, 32, '2023-05-20 14:49:19', '2023-05-20 14:49:19'),
(887, 32, '2023-05-20 14:49:19', '2023-05-20 14:49:19'),
(888, 32, '2023-05-20 14:49:19', '2023-05-20 14:49:19'),
(889, 32, '2023-05-20 14:49:19', '2023-05-20 14:49:19'),
(890, 32, '2023-05-20 14:49:19', '2023-05-20 14:49:19'),
(891, 32, '2023-05-20 14:49:19', '2023-05-20 14:49:19'),
(892, 32, '2023-05-20 14:49:19', '2023-05-20 14:49:19'),
(893, 32, '2023-05-20 14:49:19', '2023-05-20 14:49:19'),
(894, 32, '2023-05-20 14:49:19', '2023-05-20 14:49:19'),
(895, 32, '2023-05-20 14:49:19', '2023-05-20 14:49:19'),
(896, 32, '2023-05-20 14:49:19', '2023-05-20 14:49:19'),
(897, 32, '2023-05-20 14:49:19', '2023-05-20 14:49:19'),
(898, 32, '2023-05-20 14:49:19', '2023-05-20 14:49:19'),
(899, 32, '2023-05-20 14:49:19', '2023-05-20 14:49:19'),
(900, 32, '2023-05-20 14:49:19', '2023-05-20 14:49:19'),
(901, 33, '2023-05-20 14:49:22', '2023-05-20 14:49:22'),
(902, 33, '2023-05-20 14:49:22', '2023-05-20 14:49:22'),
(903, 33, '2023-05-20 14:49:22', '2023-05-20 14:49:22'),
(904, 33, '2023-05-20 14:49:22', '2023-05-20 14:49:22'),
(905, 33, '2023-05-20 14:49:22', '2023-05-20 14:49:22'),
(906, 33, '2023-05-20 14:49:22', '2023-05-20 14:49:22'),
(907, 33, '2023-05-20 14:49:22', '2023-05-20 14:49:22'),
(908, 33, '2023-05-20 14:49:22', '2023-05-20 14:49:22'),
(909, 33, '2023-05-20 14:49:22', '2023-05-20 14:49:22'),
(910, 33, '2023-05-20 14:49:22', '2023-05-20 14:49:22'),
(911, 33, '2023-05-20 14:49:22', '2023-05-20 14:49:22'),
(912, 33, '2023-05-20 14:49:22', '2023-05-20 14:49:22'),
(913, 33, '2023-05-20 14:49:22', '2023-05-20 14:49:22'),
(914, 33, '2023-05-20 14:49:22', '2023-05-20 14:49:22');
INSERT INTO `rooms` (`id`, `type_room_id`, `created_at`, `updated_at`) VALUES
(915, 33, '2023-05-20 14:49:22', '2023-05-20 14:49:22'),
(916, 33, '2023-05-20 14:49:22', '2023-05-20 14:49:22'),
(917, 33, '2023-05-20 14:49:22', '2023-05-20 14:49:22'),
(918, 33, '2023-05-20 14:49:22', '2023-05-20 14:49:22'),
(919, 33, '2023-05-20 14:49:22', '2023-05-20 14:49:22'),
(920, 33, '2023-05-20 14:49:22', '2023-05-20 14:49:22'),
(921, 33, '2023-05-20 14:49:22', '2023-05-20 14:49:22'),
(922, 33, '2023-05-20 14:49:22', '2023-05-20 14:49:22'),
(923, 33, '2023-05-20 14:49:22', '2023-05-20 14:49:22'),
(924, 33, '2023-05-20 14:49:22', '2023-05-20 14:49:22'),
(925, 33, '2023-05-20 14:49:22', '2023-05-20 14:49:22'),
(926, 33, '2023-05-20 14:49:22', '2023-05-20 14:49:22'),
(927, 33, '2023-05-20 14:49:22', '2023-05-20 14:49:22'),
(928, 33, '2023-05-20 14:49:22', '2023-05-20 14:49:22'),
(929, 33, '2023-05-20 14:49:22', '2023-05-20 14:49:22'),
(930, 33, '2023-05-20 14:49:22', '2023-05-20 14:49:22'),
(931, 34, '2023-05-20 14:49:23', '2023-05-20 14:49:23'),
(932, 34, '2023-05-20 14:49:23', '2023-05-20 14:49:23'),
(933, 34, '2023-05-20 14:49:23', '2023-05-20 14:49:23'),
(934, 34, '2023-05-20 14:49:23', '2023-05-20 14:49:23'),
(935, 34, '2023-05-20 14:49:23', '2023-05-20 14:49:23'),
(936, 34, '2023-05-20 14:49:23', '2023-05-20 14:49:23'),
(937, 34, '2023-05-20 14:49:23', '2023-05-20 14:49:23'),
(938, 34, '2023-05-20 14:49:23', '2023-05-20 14:49:23'),
(939, 34, '2023-05-20 14:49:23', '2023-05-20 14:49:23'),
(940, 34, '2023-05-20 14:49:23', '2023-05-20 14:49:23'),
(941, 34, '2023-05-20 14:49:23', '2023-05-20 14:49:23'),
(942, 34, '2023-05-20 14:49:23', '2023-05-20 14:49:23'),
(943, 34, '2023-05-20 14:49:23', '2023-05-20 14:49:23'),
(944, 34, '2023-05-20 14:49:23', '2023-05-20 14:49:23'),
(945, 34, '2023-05-20 14:49:23', '2023-05-20 14:49:23'),
(946, 34, '2023-05-20 14:49:23', '2023-05-20 14:49:23'),
(947, 34, '2023-05-20 14:49:23', '2023-05-20 14:49:23'),
(948, 34, '2023-05-20 14:49:23', '2023-05-20 14:49:23'),
(949, 34, '2023-05-20 14:49:23', '2023-05-20 14:49:23'),
(950, 34, '2023-05-20 14:49:23', '2023-05-20 14:49:23'),
(951, 34, '2023-05-20 14:49:23', '2023-05-20 14:49:23'),
(952, 34, '2023-05-20 14:49:23', '2023-05-20 14:49:23'),
(953, 34, '2023-05-20 14:49:23', '2023-05-20 14:49:23'),
(954, 34, '2023-05-20 14:49:23', '2023-05-20 14:49:23'),
(955, 34, '2023-05-20 14:49:23', '2023-05-20 14:49:23'),
(956, 34, '2023-05-20 14:49:23', '2023-05-20 14:49:23'),
(957, 34, '2023-05-20 14:49:23', '2023-05-20 14:49:23'),
(958, 34, '2023-05-20 14:49:23', '2023-05-20 14:49:23'),
(959, 34, '2023-05-20 14:49:23', '2023-05-20 14:49:23'),
(960, 34, '2023-05-20 14:49:23', '2023-05-20 14:49:23'),
(961, 35, '2023-05-20 14:49:29', '2023-05-20 14:49:29'),
(962, 35, '2023-05-20 14:49:29', '2023-05-20 14:49:29'),
(963, 35, '2023-05-20 14:49:29', '2023-05-20 14:49:29'),
(964, 35, '2023-05-20 14:49:29', '2023-05-20 14:49:29'),
(965, 35, '2023-05-20 14:49:29', '2023-05-20 14:49:29'),
(966, 35, '2023-05-20 14:49:29', '2023-05-20 14:49:29'),
(967, 35, '2023-05-20 14:49:29', '2023-05-20 14:49:29'),
(968, 35, '2023-05-20 14:49:29', '2023-05-20 14:49:29'),
(969, 35, '2023-05-20 14:49:29', '2023-05-20 14:49:29'),
(970, 35, '2023-05-20 14:49:29', '2023-05-20 14:49:29'),
(971, 35, '2023-05-20 14:49:29', '2023-05-20 14:49:29'),
(972, 35, '2023-05-20 14:49:29', '2023-05-20 14:49:29'),
(973, 35, '2023-05-20 14:49:29', '2023-05-20 14:49:29'),
(974, 35, '2023-05-20 14:49:29', '2023-05-20 14:49:29'),
(975, 35, '2023-05-20 14:49:29', '2023-05-20 14:49:29'),
(976, 35, '2023-05-20 14:49:29', '2023-05-20 14:49:29'),
(977, 35, '2023-05-20 14:49:29', '2023-05-20 14:49:29'),
(978, 35, '2023-05-20 14:49:29', '2023-05-20 14:49:29'),
(979, 35, '2023-05-20 14:49:29', '2023-05-20 14:49:29'),
(980, 35, '2023-05-20 14:49:29', '2023-05-20 14:49:29'),
(981, 35, '2023-05-20 14:49:29', '2023-05-20 14:49:29'),
(982, 35, '2023-05-20 14:49:29', '2023-05-20 14:49:29'),
(983, 35, '2023-05-20 14:49:29', '2023-05-20 14:49:29'),
(984, 35, '2023-05-20 14:49:29', '2023-05-20 14:49:29'),
(985, 35, '2023-05-20 14:49:29', '2023-05-20 14:49:29'),
(986, 35, '2023-05-20 14:49:29', '2023-05-20 14:49:29'),
(987, 35, '2023-05-20 14:49:29', '2023-05-20 14:49:29'),
(988, 35, '2023-05-20 14:49:29', '2023-05-20 14:49:29'),
(989, 35, '2023-05-20 14:49:29', '2023-05-20 14:49:29'),
(990, 35, '2023-05-20 14:49:29', '2023-05-20 14:49:29'),
(991, 36, '2023-05-20 14:49:32', '2023-05-20 14:49:32'),
(992, 36, '2023-05-20 14:49:32', '2023-05-20 14:49:32'),
(993, 36, '2023-05-20 14:49:32', '2023-05-20 14:49:32'),
(994, 36, '2023-05-20 14:49:32', '2023-05-20 14:49:32'),
(995, 36, '2023-05-20 14:49:32', '2023-05-20 14:49:32'),
(996, 36, '2023-05-20 14:49:32', '2023-05-20 14:49:32'),
(997, 36, '2023-05-20 14:49:32', '2023-05-20 14:49:32'),
(998, 36, '2023-05-20 14:49:32', '2023-05-20 14:49:32'),
(999, 36, '2023-05-20 14:49:32', '2023-05-20 14:49:32'),
(1000, 36, '2023-05-20 14:49:32', '2023-05-20 14:49:32'),
(1001, 36, '2023-05-20 14:49:32', '2023-05-20 14:49:32'),
(1002, 36, '2023-05-20 14:49:32', '2023-05-20 14:49:32'),
(1003, 36, '2023-05-20 14:49:32', '2023-05-20 14:49:32'),
(1004, 36, '2023-05-20 14:49:32', '2023-05-20 14:49:32'),
(1005, 36, '2023-05-20 14:49:32', '2023-05-20 14:49:32'),
(1006, 36, '2023-05-20 14:49:32', '2023-05-20 14:49:32'),
(1007, 36, '2023-05-20 14:49:32', '2023-05-20 14:49:32'),
(1008, 36, '2023-05-20 14:49:32', '2023-05-20 14:49:32'),
(1009, 36, '2023-05-20 14:49:32', '2023-05-20 14:49:32'),
(1010, 36, '2023-05-20 14:49:32', '2023-05-20 14:49:32'),
(1011, 36, '2023-05-20 14:49:32', '2023-05-20 14:49:32'),
(1012, 36, '2023-05-20 14:49:32', '2023-05-20 14:49:32'),
(1013, 36, '2023-05-20 14:49:32', '2023-05-20 14:49:32'),
(1014, 36, '2023-05-20 14:49:32', '2023-05-20 14:49:32'),
(1015, 36, '2023-05-20 14:49:32', '2023-05-20 14:49:32'),
(1016, 36, '2023-05-20 14:49:32', '2023-05-20 14:49:32'),
(1017, 36, '2023-05-20 14:49:32', '2023-05-20 14:49:32'),
(1018, 36, '2023-05-20 14:49:32', '2023-05-20 14:49:32'),
(1019, 36, '2023-05-20 14:49:32', '2023-05-20 14:49:32'),
(1020, 36, '2023-05-20 14:49:32', '2023-05-20 14:49:32'),
(1021, 37, '2023-05-20 14:49:34', '2023-05-20 14:49:34'),
(1022, 37, '2023-05-20 14:49:34', '2023-05-20 14:49:34'),
(1023, 37, '2023-05-20 14:49:34', '2023-05-20 14:49:34'),
(1024, 37, '2023-05-20 14:49:34', '2023-05-20 14:49:34'),
(1025, 37, '2023-05-20 14:49:34', '2023-05-20 14:49:34'),
(1026, 37, '2023-05-20 14:49:34', '2023-05-20 14:49:34'),
(1027, 37, '2023-05-20 14:49:34', '2023-05-20 14:49:34'),
(1028, 37, '2023-05-20 14:49:34', '2023-05-20 14:49:34'),
(1029, 37, '2023-05-20 14:49:34', '2023-05-20 14:49:34'),
(1030, 37, '2023-05-20 14:49:34', '2023-05-20 14:49:34'),
(1031, 37, '2023-05-20 14:49:34', '2023-05-20 14:49:34'),
(1032, 37, '2023-05-20 14:49:34', '2023-05-20 14:49:34'),
(1033, 37, '2023-05-20 14:49:34', '2023-05-20 14:49:34'),
(1034, 37, '2023-05-20 14:49:34', '2023-05-20 14:49:34'),
(1035, 37, '2023-05-20 14:49:34', '2023-05-20 14:49:34'),
(1036, 37, '2023-05-20 14:49:34', '2023-05-20 14:49:34'),
(1037, 37, '2023-05-20 14:49:34', '2023-05-20 14:49:34'),
(1038, 37, '2023-05-20 14:49:34', '2023-05-20 14:49:34'),
(1039, 37, '2023-05-20 14:49:34', '2023-05-20 14:49:34'),
(1040, 37, '2023-05-20 14:49:34', '2023-05-20 14:49:34'),
(1041, 37, '2023-05-20 14:49:34', '2023-05-20 14:49:34'),
(1042, 37, '2023-05-20 14:49:34', '2023-05-20 14:49:34'),
(1043, 37, '2023-05-20 14:49:34', '2023-05-20 14:49:34'),
(1044, 37, '2023-05-20 14:49:34', '2023-05-20 14:49:34'),
(1045, 37, '2023-05-20 14:49:34', '2023-05-20 14:49:34'),
(1046, 37, '2023-05-20 14:49:34', '2023-05-20 14:49:34'),
(1047, 37, '2023-05-20 14:49:34', '2023-05-20 14:49:34'),
(1048, 37, '2023-05-20 14:49:34', '2023-05-20 14:49:34'),
(1049, 37, '2023-05-20 14:49:34', '2023-05-20 14:49:34'),
(1050, 37, '2023-05-20 14:49:34', '2023-05-20 14:49:34'),
(1051, 38, '2023-05-20 14:49:42', '2023-05-20 14:49:42'),
(1052, 38, '2023-05-20 14:49:42', '2023-05-20 14:49:42'),
(1053, 38, '2023-05-20 14:49:42', '2023-05-20 14:49:42'),
(1054, 38, '2023-05-20 14:49:42', '2023-05-20 14:49:42'),
(1055, 38, '2023-05-20 14:49:42', '2023-05-20 14:49:42'),
(1056, 38, '2023-05-20 14:49:42', '2023-05-20 14:49:42'),
(1057, 38, '2023-05-20 14:49:42', '2023-05-20 14:49:42'),
(1058, 38, '2023-05-20 14:49:42', '2023-05-20 14:49:42'),
(1059, 38, '2023-05-20 14:49:42', '2023-05-20 14:49:42'),
(1060, 38, '2023-05-20 14:49:42', '2023-05-20 14:49:42'),
(1061, 38, '2023-05-20 14:49:42', '2023-05-20 14:49:42'),
(1062, 38, '2023-05-20 14:49:42', '2023-05-20 14:49:42'),
(1063, 38, '2023-05-20 14:49:42', '2023-05-20 14:49:42'),
(1064, 38, '2023-05-20 14:49:42', '2023-05-20 14:49:42'),
(1065, 38, '2023-05-20 14:49:42', '2023-05-20 14:49:42'),
(1066, 38, '2023-05-20 14:49:42', '2023-05-20 14:49:42'),
(1067, 38, '2023-05-20 14:49:42', '2023-05-20 14:49:42'),
(1068, 38, '2023-05-20 14:49:42', '2023-05-20 14:49:42'),
(1069, 38, '2023-05-20 14:49:42', '2023-05-20 14:49:42'),
(1070, 38, '2023-05-20 14:49:42', '2023-05-20 14:49:42'),
(1071, 38, '2023-05-20 14:49:42', '2023-05-20 14:49:42'),
(1072, 38, '2023-05-20 14:49:42', '2023-05-20 14:49:42'),
(1073, 38, '2023-05-20 14:49:42', '2023-05-20 14:49:42'),
(1074, 38, '2023-05-20 14:49:42', '2023-05-20 14:49:42'),
(1075, 38, '2023-05-20 14:49:42', '2023-05-20 14:49:42'),
(1076, 38, '2023-05-20 14:49:42', '2023-05-20 14:49:42'),
(1077, 38, '2023-05-20 14:49:42', '2023-05-20 14:49:42'),
(1078, 38, '2023-05-20 14:49:42', '2023-05-20 14:49:42'),
(1079, 38, '2023-05-20 14:49:42', '2023-05-20 14:49:42'),
(1080, 38, '2023-05-20 14:49:42', '2023-05-20 14:49:42'),
(1081, 39, '2023-05-20 14:49:45', '2023-05-20 14:49:45'),
(1082, 39, '2023-05-20 14:49:45', '2023-05-20 14:49:45'),
(1083, 39, '2023-05-20 14:49:45', '2023-05-20 14:49:45'),
(1084, 39, '2023-05-20 14:49:45', '2023-05-20 14:49:45'),
(1085, 39, '2023-05-20 14:49:45', '2023-05-20 14:49:45'),
(1086, 39, '2023-05-20 14:49:45', '2023-05-20 14:49:45'),
(1087, 39, '2023-05-20 14:49:45', '2023-05-20 14:49:45'),
(1088, 39, '2023-05-20 14:49:45', '2023-05-20 14:49:45'),
(1089, 39, '2023-05-20 14:49:45', '2023-05-20 14:49:45'),
(1090, 39, '2023-05-20 14:49:45', '2023-05-20 14:49:45'),
(1091, 39, '2023-05-20 14:49:45', '2023-05-20 14:49:45'),
(1092, 39, '2023-05-20 14:49:45', '2023-05-20 14:49:45'),
(1093, 39, '2023-05-20 14:49:45', '2023-05-20 14:49:45'),
(1094, 39, '2023-05-20 14:49:45', '2023-05-20 14:49:45'),
(1095, 39, '2023-05-20 14:49:45', '2023-05-20 14:49:45'),
(1096, 39, '2023-05-20 14:49:45', '2023-05-20 14:49:45'),
(1097, 39, '2023-05-20 14:49:45', '2023-05-20 14:49:45'),
(1098, 39, '2023-05-20 14:49:45', '2023-05-20 14:49:45'),
(1099, 39, '2023-05-20 14:49:45', '2023-05-20 14:49:45'),
(1100, 39, '2023-05-20 14:49:45', '2023-05-20 14:49:45'),
(1101, 39, '2023-05-20 14:49:45', '2023-05-20 14:49:45'),
(1102, 39, '2023-05-20 14:49:45', '2023-05-20 14:49:45'),
(1103, 39, '2023-05-20 14:49:45', '2023-05-20 14:49:45'),
(1104, 39, '2023-05-20 14:49:45', '2023-05-20 14:49:45'),
(1105, 39, '2023-05-20 14:49:45', '2023-05-20 14:49:45'),
(1106, 39, '2023-05-20 14:49:45', '2023-05-20 14:49:45'),
(1107, 39, '2023-05-20 14:49:45', '2023-05-20 14:49:45'),
(1108, 39, '2023-05-20 14:49:45', '2023-05-20 14:49:45'),
(1109, 39, '2023-05-20 14:49:45', '2023-05-20 14:49:45'),
(1110, 39, '2023-05-20 14:49:45', '2023-05-20 14:49:45'),
(1111, 40, '2023-05-20 14:49:47', '2023-05-20 14:49:47'),
(1112, 40, '2023-05-20 14:49:47', '2023-05-20 14:49:47'),
(1113, 40, '2023-05-20 14:49:47', '2023-05-20 14:49:47'),
(1114, 40, '2023-05-20 14:49:47', '2023-05-20 14:49:47'),
(1115, 40, '2023-05-20 14:49:47', '2023-05-20 14:49:47'),
(1116, 40, '2023-05-20 14:49:47', '2023-05-20 14:49:47'),
(1117, 40, '2023-05-20 14:49:47', '2023-05-20 14:49:47'),
(1118, 40, '2023-05-20 14:49:47', '2023-05-20 14:49:47'),
(1119, 40, '2023-05-20 14:49:47', '2023-05-20 14:49:47'),
(1120, 40, '2023-05-20 14:49:47', '2023-05-20 14:49:47'),
(1121, 40, '2023-05-20 14:49:47', '2023-05-20 14:49:47'),
(1122, 40, '2023-05-20 14:49:47', '2023-05-20 14:49:47'),
(1123, 40, '2023-05-20 14:49:47', '2023-05-20 14:49:47'),
(1124, 40, '2023-05-20 14:49:47', '2023-05-20 14:49:47'),
(1125, 40, '2023-05-20 14:49:47', '2023-05-20 14:49:47'),
(1126, 40, '2023-05-20 14:49:47', '2023-05-20 14:49:47'),
(1127, 40, '2023-05-20 14:49:47', '2023-05-20 14:49:47'),
(1128, 40, '2023-05-20 14:49:47', '2023-05-20 14:49:47'),
(1129, 40, '2023-05-20 14:49:47', '2023-05-20 14:49:47'),
(1130, 40, '2023-05-20 14:49:47', '2023-05-20 14:49:47'),
(1131, 40, '2023-05-20 14:49:47', '2023-05-20 14:49:47'),
(1132, 40, '2023-05-20 14:49:47', '2023-05-20 14:49:47'),
(1133, 40, '2023-05-20 14:49:47', '2023-05-20 14:49:47'),
(1134, 40, '2023-05-20 14:49:47', '2023-05-20 14:49:47'),
(1135, 40, '2023-05-20 14:49:47', '2023-05-20 14:49:47'),
(1136, 40, '2023-05-20 14:49:47', '2023-05-20 14:49:47'),
(1137, 40, '2023-05-20 14:49:47', '2023-05-20 14:49:47'),
(1138, 40, '2023-05-20 14:49:47', '2023-05-20 14:49:47'),
(1139, 40, '2023-05-20 14:49:47', '2023-05-20 14:49:47'),
(1140, 40, '2023-05-20 14:49:47', '2023-05-20 14:49:47'),
(1141, 41, '2023-05-20 14:49:52', '2023-05-20 14:49:52'),
(1142, 41, '2023-05-20 14:49:52', '2023-05-20 14:49:52'),
(1143, 41, '2023-05-20 14:49:52', '2023-05-20 14:49:52'),
(1144, 41, '2023-05-20 14:49:52', '2023-05-20 14:49:52'),
(1145, 41, '2023-05-20 14:49:52', '2023-05-20 14:49:52'),
(1146, 41, '2023-05-20 14:49:52', '2023-05-20 14:49:52'),
(1147, 41, '2023-05-20 14:49:52', '2023-05-20 14:49:52'),
(1148, 41, '2023-05-20 14:49:52', '2023-05-20 14:49:52'),
(1149, 41, '2023-05-20 14:49:52', '2023-05-20 14:49:52'),
(1150, 41, '2023-05-20 14:49:52', '2023-05-20 14:49:52'),
(1151, 41, '2023-05-20 14:49:52', '2023-05-20 14:49:52'),
(1152, 41, '2023-05-20 14:49:52', '2023-05-20 14:49:52'),
(1153, 41, '2023-05-20 14:49:52', '2023-05-20 14:49:52'),
(1154, 41, '2023-05-20 14:49:52', '2023-05-20 14:49:52'),
(1155, 41, '2023-05-20 14:49:52', '2023-05-20 14:49:52'),
(1156, 41, '2023-05-20 14:49:52', '2023-05-20 14:49:52'),
(1157, 41, '2023-05-20 14:49:52', '2023-05-20 14:49:52'),
(1158, 41, '2023-05-20 14:49:52', '2023-05-20 14:49:52'),
(1159, 41, '2023-05-20 14:49:52', '2023-05-20 14:49:52'),
(1160, 41, '2023-05-20 14:49:52', '2023-05-20 14:49:52'),
(1161, 41, '2023-05-20 14:49:52', '2023-05-20 14:49:52'),
(1162, 41, '2023-05-20 14:49:52', '2023-05-20 14:49:52'),
(1163, 41, '2023-05-20 14:49:52', '2023-05-20 14:49:52'),
(1164, 41, '2023-05-20 14:49:52', '2023-05-20 14:49:52'),
(1165, 41, '2023-05-20 14:49:52', '2023-05-20 14:49:52'),
(1166, 41, '2023-05-20 14:49:52', '2023-05-20 14:49:52'),
(1167, 41, '2023-05-20 14:49:52', '2023-05-20 14:49:52'),
(1168, 41, '2023-05-20 14:49:52', '2023-05-20 14:49:52'),
(1169, 41, '2023-05-20 14:49:52', '2023-05-20 14:49:52'),
(1170, 41, '2023-05-20 14:49:52', '2023-05-20 14:49:52'),
(1171, 42, '2023-05-20 14:49:55', '2023-05-20 14:49:55'),
(1172, 42, '2023-05-20 14:49:55', '2023-05-20 14:49:55'),
(1173, 42, '2023-05-20 14:49:55', '2023-05-20 14:49:55'),
(1174, 42, '2023-05-20 14:49:55', '2023-05-20 14:49:55'),
(1175, 42, '2023-05-20 14:49:55', '2023-05-20 14:49:55'),
(1176, 42, '2023-05-20 14:49:55', '2023-05-20 14:49:55'),
(1177, 42, '2023-05-20 14:49:55', '2023-05-20 14:49:55'),
(1178, 42, '2023-05-20 14:49:55', '2023-05-20 14:49:55'),
(1179, 42, '2023-05-20 14:49:55', '2023-05-20 14:49:55'),
(1180, 42, '2023-05-20 14:49:55', '2023-05-20 14:49:55'),
(1181, 42, '2023-05-20 14:49:55', '2023-05-20 14:49:55'),
(1182, 42, '2023-05-20 14:49:55', '2023-05-20 14:49:55'),
(1183, 42, '2023-05-20 14:49:55', '2023-05-20 14:49:55'),
(1184, 42, '2023-05-20 14:49:55', '2023-05-20 14:49:55'),
(1185, 42, '2023-05-20 14:49:55', '2023-05-20 14:49:55'),
(1186, 42, '2023-05-20 14:49:55', '2023-05-20 14:49:55'),
(1187, 42, '2023-05-20 14:49:55', '2023-05-20 14:49:55'),
(1188, 42, '2023-05-20 14:49:55', '2023-05-20 14:49:55'),
(1189, 42, '2023-05-20 14:49:55', '2023-05-20 14:49:55'),
(1190, 42, '2023-05-20 14:49:55', '2023-05-20 14:49:55'),
(1191, 42, '2023-05-20 14:49:55', '2023-05-20 14:49:55'),
(1192, 42, '2023-05-20 14:49:55', '2023-05-20 14:49:55'),
(1193, 42, '2023-05-20 14:49:55', '2023-05-20 14:49:55'),
(1194, 42, '2023-05-20 14:49:55', '2023-05-20 14:49:55'),
(1195, 42, '2023-05-20 14:49:55', '2023-05-20 14:49:55'),
(1196, 42, '2023-05-20 14:49:55', '2023-05-20 14:49:55'),
(1197, 42, '2023-05-20 14:49:55', '2023-05-20 14:49:55'),
(1198, 42, '2023-05-20 14:49:55', '2023-05-20 14:49:55'),
(1199, 42, '2023-05-20 14:49:55', '2023-05-20 14:49:55'),
(1200, 42, '2023-05-20 14:49:55', '2023-05-20 14:49:55'),
(1201, 43, '2023-05-20 14:49:57', '2023-05-20 14:49:57'),
(1202, 43, '2023-05-20 14:49:57', '2023-05-20 14:49:57'),
(1203, 43, '2023-05-20 14:49:57', '2023-05-20 14:49:57'),
(1204, 43, '2023-05-20 14:49:57', '2023-05-20 14:49:57'),
(1205, 43, '2023-05-20 14:49:57', '2023-05-20 14:49:57'),
(1206, 43, '2023-05-20 14:49:57', '2023-05-20 14:49:57'),
(1207, 43, '2023-05-20 14:49:57', '2023-05-20 14:49:57'),
(1208, 43, '2023-05-20 14:49:57', '2023-05-20 14:49:57'),
(1209, 43, '2023-05-20 14:49:57', '2023-05-20 14:49:57'),
(1210, 43, '2023-05-20 14:49:57', '2023-05-20 14:49:57'),
(1211, 43, '2023-05-20 14:49:57', '2023-05-20 14:49:57'),
(1212, 43, '2023-05-20 14:49:57', '2023-05-20 14:49:57'),
(1213, 43, '2023-05-20 14:49:57', '2023-05-20 14:49:57'),
(1214, 43, '2023-05-20 14:49:57', '2023-05-20 14:49:57'),
(1215, 43, '2023-05-20 14:49:57', '2023-05-20 14:49:57'),
(1216, 43, '2023-05-20 14:49:57', '2023-05-20 14:49:57'),
(1217, 43, '2023-05-20 14:49:57', '2023-05-20 14:49:57'),
(1218, 43, '2023-05-20 14:49:57', '2023-05-20 14:49:57'),
(1219, 43, '2023-05-20 14:49:57', '2023-05-20 14:49:57'),
(1220, 43, '2023-05-20 14:49:57', '2023-05-20 14:49:57'),
(1221, 43, '2023-05-20 14:49:57', '2023-05-20 14:49:57'),
(1222, 43, '2023-05-20 14:49:57', '2023-05-20 14:49:57'),
(1223, 43, '2023-05-20 14:49:57', '2023-05-20 14:49:57'),
(1224, 43, '2023-05-20 14:49:57', '2023-05-20 14:49:57'),
(1225, 43, '2023-05-20 14:49:57', '2023-05-20 14:49:57'),
(1226, 43, '2023-05-20 14:49:57', '2023-05-20 14:49:57'),
(1227, 43, '2023-05-20 14:49:57', '2023-05-20 14:49:57'),
(1228, 43, '2023-05-20 14:49:57', '2023-05-20 14:49:57'),
(1229, 43, '2023-05-20 14:49:57', '2023-05-20 14:49:57'),
(1230, 43, '2023-05-20 14:49:57', '2023-05-20 14:49:57'),
(1231, 44, '2023-05-20 14:49:59', '2023-05-20 14:49:59'),
(1232, 44, '2023-05-20 14:49:59', '2023-05-20 14:49:59'),
(1233, 44, '2023-05-20 14:49:59', '2023-05-20 14:49:59'),
(1234, 44, '2023-05-20 14:49:59', '2023-05-20 14:49:59'),
(1235, 44, '2023-05-20 14:49:59', '2023-05-20 14:49:59'),
(1236, 44, '2023-05-20 14:49:59', '2023-05-20 14:49:59'),
(1237, 44, '2023-05-20 14:49:59', '2023-05-20 14:49:59'),
(1238, 44, '2023-05-20 14:49:59', '2023-05-20 14:49:59'),
(1239, 44, '2023-05-20 14:49:59', '2023-05-20 14:49:59'),
(1240, 44, '2023-05-20 14:49:59', '2023-05-20 14:49:59'),
(1241, 44, '2023-05-20 14:49:59', '2023-05-20 14:49:59'),
(1242, 44, '2023-05-20 14:49:59', '2023-05-20 14:49:59'),
(1243, 44, '2023-05-20 14:49:59', '2023-05-20 14:49:59'),
(1244, 44, '2023-05-20 14:49:59', '2023-05-20 14:49:59'),
(1245, 44, '2023-05-20 14:49:59', '2023-05-20 14:49:59'),
(1246, 44, '2023-05-20 14:49:59', '2023-05-20 14:49:59'),
(1247, 44, '2023-05-20 14:49:59', '2023-05-20 14:49:59'),
(1248, 44, '2023-05-20 14:49:59', '2023-05-20 14:49:59'),
(1249, 44, '2023-05-20 14:49:59', '2023-05-20 14:49:59'),
(1250, 44, '2023-05-20 14:49:59', '2023-05-20 14:49:59'),
(1251, 44, '2023-05-20 14:49:59', '2023-05-20 14:49:59'),
(1252, 44, '2023-05-20 14:49:59', '2023-05-20 14:49:59'),
(1253, 44, '2023-05-20 14:49:59', '2023-05-20 14:49:59'),
(1254, 44, '2023-05-20 14:49:59', '2023-05-20 14:49:59'),
(1255, 44, '2023-05-20 14:49:59', '2023-05-20 14:49:59'),
(1256, 44, '2023-05-20 14:49:59', '2023-05-20 14:49:59'),
(1257, 44, '2023-05-20 14:49:59', '2023-05-20 14:49:59'),
(1258, 44, '2023-05-20 14:49:59', '2023-05-20 14:49:59'),
(1259, 44, '2023-05-20 14:49:59', '2023-05-20 14:49:59'),
(1260, 44, '2023-05-20 14:49:59', '2023-05-20 14:49:59'),
(1261, 45, '2023-05-20 14:50:05', '2023-05-20 14:50:05'),
(1262, 45, '2023-05-20 14:50:05', '2023-05-20 14:50:05'),
(1263, 45, '2023-05-20 14:50:05', '2023-05-20 14:50:05'),
(1264, 45, '2023-05-20 14:50:05', '2023-05-20 14:50:05'),
(1265, 45, '2023-05-20 14:50:05', '2023-05-20 14:50:05'),
(1266, 45, '2023-05-20 14:50:05', '2023-05-20 14:50:05'),
(1267, 45, '2023-05-20 14:50:05', '2023-05-20 14:50:05'),
(1268, 45, '2023-05-20 14:50:05', '2023-05-20 14:50:05'),
(1269, 45, '2023-05-20 14:50:05', '2023-05-20 14:50:05'),
(1270, 45, '2023-05-20 14:50:05', '2023-05-20 14:50:05'),
(1271, 45, '2023-05-20 14:50:05', '2023-05-20 14:50:05'),
(1272, 45, '2023-05-20 14:50:05', '2023-05-20 14:50:05'),
(1273, 45, '2023-05-20 14:50:05', '2023-05-20 14:50:05'),
(1274, 45, '2023-05-20 14:50:05', '2023-05-20 14:50:05'),
(1275, 45, '2023-05-20 14:50:05', '2023-05-20 14:50:05'),
(1276, 45, '2023-05-20 14:50:05', '2023-05-20 14:50:05'),
(1277, 45, '2023-05-20 14:50:05', '2023-05-20 14:50:05'),
(1278, 45, '2023-05-20 14:50:05', '2023-05-20 14:50:05'),
(1279, 45, '2023-05-20 14:50:05', '2023-05-20 14:50:05'),
(1280, 45, '2023-05-20 14:50:05', '2023-05-20 14:50:05'),
(1281, 45, '2023-05-20 14:50:05', '2023-05-20 14:50:05'),
(1282, 45, '2023-05-20 14:50:05', '2023-05-20 14:50:05'),
(1283, 45, '2023-05-20 14:50:05', '2023-05-20 14:50:05'),
(1284, 45, '2023-05-20 14:50:05', '2023-05-20 14:50:05'),
(1285, 45, '2023-05-20 14:50:05', '2023-05-20 14:50:05'),
(1286, 45, '2023-05-20 14:50:05', '2023-05-20 14:50:05'),
(1287, 45, '2023-05-20 14:50:05', '2023-05-20 14:50:05'),
(1288, 45, '2023-05-20 14:50:05', '2023-05-20 14:50:05'),
(1289, 45, '2023-05-20 14:50:05', '2023-05-20 14:50:05'),
(1290, 45, '2023-05-20 14:50:05', '2023-05-20 14:50:05'),
(1291, 46, '2023-05-20 14:50:10', '2023-05-20 14:50:10'),
(1292, 46, '2023-05-20 14:50:10', '2023-05-20 14:50:10'),
(1293, 46, '2023-05-20 14:50:10', '2023-05-20 14:50:10'),
(1294, 46, '2023-05-20 14:50:10', '2023-05-20 14:50:10'),
(1295, 46, '2023-05-20 14:50:10', '2023-05-20 14:50:10'),
(1296, 46, '2023-05-20 14:50:10', '2023-05-20 14:50:10'),
(1297, 46, '2023-05-20 14:50:10', '2023-05-20 14:50:10'),
(1298, 46, '2023-05-20 14:50:10', '2023-05-20 14:50:10'),
(1299, 46, '2023-05-20 14:50:10', '2023-05-20 14:50:10'),
(1300, 46, '2023-05-20 14:50:10', '2023-05-20 14:50:10'),
(1301, 46, '2023-05-20 14:50:10', '2023-05-20 14:50:10'),
(1302, 46, '2023-05-20 14:50:10', '2023-05-20 14:50:10'),
(1303, 46, '2023-05-20 14:50:10', '2023-05-20 14:50:10'),
(1304, 46, '2023-05-20 14:50:10', '2023-05-20 14:50:10'),
(1305, 46, '2023-05-20 14:50:10', '2023-05-20 14:50:10'),
(1306, 46, '2023-05-20 14:50:10', '2023-05-20 14:50:10'),
(1307, 46, '2023-05-20 14:50:10', '2023-05-20 14:50:10'),
(1308, 46, '2023-05-20 14:50:10', '2023-05-20 14:50:10'),
(1309, 46, '2023-05-20 14:50:10', '2023-05-20 14:50:10'),
(1310, 46, '2023-05-20 14:50:10', '2023-05-20 14:50:10'),
(1311, 46, '2023-05-20 14:50:10', '2023-05-20 14:50:10'),
(1312, 46, '2023-05-20 14:50:10', '2023-05-20 14:50:10'),
(1313, 46, '2023-05-20 14:50:10', '2023-05-20 14:50:10'),
(1314, 46, '2023-05-20 14:50:10', '2023-05-20 14:50:10'),
(1315, 46, '2023-05-20 14:50:10', '2023-05-20 14:50:10'),
(1316, 46, '2023-05-20 14:50:10', '2023-05-20 14:50:10'),
(1317, 46, '2023-05-20 14:50:10', '2023-05-20 14:50:10'),
(1318, 46, '2023-05-20 14:50:10', '2023-05-20 14:50:10'),
(1319, 46, '2023-05-20 14:50:10', '2023-05-20 14:50:10'),
(1320, 46, '2023-05-20 14:50:10', '2023-05-20 14:50:10'),
(1321, 47, '2023-05-20 14:50:12', '2023-05-20 14:50:12'),
(1322, 47, '2023-05-20 14:50:12', '2023-05-20 14:50:12'),
(1323, 47, '2023-05-20 14:50:12', '2023-05-20 14:50:12'),
(1324, 47, '2023-05-20 14:50:12', '2023-05-20 14:50:12'),
(1325, 47, '2023-05-20 14:50:12', '2023-05-20 14:50:12'),
(1326, 47, '2023-05-20 14:50:12', '2023-05-20 14:50:12'),
(1327, 47, '2023-05-20 14:50:12', '2023-05-20 14:50:12'),
(1328, 47, '2023-05-20 14:50:12', '2023-05-20 14:50:12'),
(1329, 47, '2023-05-20 14:50:12', '2023-05-20 14:50:12'),
(1330, 47, '2023-05-20 14:50:12', '2023-05-20 14:50:12'),
(1331, 47, '2023-05-20 14:50:12', '2023-05-20 14:50:12'),
(1332, 47, '2023-05-20 14:50:12', '2023-05-20 14:50:12'),
(1333, 47, '2023-05-20 14:50:12', '2023-05-20 14:50:12'),
(1334, 47, '2023-05-20 14:50:12', '2023-05-20 14:50:12'),
(1335, 47, '2023-05-20 14:50:12', '2023-05-20 14:50:12'),
(1336, 47, '2023-05-20 14:50:12', '2023-05-20 14:50:12'),
(1337, 47, '2023-05-20 14:50:12', '2023-05-20 14:50:12'),
(1338, 47, '2023-05-20 14:50:12', '2023-05-20 14:50:12'),
(1339, 47, '2023-05-20 14:50:12', '2023-05-20 14:50:12'),
(1340, 47, '2023-05-20 14:50:12', '2023-05-20 14:50:12'),
(1341, 47, '2023-05-20 14:50:12', '2023-05-20 14:50:12'),
(1342, 47, '2023-05-20 14:50:12', '2023-05-20 14:50:12'),
(1343, 47, '2023-05-20 14:50:12', '2023-05-20 14:50:12'),
(1344, 47, '2023-05-20 14:50:12', '2023-05-20 14:50:12'),
(1345, 47, '2023-05-20 14:50:12', '2023-05-20 14:50:12'),
(1346, 47, '2023-05-20 14:50:12', '2023-05-20 14:50:12'),
(1347, 47, '2023-05-20 14:50:12', '2023-05-20 14:50:12'),
(1348, 47, '2023-05-20 14:50:12', '2023-05-20 14:50:12'),
(1349, 47, '2023-05-20 14:50:12', '2023-05-20 14:50:12'),
(1350, 47, '2023-05-20 14:50:12', '2023-05-20 14:50:12'),
(1351, 48, '2023-05-20 14:50:20', '2023-05-20 14:50:20'),
(1352, 48, '2023-05-20 14:50:20', '2023-05-20 14:50:20'),
(1353, 48, '2023-05-20 14:50:20', '2023-05-20 14:50:20'),
(1354, 48, '2023-05-20 14:50:20', '2023-05-20 14:50:20'),
(1355, 48, '2023-05-20 14:50:20', '2023-05-20 14:50:20'),
(1356, 48, '2023-05-20 14:50:20', '2023-05-20 14:50:20'),
(1357, 48, '2023-05-20 14:50:20', '2023-05-20 14:50:20'),
(1358, 48, '2023-05-20 14:50:20', '2023-05-20 14:50:20'),
(1359, 48, '2023-05-20 14:50:20', '2023-05-20 14:50:20'),
(1360, 48, '2023-05-20 14:50:20', '2023-05-20 14:50:20'),
(1361, 48, '2023-05-20 14:50:20', '2023-05-20 14:50:20'),
(1362, 48, '2023-05-20 14:50:20', '2023-05-20 14:50:20'),
(1363, 48, '2023-05-20 14:50:20', '2023-05-20 14:50:20'),
(1364, 48, '2023-05-20 14:50:20', '2023-05-20 14:50:20'),
(1365, 48, '2023-05-20 14:50:20', '2023-05-20 14:50:20'),
(1366, 48, '2023-05-20 14:50:20', '2023-05-20 14:50:20'),
(1367, 48, '2023-05-20 14:50:20', '2023-05-20 14:50:20'),
(1368, 48, '2023-05-20 14:50:20', '2023-05-20 14:50:20'),
(1369, 48, '2023-05-20 14:50:20', '2023-05-20 14:50:20'),
(1370, 48, '2023-05-20 14:50:20', '2023-05-20 14:50:20'),
(1371, 48, '2023-05-20 14:50:20', '2023-05-20 14:50:20'),
(1372, 48, '2023-05-20 14:50:20', '2023-05-20 14:50:20'),
(1373, 48, '2023-05-20 14:50:20', '2023-05-20 14:50:20'),
(1374, 48, '2023-05-20 14:50:20', '2023-05-20 14:50:20'),
(1375, 48, '2023-05-20 14:50:20', '2023-05-20 14:50:20'),
(1376, 48, '2023-05-20 14:50:20', '2023-05-20 14:50:20'),
(1377, 48, '2023-05-20 14:50:20', '2023-05-20 14:50:20'),
(1378, 48, '2023-05-20 14:50:20', '2023-05-20 14:50:20'),
(1379, 48, '2023-05-20 14:50:20', '2023-05-20 14:50:20'),
(1380, 48, '2023-05-20 14:50:20', '2023-05-20 14:50:20'),
(1381, 49, '2023-05-20 14:50:23', '2023-05-20 14:50:23'),
(1382, 49, '2023-05-20 14:50:23', '2023-05-20 14:50:23'),
(1383, 49, '2023-05-20 14:50:23', '2023-05-20 14:50:23'),
(1384, 49, '2023-05-20 14:50:23', '2023-05-20 14:50:23'),
(1385, 49, '2023-05-20 14:50:23', '2023-05-20 14:50:23'),
(1386, 49, '2023-05-20 14:50:23', '2023-05-20 14:50:23'),
(1387, 49, '2023-05-20 14:50:23', '2023-05-20 14:50:23'),
(1388, 49, '2023-05-20 14:50:23', '2023-05-20 14:50:23'),
(1389, 49, '2023-05-20 14:50:23', '2023-05-20 14:50:23'),
(1390, 49, '2023-05-20 14:50:23', '2023-05-20 14:50:23'),
(1391, 49, '2023-05-20 14:50:23', '2023-05-20 14:50:23'),
(1392, 49, '2023-05-20 14:50:23', '2023-05-20 14:50:23'),
(1393, 49, '2023-05-20 14:50:23', '2023-05-20 14:50:23'),
(1394, 49, '2023-05-20 14:50:23', '2023-05-20 14:50:23'),
(1395, 49, '2023-05-20 14:50:23', '2023-05-20 14:50:23'),
(1396, 49, '2023-05-20 14:50:23', '2023-05-20 14:50:23'),
(1397, 49, '2023-05-20 14:50:23', '2023-05-20 14:50:23'),
(1398, 49, '2023-05-20 14:50:23', '2023-05-20 14:50:23'),
(1399, 49, '2023-05-20 14:50:23', '2023-05-20 14:50:23'),
(1400, 49, '2023-05-20 14:50:23', '2023-05-20 14:50:23'),
(1401, 49, '2023-05-20 14:50:23', '2023-05-20 14:50:23'),
(1402, 49, '2023-05-20 14:50:23', '2023-05-20 14:50:23'),
(1403, 49, '2023-05-20 14:50:23', '2023-05-20 14:50:23'),
(1404, 49, '2023-05-20 14:50:23', '2023-05-20 14:50:23'),
(1405, 49, '2023-05-20 14:50:23', '2023-05-20 14:50:23'),
(1406, 49, '2023-05-20 14:50:23', '2023-05-20 14:50:23'),
(1407, 49, '2023-05-20 14:50:23', '2023-05-20 14:50:23'),
(1408, 49, '2023-05-20 14:50:23', '2023-05-20 14:50:23'),
(1409, 49, '2023-05-20 14:50:23', '2023-05-20 14:50:23'),
(1410, 49, '2023-05-20 14:50:23', '2023-05-20 14:50:23'),
(1411, 50, '2023-05-20 14:50:25', '2023-05-20 14:50:25'),
(1412, 50, '2023-05-20 14:50:25', '2023-05-20 14:50:25'),
(1413, 50, '2023-05-20 14:50:25', '2023-05-20 14:50:25'),
(1414, 50, '2023-05-20 14:50:25', '2023-05-20 14:50:25'),
(1415, 50, '2023-05-20 14:50:25', '2023-05-20 14:50:25'),
(1416, 50, '2023-05-20 14:50:25', '2023-05-20 14:50:25'),
(1417, 50, '2023-05-20 14:50:25', '2023-05-20 14:50:25'),
(1418, 50, '2023-05-20 14:50:25', '2023-05-20 14:50:25'),
(1419, 50, '2023-05-20 14:50:25', '2023-05-20 14:50:25'),
(1420, 50, '2023-05-20 14:50:25', '2023-05-20 14:50:25'),
(1421, 50, '2023-05-20 14:50:25', '2023-05-20 14:50:25'),
(1422, 50, '2023-05-20 14:50:25', '2023-05-20 14:50:25'),
(1423, 50, '2023-05-20 14:50:25', '2023-05-20 14:50:25'),
(1424, 50, '2023-05-20 14:50:25', '2023-05-20 14:50:25'),
(1425, 50, '2023-05-20 14:50:25', '2023-05-20 14:50:25'),
(1426, 50, '2023-05-20 14:50:25', '2023-05-20 14:50:25'),
(1427, 50, '2023-05-20 14:50:25', '2023-05-20 14:50:25'),
(1428, 50, '2023-05-20 14:50:25', '2023-05-20 14:50:25'),
(1429, 50, '2023-05-20 14:50:25', '2023-05-20 14:50:25'),
(1430, 50, '2023-05-20 14:50:25', '2023-05-20 14:50:25'),
(1431, 50, '2023-05-20 14:50:25', '2023-05-20 14:50:25'),
(1432, 50, '2023-05-20 14:50:25', '2023-05-20 14:50:25'),
(1433, 50, '2023-05-20 14:50:25', '2023-05-20 14:50:25'),
(1434, 50, '2023-05-20 14:50:25', '2023-05-20 14:50:25'),
(1435, 50, '2023-05-20 14:50:25', '2023-05-20 14:50:25'),
(1436, 50, '2023-05-20 14:50:25', '2023-05-20 14:50:25'),
(1437, 50, '2023-05-20 14:50:25', '2023-05-20 14:50:25'),
(1438, 50, '2023-05-20 14:50:25', '2023-05-20 14:50:25'),
(1439, 50, '2023-05-20 14:50:25', '2023-05-20 14:50:25'),
(1440, 50, '2023-05-20 14:50:25', '2023-05-20 14:50:25'),
(1441, 51, '2023-05-20 14:50:27', '2023-05-20 14:50:27'),
(1442, 51, '2023-05-20 14:50:27', '2023-05-20 14:50:27'),
(1443, 51, '2023-05-20 14:50:27', '2023-05-20 14:50:27'),
(1444, 51, '2023-05-20 14:50:27', '2023-05-20 14:50:27'),
(1445, 51, '2023-05-20 14:50:27', '2023-05-20 14:50:27'),
(1446, 51, '2023-05-20 14:50:27', '2023-05-20 14:50:27'),
(1447, 51, '2023-05-20 14:50:27', '2023-05-20 14:50:27'),
(1448, 51, '2023-05-20 14:50:27', '2023-05-20 14:50:27'),
(1449, 51, '2023-05-20 14:50:27', '2023-05-20 14:50:27'),
(1450, 51, '2023-05-20 14:50:27', '2023-05-20 14:50:27'),
(1451, 51, '2023-05-20 14:50:27', '2023-05-20 14:50:27'),
(1452, 51, '2023-05-20 14:50:27', '2023-05-20 14:50:27'),
(1453, 51, '2023-05-20 14:50:27', '2023-05-20 14:50:27'),
(1454, 51, '2023-05-20 14:50:27', '2023-05-20 14:50:27'),
(1455, 51, '2023-05-20 14:50:27', '2023-05-20 14:50:27'),
(1456, 51, '2023-05-20 14:50:27', '2023-05-20 14:50:27'),
(1457, 51, '2023-05-20 14:50:27', '2023-05-20 14:50:27'),
(1458, 51, '2023-05-20 14:50:27', '2023-05-20 14:50:27'),
(1459, 51, '2023-05-20 14:50:27', '2023-05-20 14:50:27'),
(1460, 51, '2023-05-20 14:50:27', '2023-05-20 14:50:27'),
(1461, 51, '2023-05-20 14:50:27', '2023-05-20 14:50:27'),
(1462, 51, '2023-05-20 14:50:27', '2023-05-20 14:50:27'),
(1463, 51, '2023-05-20 14:50:27', '2023-05-20 14:50:27'),
(1464, 51, '2023-05-20 14:50:27', '2023-05-20 14:50:27'),
(1465, 51, '2023-05-20 14:50:27', '2023-05-20 14:50:27'),
(1466, 51, '2023-05-20 14:50:27', '2023-05-20 14:50:27'),
(1467, 51, '2023-05-20 14:50:27', '2023-05-20 14:50:27'),
(1468, 51, '2023-05-20 14:50:27', '2023-05-20 14:50:27'),
(1469, 51, '2023-05-20 14:50:27', '2023-05-20 14:50:27'),
(1470, 51, '2023-05-20 14:50:27', '2023-05-20 14:50:27'),
(1471, 52, '2023-05-20 14:50:29', '2023-05-20 14:50:29'),
(1472, 52, '2023-05-20 14:50:29', '2023-05-20 14:50:29'),
(1473, 52, '2023-05-20 14:50:29', '2023-05-20 14:50:29'),
(1474, 52, '2023-05-20 14:50:29', '2023-05-20 14:50:29'),
(1475, 52, '2023-05-20 14:50:29', '2023-05-20 14:50:29'),
(1476, 52, '2023-05-20 14:50:29', '2023-05-20 14:50:29'),
(1477, 52, '2023-05-20 14:50:29', '2023-05-20 14:50:29'),
(1478, 52, '2023-05-20 14:50:29', '2023-05-20 14:50:29'),
(1479, 52, '2023-05-20 14:50:29', '2023-05-20 14:50:29'),
(1480, 52, '2023-05-20 14:50:29', '2023-05-20 14:50:29'),
(1481, 52, '2023-05-20 14:50:29', '2023-05-20 14:50:29'),
(1482, 52, '2023-05-20 14:50:29', '2023-05-20 14:50:29'),
(1483, 52, '2023-05-20 14:50:29', '2023-05-20 14:50:29'),
(1484, 52, '2023-05-20 14:50:29', '2023-05-20 14:50:29'),
(1485, 52, '2023-05-20 14:50:29', '2023-05-20 14:50:29'),
(1486, 52, '2023-05-20 14:50:29', '2023-05-20 14:50:29'),
(1487, 52, '2023-05-20 14:50:29', '2023-05-20 14:50:29'),
(1488, 52, '2023-05-20 14:50:29', '2023-05-20 14:50:29'),
(1489, 52, '2023-05-20 14:50:29', '2023-05-20 14:50:29'),
(1490, 52, '2023-05-20 14:50:29', '2023-05-20 14:50:29'),
(1491, 52, '2023-05-20 14:50:29', '2023-05-20 14:50:29'),
(1492, 52, '2023-05-20 14:50:29', '2023-05-20 14:50:29'),
(1493, 52, '2023-05-20 14:50:29', '2023-05-20 14:50:29'),
(1494, 52, '2023-05-20 14:50:29', '2023-05-20 14:50:29'),
(1495, 52, '2023-05-20 14:50:29', '2023-05-20 14:50:29'),
(1496, 52, '2023-05-20 14:50:29', '2023-05-20 14:50:29'),
(1497, 52, '2023-05-20 14:50:29', '2023-05-20 14:50:29'),
(1498, 52, '2023-05-20 14:50:29', '2023-05-20 14:50:29'),
(1499, 52, '2023-05-20 14:50:29', '2023-05-20 14:50:29'),
(1500, 52, '2023-05-20 14:50:29', '2023-05-20 14:50:29'),
(1501, 38, '2023-05-22 13:58:14', '2023-05-22 13:58:14'),
(1502, 38, '2023-05-22 13:58:14', '2023-05-22 13:58:14'),
(1503, 38, '2023-05-22 13:58:14', '2023-05-22 13:58:14'),
(1504, 38, '2023-05-22 13:58:14', '2023-05-22 13:58:14'),
(1505, 38, '2023-05-22 13:58:14', '2023-05-22 13:58:14');

-- --------------------------------------------------------

--
-- Cấu trúc bảng cho bảng `room_order`
--

CREATE TABLE `room_order` (
  `id` bigint(20) UNSIGNED NOT NULL,
  `order_id` bigint(20) UNSIGNED NOT NULL,
  `room_id` bigint(20) UNSIGNED NOT NULL
) ENGINE=InnoDB DEFAULT CHARSET=utf8mb4 COLLATE=utf8mb4_unicode_ci;

--
-- Đang đổ dữ liệu cho bảng `room_order`
--

INSERT INTO `room_order` (`id`, `order_id`, `room_id`) VALUES
(1, 1, 1081),
(2, 2, 1171),
(3, 3, 1051),
(4, 3, 1052),
(5, 4, 1231),
(6, 4, 1232),
(7, 5, 1051),
(8, 6, 541),
(9, 7, 542),
(10, 7, 543),
(11, 8, 1052),
(12, 9, 1261);

-- --------------------------------------------------------

--
-- Cấu trúc bảng cho bảng `room_reservation_times`
--

CREATE TABLE `room_reservation_times` (
  `id` bigint(20) UNSIGNED NOT NULL,
  `check_in_date` timestamp NULL DEFAULT NULL,
  `check_out_date` timestamp NULL DEFAULT NULL,
  `room_id` bigint(20) UNSIGNED NOT NULL,
  `created_at` timestamp NULL DEFAULT NULL,
  `updated_at` timestamp NULL DEFAULT NULL,
  `order_id` bigint(20) UNSIGNED NOT NULL
) ENGINE=InnoDB DEFAULT CHARSET=utf8mb4 COLLATE=utf8mb4_unicode_ci;

--
-- Đang đổ dữ liệu cho bảng `room_reservation_times`
--

INSERT INTO `room_reservation_times` (`id`, `check_in_date`, `check_out_date`, `room_id`, `created_at`, `updated_at`, `order_id`) VALUES
(1, '2023-05-22 17:00:00', '2023-05-22 17:00:00', 1081, '2023-05-22 00:49:35', '2023-05-22 00:49:35', 1),
(2, '2023-05-22 17:00:00', '2023-05-22 17:00:00', 1171, '2023-05-22 00:49:47', '2023-05-22 00:49:47', 2),
(3, '2023-05-22 17:00:00', '2023-05-22 17:00:00', 1051, '2023-05-22 00:50:44', '2023-05-22 00:50:44', 3),
(4, '2023-05-22 17:00:00', '2023-05-22 17:00:00', 1052, '2023-05-22 00:50:44', '2023-05-22 00:50:44', 3),
(5, '2023-05-22 17:00:00', '2023-05-22 17:00:00', 1231, '2023-05-22 00:50:54', '2023-05-22 00:50:54', 4),
(6, '2023-05-22 17:00:00', '2023-05-22 17:00:00', 1232, '2023-05-22 00:50:54', '2023-05-22 00:50:54', 4),
(7, '2023-05-22 01:13:00', '2023-05-23 16:59:00', 1051, '2023-05-22 00:58:26', '2023-05-22 00:58:26', 5),
(8, '2023-05-22 15:33:00', '2023-05-22 16:59:00', 541, '2023-05-22 15:19:05', '2023-05-22 15:19:05', 6),
(9, '2023-05-22 15:35:00', '2023-05-23 16:59:00', 542, '2023-05-22 15:20:34', '2023-05-22 15:20:34', 7),
(10, '2023-05-22 15:35:00', '2023-05-23 16:59:00', 543, '2023-05-22 15:20:34', '2023-05-22 15:20:34', 7),
(11, '2023-05-23 16:55:00', '2023-05-23 16:59:00', 1052, '2023-05-23 16:40:32', '2023-05-23 16:40:32', 8),
(12, '2023-05-28 11:59:00', '2023-05-28 16:59:00', 1261, '2023-05-28 11:44:29', '2023-05-28 11:44:29', 9);

-- --------------------------------------------------------

--
-- Cấu trúc bảng cho bảng `sort_by`
--

CREATE TABLE `sort_by` (
  `id` bigint(20) UNSIGNED NOT NULL,
  `name` varchar(255) NOT NULL,
  `type` int(11) NOT NULL DEFAULT 1
) ENGINE=InnoDB DEFAULT CHARSET=utf8mb4 COLLATE=utf8mb4_unicode_ci;

--
-- Đang đổ dữ liệu cho bảng `sort_by`
--

INSERT INTO `sort_by` (`id`, `name`, `type`) VALUES
(1, 'Lowest Price', 1),
(2, 'Highest Price', 1),
(3, 'Highest Rating', 1),
(4, 'Nearest Distance', 1),
(5, 'Earliest Departure', 2),
(6, 'Latest Departure', 2),
(7, 'Earliest Arrive', 2),
(8, 'Latest Arrive', 2),
(9, 'Shortest Duration', 2),
(10, 'Lowest Price', 2),
(11, 'Highest Price', 2),
(12, 'High to Low Score', 3),
(13, 'Low to High Score', 3);

-- --------------------------------------------------------

--
-- Cấu trúc bảng cho bảng `subscriptions`
--

CREATE TABLE `subscriptions` (
  `id` bigint(20) UNSIGNED NOT NULL,
  `user_id` bigint(20) UNSIGNED NOT NULL,
  `name` varchar(255) NOT NULL,
  `stripe_id` varchar(255) NOT NULL,
  `stripe_status` varchar(255) NOT NULL,
  `stripe_price` varchar(255) DEFAULT NULL,
  `quantity` int(11) DEFAULT NULL,
  `trial_ends_at` timestamp NULL DEFAULT NULL,
  `ends_at` timestamp NULL DEFAULT NULL,
  `created_at` timestamp NULL DEFAULT NULL,
  `updated_at` timestamp NULL DEFAULT NULL
) ENGINE=InnoDB DEFAULT CHARSET=utf8mb4 COLLATE=utf8mb4_unicode_ci;

-- --------------------------------------------------------

--
-- Cấu trúc bảng cho bảng `subscription_items`
--

CREATE TABLE `subscription_items` (
  `id` bigint(20) UNSIGNED NOT NULL,
  `subscription_id` bigint(20) UNSIGNED NOT NULL,
  `stripe_id` varchar(255) NOT NULL,
  `stripe_product` varchar(255) NOT NULL,
  `stripe_price` varchar(255) NOT NULL,
  `quantity` int(11) DEFAULT NULL,
  `created_at` timestamp NULL DEFAULT NULL,
  `updated_at` timestamp NULL DEFAULT NULL
) ENGINE=InnoDB DEFAULT CHARSET=utf8mb4 COLLATE=utf8mb4_unicode_ci;

-- --------------------------------------------------------

--
-- Cấu trúc bảng cho bảng `sub_districts`
--

CREATE TABLE `sub_districts` (
  `id` bigint(20) UNSIGNED NOT NULL,
  `name` varchar(255) NOT NULL,
  `district_id` bigint(20) UNSIGNED NOT NULL
) ENGINE=InnoDB DEFAULT CHARSET=utf8mb4 COLLATE=utf8mb4_unicode_ci;

--
-- Đang đổ dữ liệu cho bảng `sub_districts`
--

INSERT INTO `sub_districts` (`id`, `name`, `district_id`) VALUES
(1, 'Phúc Xá', 1),
(4, 'Trúc Bạch', 1),
(6, 'Vĩnh Phúc', 1),
(7, 'Cống Vị', 1),
(8, 'Liễu Giai', 1),
(10, 'Nguyễn Trung Trực', 1),
(13, 'Quán Thánh', 1),
(16, 'Ngọc Hà', 1),
(19, 'Điện Biên', 1),
(22, 'Đội Cấn', 1),
(25, 'Ngọc Khánh', 1),
(28, 'Kim Mã', 1),
(31, 'Giảng Võ', 1),
(34, 'Thành Công', 1),
(37, 'Phúc Tân', 2),
(40, 'Đồng Xuân', 2),
(43, 'Hàng Mã', 2),
(46, 'Hàng Buồm', 2),
(49, 'Hàng Đào', 2),
(52, 'Hàng Bồ', 2),
(55, 'Cửa Đông', 2),
(58, 'Lý Thái Tổ', 2),
(61, 'Hàng Bạc', 2),
(64, 'Hàng Gai', 2),
(67, 'Chương Dương', 2),
(70, 'Hàng Trống', 2),
(73, 'Cửa Nam', 2),
(76, 'Hàng Bông', 2),
(79, 'Tràng Tiền', 2),
(82, 'Trần Hưng Đạo', 2),
(85, 'Phan Chu Trinh', 2),
(88, 'Hàng Bài', 2),
(91, 'Phú Thượng', 3),
(94, 'Nhật Tân', 3),
(97, 'Tứ Liên', 3),
(100, 'Quảng An', 3),
(103, 'Xuân La', 3),
(106, 'Yên Phụ', 3),
(109, 'Bưởi', 3),
(112, 'Thụy Khuê', 3),
(115, 'Thượng Thanh', 4),
(118, 'Ngọc Thụy', 4),
(121, 'Giang Biên', 4),
(124, 'Đức Giang', 4),
(127, 'Việt Hưng', 4),
(130, 'Gia Thụy', 4),
(133, 'Ngọc Lâm', 4),
(136, 'Phúc Lợi', 4),
(139, 'Bồ Đề', 4),
(142, 'Sài Đồng', 4),
(145, 'Long Biên', 4),
(148, 'Thạch Bàn', 4),
(151, 'Phúc Đồng', 4),
(154, 'Cự Khối', 4),
(157, 'Nghĩa Đô', 5),
(160, 'Nghĩa Tân', 5),
(163, 'Mai Dịch', 5),
(166, 'Dịch Vọng', 5),
(167, 'Dịch Vọng Hậu', 5),
(169, 'Quan Hoa', 5),
(172, 'Yên Hoà', 5),
(175, 'Trung Hoà', 5),
(178, 'Cát Linh', 6),
(181, 'Văn Miếu', 6),
(184, 'Quốc Tử Giám', 6),
(187, 'Láng Thượng', 6),
(190, 'Ô Chợ Dừa', 6),
(193, 'Văn Chương', 6),
(196, 'Hàng Bột', 6),
(199, 'Láng Hạ', 6),
(202, 'Khâm Thiên', 6),
(205, 'Thổ Quan', 6),
(208, 'Nam Đồng', 6),
(211, 'Trung Phụng', 6),
(214, 'Quang Trung', 6),
(217, 'Trung Liệt', 6),
(220, 'Phương Liên', 6),
(223, 'Thịnh Quang', 6),
(226, 'Trung Tự', 6),
(229, 'Kim Liên', 6),
(232, 'Phương Mai', 6),
(235, 'Ngã Tư Sở', 6),
(238, 'Khương Thượng', 6),
(241, 'Nguyễn Du', 7),
(244, 'Bạch Đằng', 7),
(247, 'Phạm Đình Hổ', 7),
(256, 'Lê Đại Hành', 7),
(259, 'Đồng Nhân', 7),
(262, 'Phố Huế', 7),
(265, 'Đống Mác', 7),
(268, 'Thanh Lương', 7),
(271, 'Thanh Nhàn', 7),
(274, 'Cầu Dền', 7),
(277, 'Bách Khoa', 7),
(280, 'Đồng Tâm', 7),
(283, 'Vĩnh Tuy', 7),
(286, 'Bạch Mai', 7),
(289, 'Quỳnh Mai', 7),
(292, 'Quỳnh Lôi', 7),
(295, 'Minh Khai', 7),
(298, 'Trương Định', 7),
(301, 'Thanh Trì', 8),
(304, 'Vĩnh Hưng', 8),
(307, 'Định Công', 8),
(310, 'Mai Động', 8),
(313, 'Tương Mai', 8),
(316, 'Đại Kim', 8),
(319, 'Tân Mai', 8),
(322, 'Hoàng Văn Thụ', 8),
(325, 'Giáp Bát', 8),
(328, 'Lĩnh Nam', 8),
(331, 'Thịnh Liệt', 8),
(334, 'Trần Phú', 8),
(337, 'Hoàng Liệt', 8),
(340, 'Yên Sở', 8),
(343, 'Nhân Chính', 9),
(346, 'Thượng Đình', 9),
(349, 'Khương Trung', 9),
(352, 'Khương Mai', 9),
(355, 'Thanh Xuân Trung', 9),
(358, 'Phương Liệt', 9),
(361, 'Hạ Đình', 9),
(364, 'Khương Đình', 9),
(367, 'Thanh Xuân Bắc', 9),
(370, 'Thanh Xuân Nam', 9),
(373, 'Kim Giang', 9),
(376, 'Sóc Sơn', 16),
(379, 'Bắc Sơn', 16),
(382, 'Minh Trí', 16),
(385, 'Hồng Kỳ', 16),
(388, 'Nam Sơn', 16),
(391, 'Trung Giã', 16),
(394, 'Tân Hưng', 16),
(397, 'Minh Phú', 16),
(400, 'Phù Linh', 16),
(403, 'Bắc Phú', 16),
(406, 'Tân Minh', 16),
(409, 'Quang Tiến', 16),
(412, 'Hiền Ninh', 16),
(415, 'Tân Dân', 16),
(418, 'Tiên Dược', 16),
(421, 'Việt Long', 16),
(424, 'Xuân Giang', 16),
(427, 'Mai Đình', 16),
(430, 'Đức Hoà', 16),
(433, 'Thanh Xuân', 16),
(436, 'Đông Xuân', 16),
(439, 'Kim Lũ', 16),
(442, 'Phú Cường', 16),
(445, 'Phú Minh', 16),
(448, 'Phù Lỗ', 16),
(451, 'Xuân Thu', 16),
(454, 'Đông Anh', 17),
(457, 'Xuân Nộn', 17),
(460, 'Thuỵ Lâm', 17),
(463, 'Bắc Hồng', 17),
(466, 'Nguyên Khê', 17),
(469, 'Nam Hồng', 17),
(472, 'Tiên Dương', 17),
(475, 'Vân Hà', 17),
(478, 'Uy Nỗ', 17),
(481, 'Vân Nội', 17),
(484, 'Liên Hà', 17),
(487, 'Việt Hùng', 17),
(490, 'Kim Nỗ', 17),
(493, 'Kim Chung', 17),
(496, 'Dục Tú', 17),
(499, 'Đại Mạch', 17),
(502, 'Vĩnh Ngọc', 17),
(505, 'Cổ Loa', 17),
(508, 'Hải Bối', 17),
(511, 'Xuân Canh', 17),
(514, 'Võng La', 17),
(517, 'Tàm Xá', 17),
(520, 'Mai Lâm', 17),
(523, 'Đông Hội', 17),
(526, 'Yên Viên', 18),
(529, 'Yên Thường', 18),
(532, 'Yên Viên', 18),
(535, 'Ninh Hiệp', 18),
(538, 'Đình Xuyên', 18),
(541, 'Dương Hà', 18),
(544, 'Phù Đổng', 18),
(547, 'Trung Mầu', 18),
(550, 'Lệ Chi', 18),
(553, 'Cổ Bi', 18),
(556, 'Đặng Xá', 18),
(559, 'Phú Thị', 18),
(562, 'Kim Sơn', 18),
(565, 'Trâu Quỳ', 18),
(568, 'Dương Quang', 18),
(571, 'Dương Xá', 18),
(574, 'Đông Dư', 18),
(577, 'Đa Tốn', 18),
(580, 'Kiêu Kỵ', 18),
(583, 'Bát Tràng', 18),
(586, 'Kim Lan', 18),
(589, 'Văn Đức', 18),
(592, 'Cầu Diễn', 19),
(595, 'Thượng Cát', 21),
(598, 'Liên Mạc', 21),
(601, 'Đông Ngạc', 21),
(602, 'Đức Thắng', 21),
(604, 'Thụy Phương', 21),
(607, 'Tây Tựu', 21),
(610, 'Xuân Đỉnh', 21),
(611, 'Xuân Tảo', 21),
(613, 'Minh Khai', 21),
(616, 'Cổ Nhuế 1', 21),
(617, 'Cổ Nhuế 2', 21),
(619, 'Phú Diễn', 21),
(620, 'Phúc Diễn', 21),
(622, 'Xuân Phương', 19),
(623, 'Phương Canh', 19),
(625, 'Mỹ Đình 1', 19),
(626, 'Mỹ Đình 2', 19),
(628, 'Tây Mỗ', 19),
(631, 'Mễ Trì', 19),
(632, 'Phú Đô', 19),
(634, 'Đại Mỗ', 19),
(637, 'Trung Văn', 19),
(640, 'Văn Điển', 20),
(643, 'Tân Triều', 20),
(646, 'Thanh Liệt', 20),
(649, 'Tả Thanh Oai', 20),
(652, 'Hữu Hoà', 20),
(655, 'Tam Hiệp', 20),
(658, 'Tứ Hiệp', 20),
(661, 'Yên Mỹ', 20),
(664, 'Vĩnh Quỳnh', 20),
(667, 'Ngũ Hiệp', 20),
(670, 'Duyên Hà', 20),
(673, 'Ngọc Hồi', 20),
(676, 'Vạn Phúc', 20),
(679, 'Đại áng', 20),
(682, 'Liên Ninh', 20),
(685, 'Đông Mỹ', 20),
(688, 'Quang Trung', 24),
(691, 'Trần Phú', 24),
(692, 'Ngọc Hà', 24),
(694, 'Nguyễn Trãi', 24),
(697, 'Minh Khai', 24),
(700, 'Ngọc Đường', 24),
(703, 'Kim Thạch', 30),
(706, 'Phú Linh', 30),
(709, 'Kim Linh', 30),
(712, 'Phó Bảng', 26),
(715, 'Lũng Cú', 26),
(718, 'Má Lé', 26),
(721, 'Đồng Văn', 26),
(724, 'Lũng Táo', 26),
(727, 'Phố Là', 26),
(730, 'Thài Phìn Tủng', 26),
(733, 'Sủng Là', 26),
(736, 'Xà Phìn', 26),
(739, 'Tả Phìn', 26),
(742, 'Tả Lủng', 26),
(745, 'Phố Cáo', 26),
(748, 'Sính Lủng', 26),
(751, 'Sảng Tủng', 26),
(754, 'Lũng Thầu', 26),
(757, 'Hố Quáng Phìn', 26),
(760, 'Vần Chải', 26),
(763, 'Lũng Phìn', 26),
(766, 'Sủng Trái', 26),
(769, 'Mèo Vạc', 27),
(772, 'Thượng Phùng', 27),
(775, 'Pải Lủng', 27),
(778, 'Xín Cái', 27),
(781, 'Pả Vi', 27),
(784, 'Giàng Chu Phìn', 27),
(787, 'Sủng Trà', 27),
(790, 'Sủng Máng', 27),
(793, 'Sơn Vĩ', 27),
(796, 'Tả Lủng', 27),
(799, 'Cán Chu Phìn', 27),
(802, 'Lũng Pù', 27),
(805, 'Lũng Chinh', 27),
(808, 'Tát Ngà', 27),
(811, 'Nậm Ban', 27),
(814, 'Khâu Vai', 27),
(815, 'Niêm Tòng', 27),
(817, 'Niêm Sơn', 27),
(820, 'Yên Minh', 28),
(823, 'Thắng Mố', 28),
(826, 'Phú Lũng', 28),
(829, 'Sủng Tráng', 28),
(832, 'Bạch Đích', 28),
(835, 'Na Khê', 28),
(838, 'Sủng Thài', 28),
(841, 'Hữu Vinh', 28),
(844, 'Lao Và Chải', 28),
(847, 'Mậu Duệ', 28),
(850, 'Đông Minh', 28),
(853, 'Mậu Long', 28),
(856, 'Ngam La', 28),
(859, 'Ngọc Long', 28),
(862, 'Đường Thượng', 28),
(865, 'Lũng Hồ', 28),
(868, 'Du Tiến', 28),
(871, 'Du Già', 28),
(874, 'Tam Sơn', 29),
(877, 'Bát Đại Sơn', 29),
(880, 'Nghĩa Thuận', 29),
(883, 'Cán Tỷ', 29),
(886, 'Cao Mã Pờ', 29),
(889, 'Thanh Vân', 29),
(892, 'Tùng Vài', 29),
(895, 'Đông Hà', 29),
(898, 'Quản Bạ', 29),
(901, 'Lùng Tám', 29),
(904, 'Quyết Tiến', 29),
(907, 'Tả Ván', 29),
(910, 'Thái An', 29),
(913, 'Vị Xuyên', 30),
(916, 'Nông Trường Việt Lâm', 30),
(919, 'Minh Tân', 30),
(922, 'Thuận Hoà', 30),
(925, 'Tùng Bá', 30),
(928, 'Thanh Thủy', 30),
(931, 'Thanh Đức', 30),
(934, 'Phong Quang', 30),
(937, 'Xín Chải', 30),
(940, 'Phương Tiến', 30),
(943, 'Lao Chải', 30),
(946, 'Phương Độ', 24),
(949, 'Phương Thiện', 24),
(952, 'Cao Bồ', 30),
(955, 'Đạo Đức', 30),
(958, 'Thượng Sơn', 30),
(961, 'Linh Hồ', 30),
(964, 'Quảng Ngần', 30),
(967, 'Việt Lâm', 30),
(970, 'Ngọc Linh', 30),
(973, 'Ngọc Minh', 30),
(976, 'Bạch Ngọc', 30),
(979, 'Trung Thành', 30),
(982, 'Minh Sơn', 31),
(985, 'Giáp Trung', 31),
(988, 'Yên Định', 31),
(991, 'Yên Phú', 31),
(994, 'Minh Ngọc', 31),
(997, 'Yên Phong', 31),
(1000, 'Lạc Nông', 31),
(1003, 'Phú Nam', 31),
(1006, 'Yên Cường', 31),
(1009, 'Thượng Tân', 31),
(1012, 'Đường Âm', 31),
(1015, 'Đường Hồng', 31),
(1018, 'Phiêng Luông', 31),
(1021, 'Vinh Quang', 32),
(1024, 'Bản Máy', 32),
(1027, 'Thàng Tín', 32),
(1030, 'Thèn Chu Phìn', 32),
(1033, 'Pố Lồ', 32),
(1036, 'Bản Phùng', 32),
(1039, 'Túng Sán', 32),
(1042, 'Chiến Phố', 32),
(1045, 'Đản Ván', 32),
(1048, 'Tụ Nhân', 32),
(1051, 'Tân Tiến', 32),
(1054, 'Nàng Đôn', 32),
(1057, 'Pờ Ly Ngài', 32),
(1060, 'Sán Xả Hồ', 32),
(1063, 'Bản Luốc', 32),
(1066, 'Ngàm Đăng Vài', 32),
(1069, 'Bản Nhùng', 32),
(1072, 'Tả Sử Choóng', 32),
(1075, 'Nậm Dịch', 32),
(1081, 'Hồ Thầu', 32),
(1084, 'Nam Sơn', 32),
(1087, 'Nậm Tỵ', 32),
(1090, 'Thông Nguyên', 32),
(1093, 'Nậm Khòa', 32),
(1096, 'Cốc Pài', 33),
(1099, 'Nàn Xỉn', 33),
(1102, 'Bản Díu', 33),
(1105, 'Chí Cà', 33),
(1108, 'Xín Mần', 33),
(1114, 'Thèn Phàng', 33),
(1117, 'Trung Thịnh', 33),
(1120, 'Pà Vầy Sủ', 33),
(1123, 'Cốc Rế', 33),
(1126, 'Thu Tà', 33),
(1129, 'Nàn Ma', 33),
(1132, 'Tả Nhìu', 33),
(1135, 'Bản Ngò', 33),
(1138, 'Chế Là', 33),
(1141, 'Nấm Dẩn', 33),
(1144, 'Quảng Nguyên', 33),
(1147, 'Nà Chì', 33),
(1150, 'Khuôn Lùng', 33),
(1153, 'Việt Quang', 34),
(1156, 'Vĩnh Tuy', 34),
(1159, 'Tân Lập', 34),
(1162, 'Tân Thành', 34),
(1165, 'Đồng Tiến', 34),
(1168, 'Đồng Tâm', 34),
(1171, 'Tân Quang', 34),
(1174, 'Thượng Bình', 34),
(1177, 'Hữu Sản', 34),
(1180, 'Kim Ngọc', 34),
(1183, 'Việt Vinh', 34),
(1186, 'Bằng Hành', 34),
(1189, 'Quang Minh', 34),
(1192, 'Liên Hiệp', 34),
(1195, 'Vô Điếm', 34),
(1198, 'Việt Hồng', 34),
(1201, 'Hùng An', 34),
(1204, 'Đức Xuân', 34),
(1207, 'Tiên Kiều', 34),
(1210, 'Vĩnh Hảo', 34),
(1213, 'Vĩnh Phúc', 34),
(1216, 'Đồng Yên', 34),
(1219, 'Đông Thành', 34),
(1222, 'Xuân Minh', 35),
(1225, 'Tiên Nguyên', 35),
(1228, 'Tân Nam', 35),
(1231, 'Bản Rịa', 35),
(1234, 'Yên Thành', 35),
(1237, 'Yên Bình', 35),
(1240, 'Tân Trịnh', 35),
(1243, 'Tân Bắc', 35),
(1246, 'Bằng Lang', 35),
(1249, 'Yên Hà', 35),
(1252, 'Hương Sơn', 35),
(1255, 'Xuân Giang', 35),
(1258, 'Nà Khương', 35),
(1261, 'Tiên Yên', 35),
(1264, 'Vĩ Thượng', 35),
(1267, 'Sông Hiến', 40),
(1270, 'Sông Bằng', 40),
(1273, 'Hợp Giang', 40),
(1276, 'Tân Giang', 40),
(1279, 'Ngọc Xuân', 40),
(1282, 'Đề Thám', 40),
(1285, 'Hoà Chung', 40),
(1288, 'Duyệt Trung', 40),
(1290, 'Pác Miầu', 42),
(1291, 'Đức Hạnh', 42),
(1294, 'Lý Bôn', 42),
(1296, 'Nam Cao', 42),
(1297, 'Nam Quang', 42),
(1300, 'Vĩnh Quang', 42),
(1303, 'Quảng Lâm', 42),
(1304, 'Thạch Lâm', 42),
(1309, 'Vĩnh Phong', 42),
(1312, 'Mông Ân', 42),
(1315, 'Thái Học', 42),
(1316, 'Thái Sơn', 42),
(1318, 'Yên Thổ', 42),
(1321, 'Bảo Lạc', 43),
(1324, 'Cốc Pàng', 43),
(1327, 'Thượng Hà', 43),
(1330, 'Cô Ba', 43),
(1333, 'Bảo Toàn', 43),
(1336, 'Khánh Xuân', 43),
(1339, 'Xuân Trường', 43),
(1342, 'Hồng Trị', 43),
(1343, 'Kim Cúc', 43),
(1345, 'Phan Thanh', 43),
(1348, 'Hồng An', 43),
(1351, 'Hưng Đạo', 43),
(1352, 'Hưng Thịnh', 43),
(1354, 'Huy Giáp', 43),
(1357, 'Đình Phùng', 43),
(1359, 'Sơn Lập', 43),
(1360, 'Sơn Lộ', 43),
(1363, 'Thông Nông', 45),
(1366, 'Cần Yên', 45),
(1367, 'Cần Nông', 45),
(1372, 'Lương Thông', 45),
(1375, 'Đa Thông', 45),
(1378, 'Ngọc Động', 45),
(1381, 'Yên Sơn', 45),
(1384, 'Lương Can', 45),
(1387, 'Thanh Long', 45),
(1392, 'Xuân Hòa', 45),
(1393, 'Lũng Nặm', 45),
(1399, 'Trường Hà', 45),
(1402, 'Cải Viên', 45),
(1411, 'Nội Thôn', 45),
(1414, 'Tổng Cọt', 45),
(1417, 'Sóc Hà', 45),
(1420, 'Thượng Thôn', 45),
(1429, 'Hồng Sỹ', 45),
(1432, 'Quý Quân', 45),
(1435, 'Mã Ba', 45),
(1438, 'Ngọc Đào', 45),
(1447, 'Trà Lĩnh', 47),
(1453, 'Tri Phương', 47),
(1456, 'Quang Hán', 47),
(1462, 'Xuân Nội', 47),
(1465, 'Quang Trung', 47),
(1468, 'Quang Vinh', 47),
(1471, 'Cao Chương', 47),
(1474, 'Quốc Toản', 49),
(1477, 'Trùng Khánh', 47),
(1480, 'Ngọc Khê', 47),
(1481, 'Ngọc Côn', 47),
(1483, 'Phong Nậm', 47),
(1489, 'Đình Phong', 47),
(1495, 'Đàm Thuỷ', 47),
(1498, 'Khâm Thành', 47),
(1501, 'Chí Viễn', 47),
(1504, 'Lăng Hiếu', 47),
(1507, 'Phong Châu', 47),
(1516, 'Trung Phúc', 47),
(1519, 'Cao Thăng', 47),
(1522, 'Đức Hồng', 47),
(1525, 'Đoài Dương', 47),
(1534, 'Minh Long', 48),
(1537, 'Lý Quốc', 48),
(1540, 'Thắng Lợi', 48),
(1543, 'Đồng Loan', 48),
(1546, 'Đức Quang', 48),
(1549, 'Kim Loan', 48),
(1552, 'Quang Long', 48),
(1555, 'An Lạc', 48),
(1558, 'Thanh Nhật', 48),
(1561, 'Vinh Quý', 48),
(1564, 'Thống Nhất', 48),
(1567, 'Cô Ngân', 48),
(1573, 'Thị Hoa', 48),
(1576, 'Quảng Uyên', 49),
(1579, 'Phi Hải', 49),
(1582, 'Quảng Hưng', 49),
(1594, 'Độc Lập', 49),
(1597, 'Cai Bộ', 49),
(1603, 'Phúc Sen', 49),
(1606, 'Chí Thảo', 49),
(1609, 'Tự Do', 49),
(1615, 'Hồng Quang', 49),
(1618, 'Ngọc Động', 49),
(1624, 'Hạnh Phúc', 49),
(1627, 'Tà Lùng', 49),
(1630, 'Bế Văn Đàn', 49),
(1636, 'Cách Linh', 49),
(1639, 'Đại Sơn', 49),
(1645, 'Tiên Thành', 49),
(1648, 'Hoà Thuận', 49),
(1651, 'Mỹ Hưng', 49),
(1654, 'Nước Hai', 51),
(1657, 'Dân Chủ', 51),
(1660, 'Nam Tuấn', 51),
(1666, 'Đại Tiến', 51),
(1669, 'Đức Long', 51),
(1672, 'Ngũ Lão', 51),
(1675, 'Trương Lương', 51),
(1687, 'Hồng Việt', 51),
(1693, 'Vĩnh Quang', 40),
(1696, 'Hoàng Tung', 51),
(1699, 'Nguyễn Huệ', 51),
(1702, 'Quang Trung', 51),
(1705, 'Hưng Đạo', 40),
(1708, 'Bạch Đằng', 51),
(1711, 'Bình Dương', 51),
(1714, 'Lê Chung', 51),
(1720, 'Chu Trinh', 40),
(1723, 'Hồng Nam', 51),
(1726, 'Nguyên Bình', 52),
(1729, 'Tĩnh Túc', 52),
(1732, 'Yên Lạc', 52),
(1735, 'Triệu Nguyên', 52),
(1738, 'Ca Thành', 52),
(1744, 'Vũ Nông', 52),
(1747, 'Minh Tâm', 52),
(1750, 'Thể Dục', 52),
(1756, 'Mai Long', 52),
(1762, 'Vũ Minh', 52),
(1765, 'Hoa Thám', 52),
(1768, 'Phan Thanh', 52),
(1771, 'Quang Thành', 52),
(1774, 'Tam Kim', 52),
(1777, 'Thành Công', 52),
(1780, 'Thịnh Vượng', 52),
(1783, 'Hưng Đạo', 52),
(1786, 'Đông Khê', 53),
(1789, 'Canh Tân', 53),
(1792, 'Kim Đồng', 53),
(1795, 'Minh Khai', 53),
(1801, 'Đức Thông', 53),
(1804, 'Thái Cường', 53),
(1807, 'Vân Trình', 53),
(1810, 'Thụy Hùng', 53),
(1813, 'Quang Trọng', 53),
(1816, 'Trọng Con', 53),
(1819, 'Lê Lai', 53),
(1822, 'Đức Long', 53),
(1828, 'Lê Lợi', 53),
(1831, 'Đức Xuân', 53),
(1834, 'Nguyễn Thị Minh Khai', 58),
(1837, 'Sông Cầu', 58),
(1840, 'Đức Xuân', 58),
(1843, 'Phùng Chí Kiên', 58),
(1846, 'Huyền Tụng', 58),
(1849, 'Dương Quang', 58),
(1852, 'Nông Thượng', 58),
(1855, 'Xuất Hóa', 58),
(1858, 'Bằng Thành', 60),
(1861, 'Nhạn Môn', 60),
(1864, 'Bộc Bố', 60),
(1867, 'Công Bằng', 60),
(1870, 'Giáo Hiệu', 60),
(1873, 'Xuân La', 60),
(1876, 'An Thắng', 60),
(1879, 'Cổ Linh', 60),
(1882, 'Nghiên Loan', 60),
(1885, 'Cao Tân', 60),
(1888, 'Chợ Rã', 61),
(1891, 'Bành Trạch', 61),
(1894, 'Phúc Lộc', 61),
(1897, 'Hà Hiệu', 61),
(1900, 'Cao Thượng', 61),
(1906, 'Khang Ninh', 61),
(1909, 'Nam Mẫu', 61),
(1912, 'Thượng Giáo', 61),
(1915, 'Địa Linh', 61),
(1918, 'Yến Dương', 61),
(1921, 'Chu Hương', 61),
(1924, 'Quảng Khê', 61),
(1927, 'Mỹ Phương', 61),
(1930, 'Hoàng Trĩ', 61),
(1933, 'Đồng Phúc', 61),
(1936, 'Nà Phặc', 62),
(1939, 'Thượng Ân', 62),
(1942, 'Bằng Vân', 62),
(1945, 'Cốc Đán', 62),
(1948, 'Trung Hoà', 62),
(1951, 'Đức Vân', 62),
(1954, 'Vân Tùng', 62),
(1957, 'Thượng Quan', 62),
(1960, 'Hiệp Lực', 62),
(1963, 'Thuần Mang', 62),
(1969, 'Phủ Thông', 63),
(1975, 'Vi Hương', 63),
(1978, 'Sĩ Bình', 63),
(1981, 'Vũ Muộn', 63),
(1984, 'Đôn Phong', 63),
(1990, 'Lục Bình', 63),
(1993, 'Tân Tú', 63),
(1999, 'Nguyên Phúc', 63),
(2002, 'Cao Sơn', 63),
(2005, 'Quân Hà', 63),
(2008, 'Cẩm Giàng', 63),
(2011, 'Mỹ Thanh', 63),
(2014, 'Dương Phong', 63),
(2017, 'Quang Thuận', 63),
(2020, 'Bằng Lũng', 64),
(2023, 'Xuân Lạc', 64),
(2026, 'Nam Cường', 64),
(2029, 'Đồng Lạc', 64),
(2032, 'Tân Lập', 64),
(2035, 'Bản Thi', 64),
(2038, 'Quảng Bạch', 64),
(2041, 'Bằng Phúc', 64),
(2044, 'Yên Thịnh', 64),
(2047, 'Yên Thượng', 64),
(2050, 'Phương Viên', 64),
(2053, 'Ngọc Phái', 64),
(2059, 'Đồng Thắng', 64),
(2062, 'Lương Bằng', 64),
(2065, 'Bằng Lãng', 64),
(2068, 'Đại Sảo', 64),
(2071, 'Nghĩa Tá', 64),
(2077, 'Yên Mỹ', 64),
(2080, 'Bình Trung', 64),
(2083, 'Yên Phong', 64),
(2086, 'Đồng Tâm', 65),
(2089, 'Tân Sơn', 65),
(2092, 'Thanh Vận', 65),
(2095, 'Mai Lạp', 65),
(2098, 'Hoà Mục', 65),
(2101, 'Thanh Mai', 65),
(2104, 'Cao Kỳ', 65),
(2107, 'Nông Hạ', 65),
(2110, 'Yên Cư', 65),
(2113, 'Thanh Thịnh', 65),
(2116, 'Yên Hân', 65),
(2122, 'Như Cố', 65),
(2125, 'Bình Văn', 65),
(2131, 'Quảng Chu', 65),
(2137, 'Văn Vũ', 66),
(2140, 'Văn Lang', 66),
(2143, 'Lương Thượng', 66),
(2146, 'Kim Hỷ', 66),
(2152, 'Cường Lợi', 66),
(2155, 'Yến Lạc', 66),
(2158, 'Kim Lư', 66),
(2161, 'Sơn Thành', 66),
(2170, 'Văn Minh', 66),
(2173, 'Côn Minh', 66),
(2176, 'Cư Lễ', 66),
(2179, 'Trần Phú', 66),
(2185, 'Quang Phong', 66),
(2188, 'Dương Sơn', 66),
(2191, 'Xuân Dương', 66),
(2194, 'Đổng Xá', 66),
(2197, 'Liêm Thuỷ', 66),
(2200, 'Phan Thiết', 70),
(2203, 'Minh Xuân', 70),
(2206, 'Tân Quang', 70),
(2209, 'Tràng Đà', 70),
(2212, 'Nông Tiến', 70),
(2215, 'Ỷ La', 70),
(2216, 'Tân Hà', 70),
(2218, 'Hưng Thành', 70),
(2221, 'Na Hang', 72),
(2227, 'Sinh Long', 72),
(2230, 'Thượng Giáp', 72),
(2233, 'Phúc Yên', 71),
(2239, 'Thượng Nông', 72),
(2242, 'Xuân Lập', 71),
(2245, 'Côn Lôn', 72),
(2248, 'Yên Hoa', 72),
(2251, 'Khuôn Hà', 71),
(2254, 'Hồng Thái', 72),
(2260, 'Đà Vị', 72),
(2263, 'Khau Tinh', 72),
(2266, 'Lăng Can', 71),
(2269, 'Thượng Lâm', 71),
(2275, 'Sơn Phú', 72),
(2281, 'Năng Khả', 72),
(2284, 'Thanh Tương', 72),
(2287, 'Vĩnh Lộc', 73),
(2290, 'Bình An', 71),
(2293, 'Hồng Quang', 71),
(2296, 'Thổ Bình', 71),
(2299, 'Phúc Sơn', 71),
(2302, 'Minh Quang', 71),
(2305, 'Trung Hà', 73),
(2308, 'Tân Mỹ', 73),
(2311, 'Hà Lang', 73),
(2314, 'Hùng Mỹ', 73),
(2317, 'Yên Lập', 73),
(2320, 'Tân An', 73),
(2323, 'Bình Phú', 73),
(2326, 'Xuân Quang', 73),
(2329, 'Ngọc Hội', 73),
(2332, 'Phú Bình', 73),
(2335, 'Hòa Phú', 73),
(2338, 'Phúc Thịnh', 73),
(2341, 'Kiên Đài', 73),
(2344, 'Tân Thịnh', 73),
(2347, 'Trung Hòa', 73),
(2350, 'Kim Bình', 73),
(2353, 'Hòa An', 73),
(2356, 'Vinh Quang', 73),
(2359, 'Tri Phú', 73),
(2362, 'Nhân Lý', 73),
(2365, 'Yên Nguyên', 73),
(2368, 'Linh Phú', 73),
(2371, 'Bình Nhân', 73),
(2374, 'Tân Yên', 74),
(2377, 'Yên Thuận', 74),
(2380, 'Bạch Xa', 74),
(2383, 'Minh Khương', 74),
(2386, 'Yên Lâm', 74),
(2389, 'Minh Dân', 74),
(2392, 'Phù Lưu', 74),
(2395, 'Minh Hương', 74),
(2398, 'Yên Phú', 74),
(2401, 'Tân Thành', 74),
(2404, 'Bình Xa', 74),
(2407, 'Thái Sơn', 74),
(2410, 'Nhân Mục', 74),
(2413, 'Thành Long', 74),
(2416, 'Bằng Cốc', 74),
(2419, 'Thái Hòa', 74),
(2422, 'Đức Ninh', 74),
(2425, 'Hùng Đức', 74),
(2431, 'Quí Quân', 75),
(2434, 'Lực Hành', 75),
(2437, 'Kiến Thiết', 75),
(2440, 'Trung Minh', 75),
(2443, 'Chiêu Yên', 75),
(2446, 'Trung Trực', 75),
(2449, 'Xuân Vân', 75),
(2452, 'Phúc Ninh', 75),
(2455, 'Hùng Lợi', 75),
(2458, 'Trung Sơn', 75),
(2461, 'Tân Tiến', 75),
(2464, 'Tứ Quận', 75),
(2467, 'Đạo Viện', 75),
(2470, 'Tân Long', 75),
(2473, 'Yên Sơn', 75),
(2476, 'Kim Quan', 75),
(2479, 'Lang Quán', 75),
(2482, 'Phú Thịnh', 75),
(2485, 'Công Đa', 75),
(2488, 'Trung Môn', 75),
(2491, 'Chân Sơn', 75),
(2494, 'Thái Bình', 75),
(2497, 'Kim Phú', 70),
(2500, 'Tiến Bộ', 75),
(2503, 'An Khang', 70),
(2506, 'Mỹ Bằng', 75),
(2509, 'Mỹ Lâm', 70),
(2512, 'An Tường', 70),
(2515, 'Lưỡng Vượng', 70),
(2518, 'Hoàng Khai', 75),
(2521, 'Thái Long', 70),
(2524, 'Đội Cấn', 70),
(2527, 'Nhữ Hán', 75),
(2530, 'Nhữ Khê', 75),
(2533, 'Đội Bình', 75),
(2536, 'Sơn Dương', 76),
(2539, 'Trung Yên', 76),
(2542, 'Minh Thanh', 76),
(2545, 'Tân Trào', 76),
(2548, 'Vĩnh Lợi', 76),
(2551, 'Thượng Ấm', 76),
(2554, 'Bình Yên', 76),
(2557, 'Lương Thiện', 76),
(2560, 'Tú Thịnh', 76),
(2563, 'Cấp Tiến', 76),
(2566, 'Hợp Thành', 76),
(2569, 'Phúc Ứng', 76),
(2572, 'Đông Thọ', 76),
(2575, 'Kháng Nhật', 76),
(2578, 'Hợp Hòa', 76),
(2584, 'Quyết Thắng', 76),
(2587, 'Đồng Quý', 76),
(2590, 'Tân Thanh', 76),
(2593, 'Vân Sơn', 76),
(2596, 'Văn Phú', 76),
(2599, 'Chi Thiết', 76),
(2602, 'Đông Lợi', 76),
(2605, 'Thiện Kế', 76),
(2608, 'Hồng Lạc', 76),
(2611, 'Phú Lương', 76),
(2614, 'Ninh Lai', 76),
(2617, 'Đại Phú', 76),
(2620, 'Sơn Nam', 76),
(2623, 'Hào Phú', 76),
(2626, 'Tam Đa', 76),
(2632, 'Trường Sinh', 76),
(2635, 'Duyên Hải', 80),
(2641, 'Lào Cai', 80),
(2644, 'Cốc Lếu', 80),
(2647, 'Kim Tân', 80),
(2650, 'Bắc Lệnh', 80),
(2653, 'Pom Hán', 80),
(2656, 'Xuân Tăng', 80),
(2658, 'Bình Minh', 80),
(2659, 'Thống Nhất', 80),
(2662, 'Đồng Tuyển', 80),
(2665, 'Vạn Hoà', 80),
(2668, 'Bắc Cường', 80),
(2671, 'Nam Cường', 80),
(2674, 'Cam Đường', 80),
(2677, 'Tả Phời', 80),
(2680, 'Hợp Thành', 80),
(2683, 'Bát Xát', 82),
(2686, 'A Mú Sung', 82),
(2689, 'Nậm Chạc', 82),
(2692, 'A Lù', 82),
(2695, 'Trịnh Tường', 82),
(2701, 'Y Tý', 82),
(2704, 'Cốc Mỳ', 82),
(2707, 'Dền Sáng', 82),
(2710, 'Bản Vược', 82),
(2713, 'Sàng Ma Sáo', 82),
(2716, 'Bản Qua', 82),
(2719, 'Mường Vi', 82),
(2722, 'Dền Thàng', 82),
(2725, 'Bản Xèo', 82),
(2728, 'Mường Hum', 82),
(2731, 'Trung Lèng Hồ', 82),
(2734, 'Quang Kim', 82),
(2737, 'Pa Cheo', 82),
(2740, 'Nậm Pung', 82),
(2743, 'Phìn Ngan', 82),
(2746, 'Cốc San', 80),
(2749, 'Tòng Sành', 82),
(2752, 'Pha Long', 83),
(2755, 'Tả Ngải Chồ', 83),
(2758, 'Tung Chung Phố', 83),
(2761, 'Mường Khương', 83),
(2764, 'Dìn Chin', 83),
(2767, 'Tả Gia Khâu', 83),
(2770, 'Nậm Chảy', 83),
(2773, 'Nấm Lư', 83),
(2776, 'Lùng Khấu Nhin', 83),
(2779, 'Thanh Bình', 83),
(2782, 'Cao Sơn', 83),
(2785, 'Lùng Vai', 83),
(2788, 'Bản Lầu', 83),
(2791, 'La Pan Tẩn', 83),
(2794, 'Tả Thàng', 83),
(2797, 'Bản Sen', 83),
(2800, 'Nàn Sán', 84),
(2803, 'Thào Chư Phìn', 84),
(2806, 'Bản Mế', 84),
(2809, 'Si Ma Cai', 84),
(2812, 'Sán Chải', 84),
(2818, 'Lùng Thẩn', 84),
(2821, 'Cán Cấu', 84),
(2824, 'Sín Chéng', 84),
(2827, 'Quan Hồ Thẩn', 84),
(2836, 'Nàn Xín', 84),
(2839, 'Bắc Hà', 85),
(2842, 'Lùng Cải', 85),
(2848, 'Lùng Phình', 85),
(2851, 'Tả Van Chư', 85),
(2854, 'Tả Củ Tỷ', 85),
(2857, 'Thải Giàng Phố', 85),
(2863, 'Hoàng Thu Phố', 85),
(2866, 'Bản Phố', 85),
(2869, 'Bản Liền', 85),
(2872, 'Tà Chải', 85),
(2875, 'Na Hối', 85),
(2878, 'Cốc Ly', 85),
(2881, 'Nậm Mòn', 85),
(2884, 'Nậm Đét', 85),
(2887, 'Nậm Khánh', 85),
(2890, 'Bảo Nhai', 85),
(2893, 'Nậm Lúc', 85),
(2896, 'Cốc Lầu', 85),
(2899, 'Bản Cái', 85),
(2902, 'N.T Phong Hải', 86),
(2905, 'Phố Lu', 86),
(2908, 'Tằng Loỏng', 86),
(2911, 'Bản Phiệt', 86),
(2914, 'Bản Cầm', 86),
(2917, 'Thái Niên', 86),
(2920, 'Phong Niên', 86),
(2923, 'Gia Phú', 86),
(2926, 'Xuân Quang', 86),
(2929, 'Sơn Hải', 86),
(2932, 'Xuân Giao', 86),
(2935, 'Trì Quang', 86),
(2938, 'Sơn Hà', 86),
(2944, 'Phú Nhuận', 86),
(2947, 'Phố Ràng', 87),
(2950, 'Tân Tiến', 87),
(2953, 'Nghĩa Đô', 87),
(2956, 'Vĩnh Yên', 87),
(2959, 'Điện Quan', 87),
(2962, 'Xuân Hoà', 87),
(2965, 'Tân Dương', 87),
(2968, 'Thượng Hà', 87),
(2971, 'Kim Sơn', 87),
(2974, 'Cam Cọn', 87),
(2977, 'Minh Tân', 87),
(2980, 'Xuân Thượng', 87),
(2983, 'Việt Tiến', 87),
(2986, 'Yên Sơn', 87),
(2989, 'Bảo Hà', 87),
(2992, 'Lương Sơn', 87),
(2998, 'Phúc Khánh', 87),
(3001, 'Sa Pa', 88),
(3002, 'Sa Pả', 88),
(3003, 'Ô Quý Hồ', 88),
(3004, 'Ngũ Chỉ Sơn', 88),
(3006, 'Phan Si Păng', 88),
(3010, 'Trung Chải', 88),
(3013, 'Tả Phìn', 88),
(3016, 'Hàm Rồng', 88),
(3019, 'Hoàng Liên', 88),
(3022, 'Thanh Bình', 88),
(3028, 'Cầu Mây', 88),
(3037, 'Mường Hoa', 88),
(3040, 'Tả Van', 88),
(3043, 'Mường Bo', 88),
(3046, 'Bản Hồ', 88),
(3052, 'Liên Minh', 88),
(3055, 'Khánh Yên', 89),
(3061, 'Võ Lao', 89),
(3064, 'Sơn Thuỷ', 89),
(3067, 'Nậm Mả', 89),
(3070, 'Tân Thượng', 89),
(3073, 'Nậm Rạng', 89),
(3076, 'Nậm Chầy', 89),
(3079, 'Tân An', 89),
(3082, 'Khánh Yên Thượng', 89),
(3085, 'Nậm Xé', 89),
(3088, 'Dần Thàng', 89),
(3091, 'Chiềng Ken', 89),
(3094, 'Làng Giàng', 89),
(3097, 'Hoà Mạc', 89),
(3100, 'Khánh Yên Trung', 89),
(3103, 'Khánh Yên Hạ', 89),
(3106, 'Dương Quỳ', 89),
(3109, 'Nậm Tha', 89),
(3112, 'Minh Lương', 89),
(3115, 'Thẩm Dương', 89),
(3118, 'Liêm Phú', 89),
(3121, 'Nậm Xây', 89),
(3124, 'Noong Bua', 94),
(3127, 'Him Lam', 94),
(3130, 'Thanh Bình', 94),
(3133, 'Tân Thanh', 94),
(3136, 'Mường Thanh', 94),
(3139, 'Nam Thanh', 94),
(3142, 'Thanh Trường', 94),
(3145, 'Thanh Minh', 94),
(3148, 'Sông Đà', 95),
(3151, 'Na Lay', 95),
(3154, 'Sín Thầu', 96),
(3155, 'Sen Thượng', 96),
(3156, 'Nậm Tin', 103),
(3157, 'Chung Chải', 96),
(3158, 'Leng Su Sìn', 96),
(3159, 'Pá Mỳ', 96),
(3160, 'Mường Nhé', 96),
(3161, 'Nậm Vì', 96),
(3162, 'Nậm Kè', 96),
(3163, 'Mường Toong', 96),
(3164, 'Quảng Lâm', 96),
(3165, 'Pa Tần', 103),
(3166, 'Chà Cang', 103),
(3167, 'Na Cô Sa', 103),
(3168, 'Nà Khoa', 103),
(3169, 'Nà Hỳ', 103),
(3170, 'Nà Bủng', 103),
(3171, 'Nậm Nhừ', 103),
(3172, 'Mường Chà', 97),
(3173, 'Nậm Chua', 103),
(3174, 'Nậm Khăn', 103),
(3175, 'Chà Tở', 103),
(3176, 'Vàng Đán', 103),
(3177, 'Huổi Lếnh', 96),
(3178, 'Xá Tổng', 97),
(3181, 'Mường Tùng', 97),
(3184, 'Lay Nưa', 95),
(3187, 'Chà Nưa', 103),
(3190, 'Hừa Ngài', 97),
(3191, 'Huổi Mí', 97),
(3193, 'Pa Ham', 97),
(3194, 'Nậm Nèn', 97),
(3196, 'Huổi Lèng', 97),
(3197, 'Sa Lông', 97),
(3198, 'Phìn Hồ', 103),
(3199, 'Si Pa Phìn', 103),
(3200, 'Ma Thì Hồ', 97),
(3201, 'Na Sang', 97),
(3202, 'Mường Mươn', 97),
(3203, 'Điện Biên Đông', 101),
(3205, 'Na Son', 101),
(3208, 'Phì Nhừ', 101),
(3211, 'Chiềng Sơ', 101),
(3214, 'Mường Luân', 101),
(3217, 'Tủa Chùa', 98),
(3220, 'Huổi Só', 98),
(3223, 'Xín Chải', 98),
(3226, 'Tả Sìn Thàng', 98),
(3229, 'Lao Xả Phình', 98),
(3232, 'Tả Phìn', 98),
(3235, 'Tủa Thàng', 98),
(3238, 'Trung Thu', 98),
(3241, 'Sính Phình', 98),
(3244, 'Sáng Nhè', 98),
(3247, 'Mường Đun', 98),
(3250, 'Mường Báng', 98),
(3253, 'Tuần Giáo', 99),
(3256, 'Mường Ảng', 102),
(3259, 'Phình Sáng', 99),
(3260, 'Rạng Đông', 99),
(3262, 'Mùn Chung', 99),
(3263, 'Nà Tòng', 99),
(3265, 'Ta Ma', 99),
(3268, 'Mường Mùn', 99),
(3269, 'Pú Xi', 99),
(3271, 'Pú Nhung', 99),
(3274, 'Quài Nưa', 99),
(3277, 'Mường Thín', 99),
(3280, 'Tỏa Tình', 99),
(3283, 'Nà Sáy', 99),
(3284, 'Mường Khong', 99),
(3286, 'Mường Đăng', 102),
(3287, 'Ngối Cáy', 102),
(3289, 'Quài Cang', 99),
(3292, 'Ẳng Tở', 102),
(3295, 'Quài Tở', 99),
(3298, 'Chiềng Sinh', 99),
(3299, 'Chiềng Đông', 99),
(3301, 'Búng Lao', 102),
(3302, 'Xuân Lao', 102),
(3304, 'Tênh Phông', 99),
(3307, 'Ẳng Nưa', 102),
(3310, 'Ẳng Cang', 102),
(3312, 'Nặm Lịch', 102),
(3313, 'Mường Lạn', 102),
(3316, 'Nà Tấu', 94),
(3317, 'Nà Nhạn', 94),
(3319, 'Mường Pồn', 100),
(3322, 'Thanh Nưa', 100),
(3323, 'Hua Thanh', 100),
(3325, 'Mường Phăng', 94),
(3326, 'Pá Khoang', 94),
(3328, 'Thanh Luông', 100),
(3331, 'Thanh Hưng', 100),
(3334, 'Thanh Xương', 100),
(3337, 'Thanh Chăn', 100),
(3340, 'Pa Thơm', 100),
(3343, 'Thanh An', 100),
(3346, 'Thanh Yên', 100),
(3349, 'Noong Luống', 100),
(3352, 'Noọng Hẹt', 100),
(3355, 'Sam Mứn', 100),
(3356, 'Pom Lót', 100),
(3358, 'Núa Ngam', 100),
(3359, 'Hẹ Muông', 100),
(3361, 'Na Ư', 100),
(3364, 'Mường Nhà', 100),
(3365, 'Na Tông', 100),
(3367, 'Mường Lói', 100),
(3368, 'Phu Luông', 100),
(3370, 'Pú Nhi', 101),
(3371, 'Nong U', 101),
(3373, 'Xa Dung', 101),
(3376, 'Keo Lôm', 101),
(3379, 'Luân Giới', 101),
(3382, 'Phình Giàng', 101),
(3383, 'Pú Hồng', 101),
(3384, 'Tìa Dình', 101),
(3385, 'Háng Lìa', 101),
(3386, 'Quyết Thắng', 105),
(3387, 'Tân Phong', 105),
(3388, 'Quyết Tiến', 105),
(3389, 'Đoàn Kết', 105),
(3390, 'Tam Đường', 106),
(3391, 'Lả Nhì Thàng', 109),
(3394, 'Thèn Sin', 106),
(3400, 'Tả Lèng', 106),
(3403, 'Sùng Phài', 105),
(3405, 'Giang Ma', 106),
(3406, 'Hồ Thầu', 106),
(3408, 'Đông Phong', 105),
(3409, 'San Thàng', 105),
(3412, 'Bình Lư', 106),
(3413, 'Sơn Bình', 106),
(3415, 'Nùng Nàng', 106),
(3418, 'Bản Giang', 106),
(3421, 'Bản Hon', 106),
(3424, 'Bản Bo', 106),
(3427, 'Nà Tăm', 106),
(3430, 'Khun Há', 106),
(3433, 'Mường Tè', 107),
(3434, 'Nậm Nhùn', 112),
(3436, 'Thu Lũm', 107),
(3439, 'Ka Lăng', 107),
(3440, 'Tá Bạ', 107),
(3442, 'Pa ủ', 107),
(3445, 'Mường Tè', 107),
(3448, 'Pa Vệ Sử', 107),
(3451, 'Mù Cả', 107),
(3454, 'Bum Tở', 107),
(3457, 'Nậm Khao', 107),
(3460, 'Hua Bun', 112),
(3463, 'Tà Tổng', 107),
(3466, 'Bum Nưa', 107),
(3467, 'Vàng San', 107),
(3469, 'Kan Hồ', 107),
(3472, 'Mường Mô', 112),
(3473, 'Nậm Chà', 112),
(3474, 'Nậm Manh', 112),
(3475, 'Nậm Hàng', 112),
(3478, 'Sìn Hồ', 108),
(3481, 'Lê Lợi', 112),
(3484, 'Pú Đao', 112),
(3487, 'Chăn Nưa', 108),
(3488, 'Nậm Pì', 112),
(3490, 'Huổi Luông', 109),
(3493, 'Pa Tần', 108),
(3496, 'Phìn Hồ', 108),
(3499, 'Hồng Thu', 108),
(3502, 'Nậm Ban', 112),
(3503, 'Trung Chải', 112),
(3505, 'Phăng Sô Lin', 108),
(3508, 'Ma Quai', 108),
(3509, 'Lùng Thàng', 108),
(3511, 'Tả Phìn', 108),
(3514, 'Sà Dề Phìn', 108),
(3517, 'Nậm Tăm', 108),
(3520, 'Tả Ngảo', 108),
(3523, 'Pu Sam Cáp', 108),
(3526, 'Nậm Cha', 108),
(3527, 'Pa Khoá', 108),
(3529, 'Làng Mô', 108),
(3532, 'Noong Hẻo', 108),
(3535, 'Nậm Mạ', 108),
(3538, 'Căn Co', 108),
(3541, 'Tủa Sín Chải', 108),
(3544, 'Nậm Cuổi', 108),
(3547, 'Nậm Hăn', 108),
(3549, 'Phong Thổ', 109),
(3550, 'Sì Lở Lầu', 109),
(3553, 'Mồ Sì San', 109),
(3559, 'Pa Vây Sử', 109),
(3562, 'Vàng Ma Chải', 109),
(3565, 'Tông Qua Lìn', 109),
(3568, 'Mù Sang', 109),
(3571, 'Dào San', 109),
(3574, 'Ma Ly Pho', 109),
(3577, 'Bản Lang', 109),
(3580, 'Hoang Thèn', 109),
(3583, 'Khổng Lào', 109),
(3586, 'Nậm Xe', 109),
(3589, 'Mường So', 109),
(3592, 'Sin Suối Hồ', 109),
(3595, 'Than Uyên', 110),
(3598, 'Tân Uyên', 111),
(3601, 'Mường Khoa', 111),
(3602, 'Phúc Khoa', 111),
(3604, 'Thân Thuộc', 111),
(3605, 'Trung Đồng', 111),
(3607, 'Hố Mít', 111),
(3610, 'Nậm Cần', 111),
(3613, 'Nậm Sỏ', 111),
(3616, 'Pắc Ta', 111),
(3618, 'Phúc Than', 110),
(3619, 'Mường Than', 110),
(3622, 'Tà Mít', 111),
(3625, 'Mường Mít', 110),
(3628, 'Pha Mu', 110),
(3631, 'Mường Cang', 110),
(3632, 'Hua Nà', 110),
(3634, 'Tà Hừa', 110),
(3637, 'Mường Kim', 110),
(3638, 'Tà Mung', 110),
(3640, 'Tà Gia', 110),
(3643, 'Khoen On', 110),
(3646, 'Chiềng Lề', 116),
(3649, 'Tô Hiệu', 116),
(3652, 'Quyết Thắng', 116),
(3655, 'Quyết Tâm', 116),
(3658, 'Chiềng Cọ', 116),
(3661, 'Chiềng Đen', 116),
(3664, 'Chiềng Xôm', 116),
(3667, 'Chiềng An', 116),
(3670, 'Chiềng Cơi', 116),
(3673, 'Chiềng Ngần', 116),
(3676, 'Hua La', 116),
(3679, 'Chiềng Sinh', 116),
(3682, 'Mường Chiên', 118),
(3685, 'Cà Nàng', 118),
(3688, 'Chiềng Khay', 118),
(3694, 'Mường Giôn', 118),
(3697, 'Pá Ma Pha Khinh', 118),
(3700, 'Chiềng Ơn', 118),
(3703, 'Mường Giàng', 118),
(3706, 'Chiềng Bằng', 118),
(3709, 'Mường Sại', 118),
(3712, 'Nậm ét', 118),
(3718, 'Chiềng Khoang', 118),
(3721, 'Thuận Châu', 119),
(3724, 'Phổng Lái', 119),
(3727, 'Mường é', 119),
(3730, 'Chiềng Pha', 119),
(3733, 'Chiềng La', 119),
(3736, 'Chiềng Ngàm', 119),
(3739, 'Liệp Tè', 119),
(3742, 'é Tòng', 119),
(3745, 'Phổng Lập', 119),
(3748, 'Phổng Lăng', 119),
(3751, 'Chiềng Ly', 119),
(3754, 'Noong Lay', 119),
(3757, 'Mường Khiêng', 119),
(3760, 'Mường Bám', 119),
(3763, 'Long Hẹ', 119),
(3766, 'Chiềng Bôm', 119),
(3769, 'Thôm Mòn', 119),
(3772, 'Tông Lạnh', 119),
(3775, 'Tông Cọ', 119),
(3778, 'Bó Mười', 119),
(3781, 'Co Mạ', 119),
(3784, 'Púng Tra', 119),
(3787, 'Chiềng Pấc', 119),
(3790, 'Nậm Lầu', 119),
(3793, 'Bon Phặng', 119),
(3796, 'Co Tòng', 119),
(3799, 'Muổi Nọi', 119),
(3802, 'Pá Lông', 119),
(3805, 'Bản Lầm', 119),
(3808, 'Ít Ong', 120),
(3811, 'Nậm Giôn', 120),
(3814, 'Chiềng Lao', 120),
(3817, 'Hua Trai', 120),
(3820, 'Ngọc Chiến', 120),
(3823, 'Mường Trai', 120),
(3826, 'Nậm Păm', 120),
(3829, 'Chiềng Muôn', 120),
(3832, 'Chiềng Ân', 120),
(3835, 'Pi Toong', 120),
(3838, 'Chiềng Công', 120),
(3841, 'Tạ Bú', 120),
(3844, 'Chiềng San', 120),
(3847, 'Mường Bú', 120),
(3850, 'Chiềng Hoa', 120),
(3853, 'Mường Chùm', 120),
(3856, 'Bắc Yên', 121),
(3859, 'Phiêng Ban', 121),
(3862, 'Hang Chú', 121),
(3865, 'Xím Vàng', 121),
(3868, 'Tà Xùa', 121),
(3869, 'Háng Đồng', 121),
(3871, 'Pắc Ngà', 121),
(3874, 'Làng Chếu', 121),
(3877, 'Chim Vàn', 121),
(3880, 'Mường Khoa', 121),
(3883, 'Song Pe', 121),
(3886, 'Hồng Ngài', 121),
(3889, 'Tạ Khoa', 121),
(3890, 'Hua Nhàn', 121),
(3892, 'Phiêng Côn', 121),
(3895, 'Chiềng Sại', 121),
(3898, 'Phù Yên', 122),
(3901, 'Suối Tọ', 122),
(3904, 'Mường Thải', 122),
(3907, 'Mường Cơi', 122),
(3910, 'Quang Huy', 122),
(3913, 'Huy Bắc', 122),
(3916, 'Huy Thượng', 122),
(3919, 'Tân Lang', 122),
(3922, 'Gia Phù', 122),
(3925, 'Tường Phù', 122),
(3928, 'Huy Hạ', 122),
(3931, 'Huy Tân', 122),
(3934, 'Mường Lang', 122),
(3937, 'Suối Bau', 122),
(3940, 'Huy Tường', 122),
(3943, 'Mường Do', 122),
(3946, 'Sập Xa', 122),
(3949, 'Tường Thượng', 122),
(3952, 'Tường Tiến', 122),
(3955, 'Tường Phong', 122),
(3958, 'Tường Hạ', 122),
(3961, 'Kim Bon', 122),
(3964, 'Mường Bang', 122),
(3967, 'Đá Đỏ', 122),
(3970, 'Tân Phong', 122),
(3973, 'Nam Phong', 122),
(3976, 'Bắc Phong', 122),
(3979, 'Mộc Châu', 123),
(3982, 'NT Mộc Châu', 123),
(3985, 'Chiềng Sơn', 123),
(3988, 'Tân Hợp', 123),
(3991, 'Qui Hướng', 123),
(3994, 'Suối Bàng', 128),
(3997, 'Tân Lập', 123),
(4000, 'Nà Mường', 123),
(4003, 'Tà Lai', 123),
(4006, 'Song Khủa', 128),
(4009, 'Liên Hoà', 128),
(4012, 'Chiềng Hắc', 123),
(4015, 'Hua Păng', 123),
(4018, 'Tô Múa', 128),
(4021, 'Mường Tè', 128),
(4024, 'Chiềng Khừa', 123),
(4027, 'Mường Sang', 123),
(4030, 'Đông Sang', 123),
(4033, 'Phiêng Luông', 123),
(4036, 'Chiềng Khoa', 128),
(4039, 'Mường Men', 128),
(4042, 'Quang Minh', 128),
(4045, 'Lóng Sập', 123),
(4048, 'Vân Hồ', 128),
(4051, 'Lóng Luông', 128),
(4054, 'Chiềng Yên', 128),
(4056, 'Chiềng Xuân', 128),
(4057, 'Xuân Nha', 128),
(4058, 'Tân Xuân', 128),
(4060, 'Yên Châu', 124),
(4063, 'Chiềng Đông', 124),
(4066, 'Sập Vạt', 124),
(4069, 'Chiềng Sàng', 124),
(4072, 'Chiềng Pằn', 124),
(4075, 'Viêng Lán', 124),
(4078, 'Chiềng Hặc', 124),
(4081, 'Mường Lựm', 124),
(4084, 'Chiềng On', 124),
(4087, 'Yên Sơn', 124),
(4090, 'Chiềng Khoi', 124),
(4093, 'Tú Nang', 124),
(4096, 'Lóng Phiêng', 124),
(4099, 'Phiêng Khoài', 124),
(4102, 'Chiềng Tương', 124),
(4105, 'Hát Lót', 125),
(4108, 'Chiềng Sung', 125),
(4111, 'Mường Bằng', 125),
(4114, 'Chiềng Chăn', 125),
(4117, 'Mương Chanh', 125),
(4120, 'Chiềng Ban', 125),
(4123, 'Chiềng Mung', 125),
(4126, 'Mường Bon', 125),
(4129, 'Chiềng Chung', 125),
(4132, 'Chiềng Mai', 125),
(4135, 'Hát Lót', 125),
(4136, 'Nà Pó', 125),
(4138, 'Cò  Nòi', 125),
(4141, 'Chiềng Nơi', 125),
(4144, 'Phiêng Cằm', 125),
(4147, 'Chiềng Dong', 125),
(4150, 'Chiềng Kheo', 125),
(4153, 'Chiềng Ve', 125),
(4156, 'Chiềng Lương', 125),
(4159, 'Phiêng Pằn', 125),
(4162, 'Nà Ơt', 125),
(4165, 'Tà Hộc', 125),
(4168, 'Sông Mã', 126),
(4171, 'Bó Sinh', 126),
(4174, 'Pú Pẩu', 126),
(4177, 'Chiềng Phung', 126),
(4180, 'Chiềng En', 126),
(4183, 'Mường Lầm', 126),
(4186, 'Nậm Ty', 126),
(4189, 'Đứa Mòn', 126),
(4192, 'Yên Hưng', 126),
(4195, 'Chiềng Sơ', 126),
(4198, 'Nà Nghịu', 126),
(4201, 'Nậm Mằn', 126),
(4204, 'Chiềng Khoong', 126),
(4207, 'Chiềng Cang', 126),
(4210, 'Huổi Một', 126),
(4213, 'Mường Sai', 126),
(4216, 'Mường Cai', 126),
(4219, 'Mường Hung', 126),
(4222, 'Chiềng Khương', 126),
(4225, 'Sam Kha', 127),
(4228, 'Púng Bánh', 127),
(4231, 'Sốp Cộp', 127),
(4234, 'Dồm Cang', 127),
(4237, 'Nậm Lạnh', 127),
(4240, 'Mường Lèo', 127),
(4243, 'Mường Và', 127),
(4246, 'Mường Lạn', 127),
(4249, 'Yên Thịnh', 132),
(4252, 'Yên Ninh', 132),
(4255, 'Minh Tân', 132),
(4258, 'Nguyễn Thái Học', 132),
(4261, 'Đồng Tâm', 132),
(4264, 'Nguyễn Phúc', 132),
(4267, 'Hồng Hà', 132),
(4270, 'Minh Bảo', 132),
(4273, 'Nam Cường', 132),
(4276, 'Tuy Lộc', 132),
(4279, 'Tân Thịnh', 132),
(4282, 'Pú Trạng', 133),
(4285, 'Trung Tâm', 133),
(4288, 'Tân An', 133),
(4291, 'Cầu Thia', 133),
(4294, 'Nghĩa Lợi', 133),
(4297, 'Nghĩa Phúc', 133),
(4300, 'Nghĩa An', 133),
(4303, 'Yên Thế', 135),
(4306, 'Tân Phượng', 135),
(4309, 'Lâm Thượng', 135),
(4312, 'Khánh Thiện', 135),
(4315, 'Minh Chuẩn', 135),
(4318, 'Mai Sơn', 135),
(4321, 'Khai Trung', 135),
(4324, 'Mường Lai', 135),
(4327, 'An Lạc', 135),
(4330, 'Minh Xuân', 135),
(4333, 'Tô Mậu', 135),
(4336, 'Tân Lĩnh', 135),
(4339, 'Yên Thắng', 135),
(4342, 'Khánh Hoà', 135),
(4345, 'Vĩnh Lạc', 135),
(4348, 'Liễu Đô', 135),
(4351, 'Động Quan', 135),
(4354, 'Tân Lập', 135),
(4357, 'Minh Tiến', 135),
(4360, 'Trúc Lâu', 135),
(4363, 'Phúc Lợi', 135),
(4366, 'Phan Thanh', 135),
(4369, 'An Phú', 135),
(4372, 'Trung Tâm', 135),
(4375, 'Mậu A', 136),
(4378, 'Lang Thíp', 136),
(4381, 'Lâm Giang', 136),
(4384, 'Châu Quế Thượng', 136),
(4387, 'Châu Quế Hạ', 136),
(4390, 'An Bình', 136),
(4393, 'Quang Minh', 136),
(4396, 'Đông An', 136),
(4399, 'Đông Cuông', 136),
(4402, 'Phong Dụ Hạ', 136),
(4405, 'Mậu Đông', 136),
(4408, 'Ngòi A', 136),
(4411, 'Xuân Tầm', 136),
(4414, 'Tân Hợp', 136),
(4417, 'An Thịnh', 136),
(4420, 'Yên Thái', 136),
(4423, 'Phong Dụ Thượng', 136),
(4426, 'Yên Hợp', 136),
(4429, 'Đại Sơn', 136),
(4435, 'Đại Phác', 136),
(4438, 'Yên Phú', 136),
(4441, 'Xuân Ái', 136),
(4447, 'Viễn Sơn', 136),
(4450, 'Mỏ Vàng', 136),
(4453, 'Nà Hẩu', 136),
(4456, 'Mù Căng Chải', 137),
(4459, 'Hồ Bốn', 137),
(4462, 'Nậm Có', 137),
(4465, 'Khao Mang', 137),
(4468, 'Mồ Dề', 137),
(4471, 'Chế Cu Nha', 137),
(4474, 'Lao Chải', 137),
(4477, 'Kim Nọi', 137),
(4480, 'Cao Phạ', 137),
(4483, 'La Pán Tẩn', 137),
(4486, 'Dế Su Phình', 137),
(4489, 'Chế Tạo', 137),
(4492, 'Púng Luông', 137),
(4495, 'Nậm Khắt', 137),
(4498, 'Cổ Phúc', 138),
(4501, 'Tân Đồng', 138),
(4504, 'Báo Đáp', 138),
(4507, 'Đào Thịnh', 138),
(4510, 'Việt Thành', 138),
(4513, 'Hòa Cuông', 138),
(4516, 'Minh Quán', 138),
(4519, 'Quy Mông', 138),
(4522, 'Cường Thịnh', 138),
(4525, 'Kiên Thành', 138),
(4528, 'Nga Quán', 138),
(4531, 'Y Can', 138),
(4537, 'Lương Thịnh', 138),
(4540, 'Âu Lâu', 132),
(4543, 'Giới Phiên', 132),
(4546, 'Hợp Minh', 132),
(4558, 'Văn Phú', 132),
(4561, 'Bảo Hưng', 138),
(4564, 'Việt Cường', 138),
(4567, 'Minh Quân', 138),
(4570, 'Hồng Ca', 138),
(4573, 'Hưng Thịnh', 138),
(4576, 'Hưng Khánh', 138),
(4579, 'Việt Hồng', 138),
(4582, 'Vân Hội', 138),
(4585, 'Trạm Tấu', 139),
(4588, 'Túc Đán', 139),
(4591, 'Pá Lau', 139),
(4594, 'Xà Hồ', 139),
(4597, 'Phình Hồ', 139),
(4600, 'Trạm Tấu', 139),
(4603, 'Tà Si Láng', 139),
(4606, 'Pá Hu', 139),
(4609, 'Làng Nhì', 139),
(4612, 'Bản Công', 139),
(4615, 'Bản Mù', 139),
(4618, 'Hát Lìu', 139),
(4621, 'NT Liên Sơn', 140),
(4624, 'Nghĩa Lộ', 133),
(4627, 'NT Trần Phú', 140),
(4630, 'Tú Lệ', 140),
(4633, 'Nậm Búng', 140),
(4636, 'Gia Hội', 140),
(4639, 'Sùng Đô', 140),
(4642, 'Nậm Mười', 140),
(4645, 'An Lương', 140),
(4648, 'Nậm Lành', 140),
(4651, 'Sơn Lương', 140),
(4654, 'Suối Quyền', 140),
(4657, 'Suối Giàng', 140),
(4660, 'Sơn A', 133),
(4663, 'Phù Nham', 133),
(4666, 'Nghĩa Sơn', 140),
(4669, 'Suối Bu', 140),
(4672, 'Sơn Thịnh', 140),
(4675, 'Thanh Lương', 133),
(4678, 'Hạnh Sơn', 133),
(4681, 'Phúc Sơn', 133),
(4684, 'Thạch Lương', 133),
(4687, 'Đại Lịch', 140),
(4690, 'Đồng Khê', 140),
(4693, 'Cát Thịnh', 140),
(4696, 'Tân Thịnh', 140),
(4699, 'Chấn Thịnh', 140),
(4702, 'Bình Thuận', 140),
(4705, 'Thượng Bằng La', 140),
(4708, 'Minh An', 140),
(4711, 'Nghĩa Tâm', 140),
(4714, 'Yên Bình', 141),
(4717, 'Thác Bà', 141),
(4720, 'Xuân Long', 141),
(4726, 'Cảm Nhân', 141),
(4729, 'Ngọc Chấn', 141),
(4732, 'Tân Nguyên', 141),
(4735, 'Phúc Ninh', 141),
(4738, 'Bảo Ái', 141),
(4741, 'Mỹ Gia', 141),
(4744, 'Xuân Lai', 141),
(4747, 'Mông Sơn', 141),
(4750, 'Cảm Ân', 141),
(4753, 'Yên Thành', 141),
(4756, 'Tân Hương', 141),
(4759, 'Phúc An', 141),
(4762, 'Bạch Hà', 141),
(4765, 'Vũ Linh', 141),
(4768, 'Đại Đồng', 141),
(4771, 'Vĩnh Kiên', 141),
(4774, 'Yên Bình', 141),
(4777, 'Thịnh Hưng', 141),
(4780, 'Hán Đà', 141),
(4783, 'Phú Thịnh', 141),
(4786, 'Đại Minh', 141),
(4789, 'Thái Bình', 148),
(4792, 'Tân Hòa', 148),
(4795, 'Thịnh Lang', 148),
(4798, 'Hữu Nghị', 148),
(4801, 'Tân Thịnh', 148),
(4804, 'Đồng Tiến', 148),
(4807, 'Phương Lâm', 148),
(4813, 'Yên Mông', 148),
(4816, 'Quỳnh Lâm', 148),
(4819, 'Dân Chủ', 148),
(4825, 'Hòa Bình', 148),
(4828, 'Thống Nhất', 148),
(4831, 'Đà Bắc', 150),
(4834, 'Nánh Nghê', 150),
(4840, 'Giáp Đắt', 150),
(4846, 'Mường Chiềng', 150),
(4849, 'Tân Pheo', 150),
(4852, 'Đồng Chum', 150),
(4855, 'Tân Minh', 150),
(4858, 'Đoàn Kết', 150),
(4861, 'Đồng Ruộng', 150),
(4867, 'Tú Lý', 150),
(4870, 'Trung Thành', 150),
(4873, 'Yên Hòa', 150),
(4876, 'Cao Sơn', 150),
(4879, 'Toàn Sơn', 150),
(4882, 'Tân Thành', 156),
(4885, 'Hiền Lương', 150),
(4888, 'Tiền Phong', 150),
(4891, 'Vầy Nưa', 150),
(4894, 'Kỳ Sơn', 148),
(4897, 'Thịnh Minh', 148),
(4903, 'Hợp Thành', 148),
(4906, 'Quang Tiến', 148),
(4912, 'Mông Hóa', 148),
(4918, 'Trung Minh', 148),
(4921, 'Độc Lập', 148),
(4924, 'Lương Sơn', 152),
(4927, 'Yên Trung', 276),
(4930, 'Yên Bình', 276),
(4936, 'Tiến Xuân', 276),
(4939, 'Đông Xuân', 275),
(4942, 'Lâm Sơn', 152),
(4945, 'Hòa Sơn', 152),
(4951, 'Tân Vinh', 152),
(4954, 'Nhuận Trạch', 152),
(4957, 'Cao Sơn', 152),
(4960, 'Cư Yên', 152),
(4969, 'Liên Sơn', 152),
(4978, 'Bo', 153),
(4981, 'Ba Hàng Đồi', 159),
(4984, 'Đú Sáng', 153),
(4987, 'Hùng Sơn', 153),
(4990, 'Bình Sơn', 153),
(4999, 'Tú Sơn', 153),
(5005, 'Vĩnh Tiến', 153),
(5008, 'Cao Dương', 152),
(5014, 'Đông Bắc', 153),
(5017, 'Xuân Thủy', 153),
(5026, 'Vĩnh Đồng', 153),
(5035, 'Kim Lập', 153),
(5038, 'Hợp Tiến', 153),
(5041, 'Thanh Sơn', 152),
(5047, 'Thanh Cao', 152),
(5065, 'Kim Bôi', 153),
(5068, 'Nam Thượng', 153),
(5077, 'Cuối Hạ', 153),
(5080, 'Sào Báy', 153),
(5083, 'Mi Hòa', 153),
(5086, 'Nuông Dăm', 153),
(5089, 'Cao Phong', 154),
(5092, 'Bình Thanh', 154),
(5095, 'Thung Nai', 154),
(5098, 'Bắc Phong', 154),
(5101, 'Thu Phong', 154),
(5104, 'Hợp Phong', 154),
(5110, 'Tây Phong', 154),
(5116, 'Dũng Phong', 154),
(5119, 'Nam Phong', 154),
(5125, 'Thạch Yên', 154),
(5128, 'Mãn Đức', 155),
(5134, 'Suối Hoa', 155),
(5137, 'Phú Vinh', 155),
(5140, 'Phú Cường', 155),
(5143, 'Mỹ Hòa', 155),
(5152, 'Quyết Chiến', 155),
(5158, 'Phong Phú', 155),
(5164, 'Tử Nê', 155),
(5167, 'Thanh Hối', 155),
(5170, 'Ngọc Mỹ', 155),
(5173, 'Đông Lai', 155),
(5176, 'Vân Sơn', 155),
(5182, 'Nhân Mỹ', 155),
(5191, 'Lỗ Sơn', 155),
(5194, 'Ngổ Luông', 155),
(5197, 'Gia Mô', 155),
(5200, 'Mai Châu', 156),
(5206, 'Sơn Thủy', 156),
(5209, 'Pà Cò', 156),
(5212, 'Hang Kia', 156),
(5221, 'Đồng Tân', 156),
(5224, 'Cun Pheo', 156),
(5227, 'Bao La', 156),
(5233, 'Tòng Đậu', 156),
(5242, 'Nà Phòn', 156),
(5245, 'Săm Khóe', 156),
(5248, 'Chiềng Châu', 156),
(5251, 'Mai Hạ', 156),
(5254, 'Thành Sơn', 156),
(5257, 'Mai Hịch', 156),
(5263, 'Vạn Mai', 156),
(5266, 'Vụ Bản', 157),
(5269, 'Quý Hòa', 157),
(5272, 'Miền Đồi', 157),
(5275, 'Mỹ Thành', 157),
(5278, 'Tuân Đạo', 157),
(5281, 'Văn Nghĩa', 157),
(5284, 'Văn Sơn', 157),
(5287, 'Tân Lập', 157),
(5290, 'Nhân Nghĩa', 157),
(5293, 'Thượng Cốc', 157),
(5299, 'Quyết Thắng', 157),
(5302, 'Xuất Hóa', 157),
(5305, 'Yên Phú', 157),
(5308, 'Bình Hẻm', 157),
(5320, 'Định Cư', 157),
(5323, 'Chí Đạo', 157),
(5329, 'Ngọc Sơn', 157),
(5332, 'Hương Nhượng', 157),
(5335, 'Vũ Bình', 157),
(5338, 'Tự Do', 157),
(5341, 'Yên Nghiệp', 157),
(5344, 'Tân Mỹ', 157),
(5347, 'Ân Nghĩa', 157),
(5350, 'Ngọc Lâu', 157),
(5353, 'Hàng Trạm', 158),
(5356, 'Lạc Sỹ', 158),
(5362, 'Lạc Lương', 158),
(5365, 'Bảo Hiệu', 158),
(5368, 'Đa Phúc', 158),
(5371, 'Hữu Lợi', 158),
(5374, 'Lạc Thịnh', 158),
(5380, 'Đoàn Kết', 158),
(5383, 'Phú Lai', 158),
(5386, 'Yên Trị', 158),
(5389, 'Ngọc Lương', 158),
(5392, 'Chi Nê', 159),
(5395, 'Phú Nghĩa', 159),
(5398, 'Phú Thành', 159),
(5404, 'Hưng Thi', 159),
(5413, 'Khoan Dụ', 159),
(5419, 'Đồng Tâm', 159),
(5422, 'Yên Bồng', 159),
(5425, 'Thống Nhất', 159),
(5428, 'An Bình', 159),
(5431, 'Quán Triều', 164),
(5434, 'Quang Vinh', 164),
(5437, 'Túc Duyên', 164),
(5440, 'Hoàng Văn Thụ', 164),
(5443, 'Trưng Vương', 164),
(5446, 'Quang Trung', 164),
(5449, 'Phan Đình Phùng', 164),
(5452, 'Tân Thịnh', 164),
(5455, 'Thịnh Đán', 164),
(5458, 'Đồng Quang', 164),
(5461, 'Gia Sàng', 164),
(5464, 'Tân Lập', 164),
(5467, 'Cam Giá', 164),
(5470, 'Phú Xá', 164),
(5473, 'Hương Sơn', 164),
(5476, 'Trung Thành', 164),
(5479, 'Tân Thành', 164),
(5482, 'Tân Long', 164),
(5485, 'Phúc Hà', 164),
(5488, 'Phúc Xuân', 164),
(5491, 'Quyết Thắng', 164),
(5494, 'Phúc Trìu', 164),
(5497, 'Thịnh Đức', 164),
(5500, 'Tích Lương', 164),
(5503, 'Tân Cương', 164),
(5506, 'Lương Sơn', 165),
(5509, 'Châu Sơn', 165),
(5512, 'Mỏ Chè', 165),
(5515, 'Cải Đan', 165),
(5518, 'Thắng Lợi', 165),
(5521, 'Phố Cò', 165),
(5527, 'Tân Quang', 165),
(5528, 'Bách Quang', 165),
(5530, 'Bình Sơn', 165),
(5533, 'Bá Xuyên', 165),
(5536, 'Chợ Chu', 167),
(5539, 'Linh Thông', 167),
(5542, 'Lam Vỹ', 167),
(5545, 'Quy Kỳ', 167),
(5548, 'Tân Thịnh', 167),
(5551, 'Kim Phượng', 167),
(5554, 'Bảo Linh', 167),
(5560, 'Phúc Chu', 167),
(5563, 'Tân Dương', 167),
(5566, 'Phượng Tiến', 167),
(5569, 'Bảo Cường', 167),
(5572, 'Đồng Thịnh', 167),
(5575, 'Định Biên', 167),
(5578, 'Thanh Định', 167),
(5581, 'Trung Hội', 167),
(5584, 'Trung Lương', 167),
(5587, 'Bình Yên', 167),
(5590, 'Điềm Mặc', 167),
(5593, 'Phú Tiến', 167),
(5596, 'Bộc Nhiêu', 167),
(5599, 'Sơn Phú', 167),
(5602, 'Phú Đình', 167),
(5605, 'Bình Thành', 167),
(5608, 'Giang Tiên', 168),
(5611, 'Đu', 168),
(5614, 'Yên Ninh', 168),
(5617, 'Yên Trạch', 168),
(5620, 'Yên Đổ', 168),
(5623, 'Yên Lạc', 168),
(5626, 'Ôn Lương', 168),
(5629, 'Động Đạt', 168),
(5632, 'Phủ Lý', 168),
(5635, 'Phú Đô', 168),
(5638, 'Hợp Thành', 168),
(5641, 'Tức Tranh', 168),
(5644, 'Phấn Mễ', 168),
(5647, 'Vô Tranh', 168),
(5650, 'Cổ Lũng', 168),
(5653, 'Sơn Cẩm', 164),
(5656, 'Sông Cầu', 169),
(5659, 'Chùa Hang', 164),
(5662, 'Trại Cau', 169),
(5665, 'Văn Lăng', 169),
(5668, 'Tân Long', 169),
(5671, 'Hòa Bình', 169),
(5674, 'Quang Sơn', 169),
(5677, 'Minh Lập', 169),
(5680, 'Văn Hán', 169),
(5683, 'Hóa Trung', 169),
(5686, 'Khe Mo', 169),
(5689, 'Cây Thị', 169),
(5692, 'Hóa Thượng', 169),
(5695, 'Cao Ngạn', 164),
(5698, 'Hợp Tiến', 169),
(5701, 'Linh Sơn', 164),
(5704, 'Tân Lợi', 169),
(5707, 'Nam Hòa', 169),
(5710, 'Đồng Bẩm', 164),
(5713, 'Huống Thượng', 164),
(5716, 'Đình Cả', 170),
(5719, 'Sảng Mộc', 170),
(5722, 'Nghinh Tường', 170),
(5725, 'Thần Xa', 170),
(5728, 'Vũ Chấn', 170),
(5731, 'Thượng Nung', 170),
(5734, 'Phú Thượng', 170),
(5737, 'Cúc Đường', 170),
(5740, 'La Hiên', 170),
(5743, 'Lâu Thượng', 170),
(5746, 'Tràng Xá', 170),
(5749, 'Phương Giao', 170),
(5752, 'Liên Minh', 170),
(5755, 'Dân Tiến', 170),
(5758, 'Bình Long', 170),
(5761, 'Hùng Sơn', 171),
(5764, 'Quân Chu', 171),
(5767, 'Phúc Lương', 171),
(5770, 'Minh Tiến', 171),
(5773, 'Yên Lãng', 171),
(5776, 'Đức Lương', 171),
(5779, 'Phú Cường', 171),
(5782, 'Na Mao', 171),
(5785, 'Phú Lạc', 171),
(5788, 'Tân Linh', 171),
(5791, 'Phú Thịnh', 171),
(5794, 'Phục Linh', 171),
(5797, 'Phú Xuyên', 171),
(5800, 'Bản Ngoại', 171),
(5803, 'Tiên Hội', 171),
(5809, 'Cù Vân', 171),
(5812, 'Hà Thượng', 171),
(5815, 'La Bằng', 171),
(5818, 'Hoàng Nông', 171),
(5821, 'Khôi Kỳ', 171),
(5824, 'An Khánh', 171),
(5827, 'Tân Thái', 171),
(5830, 'Bình Thuận', 171),
(5833, 'Lục Ba', 171),
(5836, 'Mỹ Yên', 171),
(5839, 'Vạn Thọ', 171),
(5842, 'Văn Yên', 171),
(5845, 'Ký Phú', 171),
(5848, 'Cát Nê', 171),
(5851, 'Quân Chu', 171),
(5854, 'Bãi Bông', 172),
(5857, 'Bắc Sơn', 172),
(5860, 'Ba Hàng', 172),
(5863, 'Phúc Tân', 172),
(5866, 'Phúc Thuận', 172),
(5869, 'Hồng Tiến', 172),
(5872, 'Minh Đức', 172),
(5875, 'Đắc Sơn', 172),
(5878, 'Đồng Tiến', 172),
(5881, 'Thành Công', 172),
(5884, 'Tiên Phong', 172),
(5887, 'Vạn Phái', 172),
(5890, 'Nam Tiến', 172),
(5893, 'Tân Hương', 172),
(5896, 'Đông Cao', 172),
(5899, 'Trung Thành', 172),
(5902, 'Tân Phú', 172),
(5905, 'Thuận Thành', 172),
(5908, 'Hương Sơn', 173),
(5911, 'Bàn Đạt', 173),
(5914, 'Đồng Liên', 164),
(5917, 'Tân Khánh', 173),
(5920, 'Tân Kim', 173),
(5923, 'Tân Thành', 173),
(5926, 'Đào Xá', 173),
(5929, 'Bảo Lý', 173),
(5932, 'Thượng Đình', 173),
(5935, 'Tân Hòa', 173),
(5938, 'Nhã Lộng', 173),
(5941, 'Điềm Thụy', 173),
(5944, 'Xuân Phương', 173),
(5947, 'Tân Đức', 173),
(5950, 'Úc Kỳ', 173),
(5953, 'Lương Phú', 173),
(5956, 'Nga My', 173),
(5959, 'Kha Sơn', 173),
(5962, 'Thanh Ninh', 173),
(5965, 'Dương Thành', 173),
(5968, 'Hà Châu', 173),
(5971, 'Hoàng Văn Thụ', 178),
(5974, 'Tam Thanh', 178),
(5977, 'Vĩnh Trại', 178),
(5980, 'Đông Kinh', 178),
(5983, 'Chi Lăng', 178),
(5986, 'Hoàng Đồng', 178),
(5989, 'Quảng Lạc', 178),
(5992, 'Mai Pha', 178),
(5995, 'Thất Khê', 180),
(5998, 'Khánh Long', 180),
(6001, 'Đoàn Kết', 180),
(6004, 'Quốc Khánh', 180),
(6007, 'Vĩnh Tiến', 180),
(6010, 'Cao Minh', 180),
(6013, 'Chí Minh', 180),
(6016, 'Tri Phương', 180),
(6019, 'Tân Tiến', 180),
(6022, 'Tân Yên', 180),
(6025, 'Đội Cấn', 180),
(6028, 'Tân Minh', 180),
(6031, 'Kim Đồng', 180),
(6034, 'Chi Lăng', 180),
(6037, 'Trung Thành', 180),
(6040, 'Đại Đồng', 180),
(6043, 'Đào Viên', 180),
(6046, 'Đề Thám', 180),
(6049, 'Kháng Chiến', 180),
(6055, 'Hùng Sơn', 180),
(6058, 'Quốc Việt', 180),
(6061, 'Hùng Việt', 180),
(6067, 'Hưng Đạo', 181),
(6070, 'Vĩnh Yên', 181),
(6073, 'Hoa Thám', 181),
(6076, 'Quý Hòa', 181),
(6079, 'Hồng Phong', 181),
(6082, 'Yên Lỗ', 181),
(6085, 'Thiện Hòa', 181),
(6088, 'Quang Trung', 181),
(6091, 'Thiện Thuật', 181),
(6094, 'Minh Khai', 181),
(6097, 'Thiện Long', 181),
(6100, 'Hoàng Văn Thụ', 181),
(6103, 'Hòa Bình', 181),
(6106, 'Mông Ân', 181),
(6109, 'Tân Hòa', 181),
(6112, 'Bình Gia', 181),
(6115, 'Hồng Thái', 181),
(6118, 'Bình La', 181),
(6121, 'Tân Văn', 181),
(6124, 'Na Sầm', 182),
(6127, 'Trùng Khánh', 182),
(6133, 'Bắc La', 182),
(6136, 'Thụy Hùng', 182),
(6139, 'Bắc Hùng', 182),
(6142, 'Tân Tác', 182),
(6148, 'Thanh Long', 182),
(6151, 'Hội Hoan', 182),
(6154, 'Bắc Việt', 182),
(6157, 'Hoàng Việt', 182),
(6160, 'Gia Miễn', 182),
(6163, 'Thành Hòa', 182),
(6166, 'Tân Thanh', 182),
(6172, 'Tân Mỹ', 182),
(6175, 'Hồng Thái', 182),
(6178, ' Hoàng Văn Thụ', 182),
(6181, 'Nhạc Kỳ', 182),
(6184, 'Đồng Đăng', 183),
(6187, 'Cao Lộc', 183),
(6190, 'Bảo Lâm', 183),
(6193, 'Thanh Lòa', 183),
(6196, 'Cao Lâu', 183),
(6199, 'Thạch Đạn', 183),
(6202, 'Xuất Lễ', 183),
(6205, 'Hồng Phong', 183),
(6208, 'Thụy Hùng', 183),
(6211, 'Lộc Yên', 183),
(6214, 'Phú Xá', 183),
(6217, 'Bình Trung', 183),
(6220, 'Hải Yến', 183),
(6223, 'Hòa Cư', 183),
(6226, 'Hợp Thành', 183),
(6232, 'Công Sơn', 183),
(6235, 'Gia Cát', 183),
(6238, 'Mẫu Sơn', 183),
(6241, 'Xuân Long', 183),
(6244, 'Tân Liên', 183),
(6247, 'Yên Trạch', 183),
(6250, 'Tân Thành', 183),
(6253, 'Văn Quan', 184),
(6256, 'Trấn Ninh', 184),
(6268, 'Liên Hội', 184),
(6274, 'Hòa Bình', 184),
(6277, 'Tú Xuyên', 184),
(6280, 'Điềm He', 184),
(6283, 'An Sơn', 184),
(6286, 'Khánh Khê', 184),
(6292, 'Lương Năng', 184),
(6295, 'Đồng Giáp', 184),
(6298, 'Bình Phúc', 184),
(6301, 'Tràng Các', 184),
(6307, 'Tân Đoàn', 184),
(6313, 'Tri Lễ', 184),
(6316, 'Tràng Phái', 184),
(6319, 'Yên Phúc', 184),
(6322, 'Hữu Lễ', 184),
(6325, 'Bắc Sơn', 185),
(6328, 'Long Đống', 185),
(6331, 'Vạn Thủy', 185),
(6337, 'Đồng ý', 185),
(6340, 'Tân Tri', 185),
(6343, 'Bắc Quỳnh', 185),
(6349, 'Hưng Vũ', 185),
(6352, 'Tân Lập', 185),
(6355, 'Vũ Sơn', 185),
(6358, 'Chiêu Vũ', 185),
(6361, 'Tân Hương', 185),
(6364, 'Chiến Thắng', 185),
(6367, 'Vũ Lăng', 185),
(6370, 'Trấn Yên', 185),
(6373, 'Vũ Lễ', 185),
(6376, 'Nhất Hòa', 185),
(6379, 'Tân Thành', 185),
(6382, 'Nhất Tiến', 185),
(6385, 'Hữu Lũng', 186),
(6388, 'Hữu Liên', 186),
(6391, 'Yên Bình', 186),
(6394, 'Quyết Thắng', 186),
(6397, 'Hòa Bình', 186),
(6400, 'Yên Thịnh', 186),
(6403, 'Yên Sơn', 186),
(6406, 'Thiện Tân', 186),
(6412, 'Yên Vượng', 186),
(6415, 'Minh Tiến', 186),
(6418, 'Nhật Tiến', 186),
(6421, 'Thanh Sơn', 186),
(6424, 'Đồng Tân', 186),
(6427, 'Cai Kinh', 186),
(6430, 'Hòa Lạc', 186),
(6433, 'Vân Nham', 186),
(6436, 'Đồng Tiến', 186),
(6442, 'Tân Thành', 186),
(6445, 'Hòa Sơn', 186),
(6448, 'Minh Sơn', 186),
(6451, 'Hồ Sơn', 186),
(6454, 'Sơn Hà', 186),
(6457, 'Minh Hòa', 186),
(6460, 'Hòa Thắng', 186),
(6463, 'Đồng Mỏ', 187),
(6466, 'Chi Lăng', 187),
(6469, 'Vân An', 187),
(6472, 'Vân Thủy', 187),
(6475, 'Gia Lộc', 187),
(6478, 'Bắc Thủy', 187),
(6481, 'Chiến Thắng', 187),
(6484, 'Mai Sao', 187),
(6487, 'Bằng Hữu', 187),
(6490, 'Thượng Cường', 187),
(6493, 'Bằng Mạc', 187),
(6496, 'Nhân Lý', 187),
(6499, 'Lâm Sơn', 187),
(6502, 'Liên Sơn', 187),
(6505, 'Vạn Linh', 187),
(6508, 'Hòa Bình', 187),
(6514, 'Hữu Kiên', 187),
(6517, 'Quan Sơn', 187),
(6520, 'Y Tịch', 187),
(6523, 'Chi Lăng', 187),
(6526, 'Na Dương', 188),
(6529, 'Lộc Bình', 188),
(6532, 'Mẫu Sơn', 188),
(6541, 'Yên Khoái', 188),
(6544, 'Khánh Xuân', 188),
(6547, 'Tú Mịch', 188),
(6550, 'Hữu Khánh', 188),
(6553, 'Đồng Bục', 188),
(6559, 'Tam Gia', 188),
(6562, 'Tú Đoạn', 188),
(6565, 'Khuất Xá', 188),
(6574, 'Tĩnh Bắc', 188),
(6577, 'Thống Nhất', 188),
(6589, 'Sàn Viên', 188),
(6592, 'Đông Quan', 188),
(6595, 'Minh Hiệp', 188),
(6598, 'Hữu Lân', 188),
(6601, 'Lợi Bác', 188),
(6604, 'Nam Quan', 188),
(6607, 'Xuân Dương', 188),
(6610, 'Ái Quốc', 188),
(6613, 'Đình Lập', 189),
(6616, 'NT Thái Bình', 189),
(6619, 'Bắc Xa', 189),
(6622, 'Bính Xá', 189),
(6625, 'Kiên Mộc', 189),
(6628, 'Đình Lập', 189),
(6631, 'Thái Bình', 189),
(6634, 'Cường Lợi', 189),
(6637, 'Châu Sơn', 189),
(6640, 'Lâm Ca', 189),
(6643, 'Đồng Thắng', 189),
(6646, 'Bắc Lãng', 189),
(6649, 'Hà Khánh', 193),
(6652, 'Hà Phong', 193),
(6655, 'Hà Khẩu', 193),
(6658, 'Cao Xanh', 193),
(6661, 'Giếng Đáy', 193),
(6664, 'Hà Tu', 193),
(6667, 'Hà Trung', 193),
(6670, 'Hà Lầm', 193),
(6673, 'Bãi Cháy', 193),
(6676, 'Cao Thắng', 193),
(6679, 'Hùng Thắng', 193),
(6682, 'Yết Kiêu', 193),
(6685, 'Trần Hưng Đạo', 193),
(6688, 'Hồng Hải', 193),
(6691, 'Hồng Gai', 193),
(6694, 'Bạch Đằng', 193),
(6697, 'Hồng Hà', 193),
(6700, 'Tuần Châu', 193),
(6703, 'Việt Hưng', 193),
(6706, 'Đại Yên', 193),
(6709, 'Ka Long', 194),
(6712, 'Trần Phú', 194),
(6715, 'Ninh Dương', 194),
(6718, 'Hoà Lạc', 194),
(6721, 'Trà Cổ', 194),
(6724, 'Hải Sơn', 194),
(6727, 'Bắc Sơn', 194),
(6730, 'Hải Đông', 194),
(6733, 'Hải Tiến', 194),
(6736, 'Hải Yên', 194),
(6739, 'Quảng Nghĩa', 194),
(6742, 'Hải Hoà', 194),
(6745, 'Hải Xuân', 194),
(6748, 'Vạn Ninh', 194),
(6751, 'Bình Ngọc', 194),
(6754, 'Vĩnh Trung', 194),
(6757, 'Vĩnh Thực', 194),
(6760, 'Mông Dương', 195),
(6763, 'Cửa Ông', 195),
(6766, 'Cẩm Sơn', 195),
(6769, 'Cẩm Đông', 195),
(6772, 'Cẩm Phú', 195),
(6775, 'Cẩm Tây', 195),
(6778, 'Quang Hanh', 195),
(6781, 'Cẩm Thịnh', 195),
(6784, 'Cẩm Thủy', 195),
(6787, 'Cẩm Thạch', 195),
(6790, 'Cẩm Thành', 195),
(6793, 'Cẩm Trung', 195),
(6796, 'Cẩm Bình', 195),
(6799, 'Cộng Hòa', 195),
(6802, 'Cẩm Hải', 195),
(6805, 'Dương Huy', 195),
(6808, 'Vàng Danh', 196),
(6811, 'Thanh Sơn', 196),
(6814, 'Bắc Sơn', 196),
(6817, 'Quang Trung', 196),
(6820, 'Trưng Vương', 196),
(6823, 'Nam Khê', 196),
(6826, 'Yên Thanh', 196),
(6829, 'Thượng Yên Công', 196),
(6832, 'Phương Đông', 196),
(6835, 'Phương Nam', 196);
INSERT INTO `sub_districts` (`id`, `name`, `district_id`) VALUES
(6838, 'Bình Liêu', 198),
(6841, 'Hoành Mô', 198),
(6844, 'Đồng Tâm', 198),
(6847, 'Đồng Văn', 198),
(6853, 'Vô Ngại', 198),
(6856, 'Lục Hồn', 198),
(6859, 'Húc Động', 198),
(6862, 'Tiên Yên', 199),
(6865, 'Hà Lâu', 199),
(6868, 'Đại Dực', 199),
(6871, 'Phong Dụ', 199),
(6874, 'Điền Xá', 199),
(6877, 'Đông Ngũ', 199),
(6880, 'Yên Than', 199),
(6883, 'Đông Hải', 199),
(6886, 'Hải Lạng', 199),
(6889, 'Tiên Lãng', 199),
(6892, 'Đồng Rui', 199),
(6895, 'Đầm Hà', 200),
(6898, 'Quảng Lâm', 200),
(6901, 'Quảng An', 200),
(6904, 'Tân Bình', 200),
(6910, 'Dực Yên', 200),
(6913, 'Quảng Tân', 200),
(6916, 'Đầm Hà', 200),
(6917, 'Tân Lập', 200),
(6919, 'Đại Bình', 200),
(6922, 'Quảng Hà', 201),
(6925, 'Quảng Đức', 201),
(6928, 'Quảng Sơn', 201),
(6931, 'Quảng Thành', 201),
(6937, 'Quảng Thịnh', 201),
(6940, 'Quảng Minh', 201),
(6943, 'Quảng Chính', 201),
(6946, 'Quảng Long', 201),
(6949, 'Đường Hoa', 201),
(6952, 'Quảng Phong', 201),
(6967, 'Cái Chiên', 201),
(6970, 'Ba Chẽ', 202),
(6973, 'Thanh Sơn', 202),
(6976, 'Thanh Lâm', 202),
(6979, 'Đạp Thanh', 202),
(6982, 'Nam Sơn', 202),
(6985, 'Lương Mông', 202),
(6988, 'Đồn Đạc', 202),
(6991, 'Minh Cầm', 202),
(6994, 'Cái Rồng', 203),
(6997, 'Đài Xuyên', 203),
(7000, 'Bình Dân', 203),
(7003, 'Vạn Yên', 203),
(7006, 'Minh Châu', 203),
(7009, 'Đoàn Kết', 203),
(7012, 'Hạ Long', 203),
(7015, 'Đông Xá', 203),
(7018, 'Bản Sen', 203),
(7021, 'Thắng Lợi', 203),
(7024, 'Quan Lạn', 203),
(7027, 'Ngọc Vừng', 203),
(7030, 'Hoành Bồ', 193),
(7033, 'Kỳ Thượng', 193),
(7036, 'Đồng Sơn', 193),
(7039, 'Tân Dân', 193),
(7042, 'Đồng Lâm', 193),
(7045, 'Hòa Bình', 193),
(7048, 'Vũ Oai', 193),
(7051, 'Dân Chủ', 193),
(7054, 'Quảng La', 193),
(7057, 'Bằng Cả', 193),
(7060, 'Thống Nhất', 193),
(7063, 'Sơn Dương', 193),
(7066, 'Lê Lợi', 193),
(7069, 'Mạo Khê', 205),
(7072, 'Đông Triều', 205),
(7075, 'An Sinh', 205),
(7078, 'Tràng Lương', 205),
(7081, 'Bình Khê', 205),
(7084, 'Việt Dân', 205),
(7087, 'Tân Việt', 205),
(7090, 'Bình Dương', 205),
(7093, 'Đức Chính', 205),
(7096, 'Tràng An', 205),
(7099, 'Nguyễn Huệ', 205),
(7102, 'Thủy An', 205),
(7105, 'Xuân Sơn', 205),
(7108, 'Hồng Thái Tây', 205),
(7111, 'Hồng Thái Đông', 205),
(7114, 'Hoàng Quế', 205),
(7117, 'Yên Thọ', 205),
(7120, 'Hồng Phong', 205),
(7123, 'Kim Sơn', 205),
(7126, 'Hưng Đạo', 205),
(7129, 'Yên Đức', 205),
(7132, 'Quảng Yên', 206),
(7135, 'Đông Mai', 206),
(7138, 'Minh Thành', 206),
(7144, 'Sông Khoai', 206),
(7147, 'Hiệp Hòa', 206),
(7150, 'Cộng Hòa', 206),
(7153, 'Tiền An', 206),
(7156, 'Hoàng Tân', 206),
(7159, 'Tân An', 206),
(7162, 'Yên Giang', 206),
(7165, 'Nam Hoà', 206),
(7168, 'Hà An', 206),
(7171, 'Cẩm La', 206),
(7174, 'Phong Hải', 206),
(7177, 'Yên Hải', 206),
(7180, 'Liên Hòa', 206),
(7183, 'Phong Cốc', 206),
(7186, 'Liên Vị', 206),
(7189, 'Tiền Phong', 206),
(7192, 'Cô Tô', 207),
(7195, 'Đồng Tiến', 207),
(7198, 'Thanh Lân', 207),
(7201, 'Thọ Xương', 213),
(7204, 'Trần Nguyên Hãn', 213),
(7207, 'Ngô Quyền', 213),
(7210, 'Hoàng Văn Thụ', 213),
(7213, 'Trần Phú', 213),
(7216, 'Mỹ Độ', 213),
(7219, 'Lê Lợi', 213),
(7222, 'Song Mai', 213),
(7225, 'Xương Giang', 213),
(7228, 'Đa Mai', 213),
(7231, 'Dĩnh Kế', 213),
(7243, 'Đồng Tiến', 215),
(7246, 'Canh Nậu', 215),
(7249, 'Xuân Lương', 215),
(7252, 'Tam Tiến', 215),
(7255, 'Đồng Vương', 215),
(7258, 'Đồng Hưu', 215),
(7260, 'Đồng Tâm', 215),
(7261, 'Tam Hiệp', 215),
(7264, 'Tiến Thắng', 215),
(7267, 'Hồng Kỳ', 215),
(7270, 'Đồng Lạc', 215),
(7273, 'Đông Sơn', 215),
(7276, 'Tân Hiệp', 215),
(7279, 'Hương Vĩ', 215),
(7282, 'Đồng Kỳ', 215),
(7285, 'An Thượng', 215),
(7288, 'Phồn Xương', 215),
(7291, 'Tân Sỏi', 215),
(7294, 'Bố Hạ', 215),
(7303, 'Lan Giới', 216),
(7306, 'Nhã Nam', 216),
(7309, 'Tân Trung', 216),
(7312, 'Đại Hóa', 216),
(7315, 'Quang Tiến', 216),
(7318, 'Phúc Sơn', 216),
(7321, 'An Dương', 216),
(7324, 'Phúc Hòa', 216),
(7327, 'Liên Sơn', 216),
(7330, 'Hợp Đức', 216),
(7333, 'Lam Cốt', 216),
(7336, 'Cao Xá', 216),
(7339, 'Cao Thượng', 216),
(7342, 'Việt Ngọc', 216),
(7345, 'Song Vân', 216),
(7348, 'Ngọc Châu', 216),
(7351, 'Ngọc Vân', 216),
(7354, 'Việt Lập', 216),
(7357, 'Liên Chung', 216),
(7360, 'Ngọc Thiện', 216),
(7363, 'Ngọc Lý', 216),
(7366, 'Quế Nham', 216),
(7375, 'Vôi', 217),
(7378, 'Nghĩa Hòa', 217),
(7381, 'Nghĩa Hưng', 217),
(7384, 'Quang Thịnh', 217),
(7387, 'Hương Sơn', 217),
(7390, 'Đào Mỹ', 217),
(7393, 'Tiên Lục', 217),
(7396, 'An Hà', 217),
(7399, 'Kép', 217),
(7402, 'Mỹ Hà', 217),
(7405, 'Hương Lạc', 217),
(7408, 'Dương Đức', 217),
(7411, 'Tân Thanh', 217),
(7414, 'Yên Mỹ', 217),
(7417, 'Tân Hưng', 217),
(7420, 'Mỹ Thái', 217),
(7426, 'Xương Lâm', 217),
(7429, 'Xuân Hương', 217),
(7432, 'Tân Dĩnh', 217),
(7435, 'Đại Lâm', 217),
(7438, 'Thái Đào', 217),
(7441, 'Dĩnh Trì', 213),
(7444, 'Đồi Ngô', 218),
(7450, 'Đông Hưng', 218),
(7453, 'Đông Phú', 218),
(7456, 'Tam Dị', 218),
(7459, 'Bảo Sơn', 218),
(7462, 'Bảo Đài', 218),
(7465, 'Thanh Lâm', 218),
(7468, 'Tiên Nha', 218),
(7471, 'Trường Giang', 218),
(7477, 'Phương Sơn', 218),
(7480, 'Chu Điện', 218),
(7483, 'Cương Sơn', 218),
(7486, 'Nghĩa Phương', 218),
(7489, 'Vô Tranh', 218),
(7492, 'Bình Sơn', 218),
(7495, 'Lan Mẫu', 218),
(7498, 'Yên Sơn', 218),
(7501, 'Khám Lạng', 218),
(7504, 'Huyền Sơn', 218),
(7507, 'Trường Sơn', 218),
(7510, 'Lục Sơn', 218),
(7513, 'Bắc Lũng', 218),
(7516, 'Vũ Xá', 218),
(7519, 'Cẩm Lý', 218),
(7522, 'Đan Hội', 218),
(7525, 'Chũ', 219),
(7528, 'Cấm Sơn', 219),
(7531, 'Tân Sơn', 219),
(7534, 'Phong Minh', 219),
(7537, 'Phong Vân', 219),
(7540, 'Xa Lý', 219),
(7543, 'Hộ Đáp', 219),
(7546, 'Sơn Hải', 219),
(7549, 'Thanh Hải', 219),
(7552, 'Kiên Lao', 219),
(7555, 'Biên Sơn', 219),
(7558, 'Kiên Thành', 219),
(7561, 'Hồng Giang', 219),
(7564, 'Kim Sơn', 219),
(7567, 'Tân Hoa', 219),
(7570, 'Giáp Sơn', 219),
(7573, 'Biển Động', 219),
(7576, 'Quý Sơn', 219),
(7579, 'Trù Hựu', 219),
(7582, 'Phì Điền', 219),
(7588, 'Tân Quang', 219),
(7591, 'Đồng Cốc', 219),
(7594, 'Tân Lập', 219),
(7597, 'Phú Nhuận', 219),
(7600, 'Mỹ An', 219),
(7603, 'Nam Dương', 219),
(7606, 'Tân Mộc', 219),
(7609, 'Đèo Gia', 219),
(7612, 'Phượng Sơn', 219),
(7615, 'An Châu', 220),
(7616, 'Tây Yên Tử', 220),
(7621, 'Vân Sơn', 220),
(7624, 'Hữu Sản', 220),
(7627, 'Đại Sơn', 220),
(7630, 'Phúc Sơn', 220),
(7636, 'Giáo Liêm', 220),
(7642, 'Cẩm Đàn', 220),
(7645, 'An Lạc', 220),
(7648, 'Vĩnh An', 220),
(7651, 'Yên Định', 220),
(7654, 'Lệ Viễn', 220),
(7660, 'An Bá', 220),
(7663, 'Tuấn Đạo', 220),
(7666, 'Dương Hưu', 220),
(7672, 'Long Sơn', 220),
(7678, 'Thanh Luận', 220),
(7681, 'Nham Biền', 221),
(7682, 'Tân An', 221),
(7684, 'Lão Hộ', 221),
(7687, 'Tân Mỹ', 213),
(7690, 'Hương Gián', 221),
(7696, 'Đồng Sơn', 213),
(7699, 'Tân Tiến', 213),
(7702, 'Quỳnh Sơn', 221),
(7705, 'Song Khê', 213),
(7708, 'Nội Hoàng', 221),
(7711, 'Tiền Phong', 221),
(7714, 'Xuân Phú', 221),
(7717, 'Tân Liễu', 221),
(7720, 'Trí Yên', 221),
(7723, 'Lãng Sơn', 221),
(7726, 'Yên Lư', 221),
(7729, 'Tiến Dũng', 221),
(7735, 'Đức Giang', 221),
(7738, 'Cảnh Thụy', 221),
(7741, 'Tư Mại', 221),
(7747, 'Đồng Việt', 221),
(7750, 'Đồng Phúc', 221),
(7759, 'Thượng Lan', 222),
(7762, 'Việt Tiến', 222),
(7765, 'Nghĩa Trung', 222),
(7768, 'Minh Đức', 222),
(7771, 'Hương Mai', 222),
(7774, 'Tự Lạn', 222),
(7777, 'Bích Động', 222),
(7780, 'Trung Sơn', 222),
(7783, 'Hồng Thái', 222),
(7786, 'Tiên Sơn', 222),
(7789, 'Tăng Tiến', 222),
(7792, 'Quảng Minh', 222),
(7795, 'Nếnh', 222),
(7798, 'Ninh Sơn', 222),
(7801, 'Vân Trung', 222),
(7804, 'Vân Hà', 222),
(7807, 'Quang Châu', 222),
(7813, 'Đồng Tân', 223),
(7816, 'Thanh Vân', 223),
(7819, 'Hoàng Lương', 223),
(7822, 'Hoàng Vân', 223),
(7825, 'Hoàng Thanh', 223),
(7828, 'Hoàng An', 223),
(7831, 'Ngọc Sơn', 223),
(7834, 'Thái Sơn', 223),
(7837, 'Hòa Sơn', 223),
(7840, 'Thắng', 223),
(7843, 'Quang Minh', 223),
(7846, 'Lương Phong', 223),
(7849, 'Hùng Sơn', 223),
(7852, 'Đại Thành', 223),
(7855, 'Thường Thắng', 223),
(7858, 'Hợp Thịnh', 223),
(7861, 'Danh Thắng', 223),
(7864, 'Mai Trung', 223),
(7867, 'Đoan Bái', 223),
(7870, 'Bắc Lý', 223),
(7873, 'Xuân Cẩm', 223),
(7876, 'Hương Lâm', 223),
(7879, 'Đông Lỗ', 223),
(7882, 'Châu Minh', 223),
(7885, 'Mai Đình', 223),
(7888, 'Dữu Lâu', 227),
(7891, 'Vân Cơ', 227),
(7894, 'Nông Trang', 227),
(7897, 'Tân Dân', 227),
(7900, 'Gia Cẩm', 227),
(7903, 'Tiên Cát', 227),
(7906, 'Thọ Sơn', 227),
(7909, 'Thanh Miếu', 227),
(7912, 'Bạch Hạc', 227),
(7915, 'Bến Gót', 227),
(7918, 'Vân Phú', 227),
(7921, 'Phượng Lâu', 227),
(7924, 'Thụy Vân', 227),
(7927, 'Minh Phương', 227),
(7930, 'Trưng Vương', 227),
(7933, 'Minh Nông', 227),
(7936, 'Sông Lô', 227),
(7942, 'Hùng Vương', 228),
(7945, 'Phong Châu', 228),
(7948, 'Âu Cơ', 228),
(7951, 'Hà Lộc', 228),
(7954, 'Phú Hộ', 228),
(7957, 'Văn Lung', 228),
(7960, 'Thanh Minh', 228),
(7963, 'Hà Thạch', 228),
(7966, 'Thanh Vinh', 228),
(7969, 'Đoan Hùng', 230),
(7975, 'Hùng Xuyên', 230),
(7981, 'Bằng Luân', 230),
(7984, 'Vân Du', 230),
(7987, 'Phú Lâm', 230),
(7993, 'Minh Lương', 230),
(7996, 'Bằng Doãn', 230),
(7999, 'Chí Đám', 230),
(8005, 'Phúc Lai', 230),
(8008, 'Ngọc Quan', 230),
(8014, 'Hợp Nhất', 230),
(8017, 'Sóc Đăng', 230),
(8023, 'Tây Cốc', 230),
(8026, 'Yên Kiện', 230),
(8029, 'Hùng Long', 230),
(8032, 'Vụ Quang', 230),
(8035, 'Vân Đồn', 230),
(8038, 'Tiêu Sơn', 230),
(8041, 'Minh Tiến', 230),
(8044, 'Minh Phú', 230),
(8047, 'Chân Mộng', 230),
(8050, 'Ca Đình', 230),
(8053, 'Hạ Hoà', 231),
(8056, 'Đại Phạm', 231),
(8062, 'Đan Thượng', 231),
(8065, 'Hà Lương', 231),
(8071, 'Tứ Hiệp', 231),
(8080, 'Hiền Lương', 231),
(8089, 'Phương Viên', 231),
(8092, 'Gia Điền', 231),
(8095, 'Ấm Hạ', 231),
(8104, 'Hương Xạ', 231),
(8110, 'Xuân Áng', 231),
(8113, 'Yên Kỳ', 231),
(8119, 'Minh Hạc', 231),
(8122, 'Lang Sơn', 231),
(8125, 'Bằng Giã', 231),
(8128, 'Yên Luật', 231),
(8131, 'Vô Tranh', 231),
(8134, 'Văn Lang', 231),
(8140, 'Minh Côi', 231),
(8143, 'Vĩnh Chân', 231),
(8152, 'Thanh Ba', 232),
(8156, 'Vân Lĩnh', 232),
(8158, 'Đông Lĩnh', 232),
(8161, 'Đại An', 232),
(8164, 'Hanh Cù', 232),
(8170, 'Đồng Xuân', 232),
(8173, 'Quảng Yên', 232),
(8179, 'Ninh Dân', 232),
(8194, 'Võ Lao', 232),
(8197, 'Khải Xuân', 232),
(8200, 'Mạn Lạn', 232),
(8203, 'Hoàng Cương', 232),
(8206, 'Chí Tiên', 232),
(8209, 'Đông Thành', 232),
(8215, 'Sơn Cương', 232),
(8218, 'Thanh Hà', 232),
(8221, 'Đỗ Sơn', 232),
(8224, 'Đỗ Xuyên', 232),
(8227, 'Lương Lỗ', 232),
(8230, 'Phong Châu', 233),
(8233, 'Phú Mỹ', 233),
(8234, 'Lệ Mỹ', 233),
(8236, 'Liên Hoa', 233),
(8239, 'Trạm Thản', 233),
(8242, 'Trị Quận', 233),
(8245, 'Trung Giáp', 233),
(8248, 'Tiên Phú', 233),
(8251, 'Hạ Giáp', 233),
(8254, 'Bảo Thanh', 233),
(8257, 'Phú Lộc', 233),
(8260, 'Gia Thanh', 233),
(8263, 'Tiên Du', 233),
(8266, 'Phú Nham', 233),
(8272, 'An Đạo', 233),
(8275, 'Bình Phú', 233),
(8278, 'Phù Ninh', 233),
(8281, 'Kim Đức', 227),
(8287, 'Hùng Lô', 227),
(8290, 'Yên Lập', 234),
(8293, 'Mỹ Lung', 234),
(8296, 'Mỹ Lương', 234),
(8299, 'Lương Sơn', 234),
(8302, 'Xuân An', 234),
(8305, 'Xuân Viên', 234),
(8308, 'Xuân Thủy', 234),
(8311, 'Trung Sơn', 234),
(8314, 'Hưng Long', 234),
(8317, 'Nga Hoàng', 234),
(8320, 'Đồng Lạc', 234),
(8323, 'Thượng Long', 234),
(8326, 'Đồng Thịnh', 234),
(8329, 'Phúc Khánh', 234),
(8332, 'Minh Hòa', 234),
(8335, 'Ngọc Lập', 234),
(8338, 'Ngọc Đồng', 234),
(8341, 'Cẩm Khê', 235),
(8344, 'Tiên Lương', 235),
(8347, 'Tuy Lộc', 235),
(8350, 'Ngô Xá', 235),
(8353, 'Minh Tân', 235),
(8356, 'Phượng Vĩ', 235),
(8362, 'Thụy Liễu', 235),
(8374, 'Tùng Khê', 235),
(8377, 'Tam Sơn', 235),
(8380, 'Văn Bán', 235),
(8383, 'Cấp Dẫn', 235),
(8389, 'Xương Thịnh', 235),
(8392, 'Phú Khê', 235),
(8395, 'Sơn Tình', 235),
(8398, 'Yên Tập', 235),
(8401, 'Hương Lung', 235),
(8404, 'Tạ Xá', 235),
(8407, 'Phú Lạc', 235),
(8413, 'Chương Xá', 235),
(8416, 'Hùng Việt', 235),
(8419, 'Văn Khúc', 235),
(8422, 'Yên Dưỡng', 235),
(8428, 'Điêu Lương', 235),
(8431, 'Đồng Lương', 235),
(8434, 'Hưng Hoá', 236),
(8440, 'Hiền Quan', 236),
(8443, 'Bắc Sơn', 236),
(8446, 'Thanh Uyên', 236),
(8461, 'Lam Sơn', 236),
(8467, 'Vạn Xuân', 236),
(8470, 'Quang Húc', 236),
(8473, 'Hương Nộn', 236),
(8476, 'Tề Lễ', 236),
(8479, 'Thọ Văn', 236),
(8482, 'Dị Nậu', 236),
(8491, 'Dân Quyền', 236),
(8494, 'Lâm Thao', 237),
(8497, 'Tiên Kiên', 237),
(8498, 'Hùng Sơn', 237),
(8500, 'Xuân Lũng', 237),
(8503, 'Hy Cương', 227),
(8506, 'Chu Hóa', 227),
(8509, 'Xuân Huy', 237),
(8512, 'Thạch Sơn', 237),
(8515, 'Thanh Đình', 227),
(8518, 'Sơn Vi', 237),
(8521, 'Phùng Nguyên', 237),
(8527, 'Cao Xá', 237),
(8533, 'Vĩnh Lại', 237),
(8536, 'Tứ Xã', 237),
(8539, 'Bản Nguyên', 237),
(8542, 'Thanh Sơn', 238),
(8545, 'Thu Cúc', 240),
(8548, 'Thạch Kiệt', 240),
(8551, 'Thu Ngạc', 240),
(8554, 'Kiệt Sơn', 240),
(8557, 'Đồng Sơn', 240),
(8560, 'Lai Đồng', 240),
(8563, 'Sơn Hùng', 238),
(8566, 'Tân Phú', 240),
(8569, 'Mỹ Thuận', 240),
(8572, 'Địch Quả', 238),
(8575, 'Giáp Lai', 238),
(8578, 'Tân Sơn', 240),
(8581, 'Thục Luyện', 238),
(8584, 'Võ Miếu', 238),
(8587, 'Thạch Khoán', 238),
(8590, 'Xuân Đài', 240),
(8593, 'Minh Đài', 240),
(8596, 'Văn Luông', 240),
(8599, 'Xuân Sơn', 240),
(8602, 'Cự Thắng', 238),
(8605, 'Tất Thắng', 238),
(8608, 'Long Cốc', 240),
(8611, 'Văn Miếu', 238),
(8614, 'Cự Đồng', 238),
(8617, 'Kim Thượng', 240),
(8620, 'Tam Thanh', 240),
(8623, 'Thắng Sơn', 238),
(8626, 'Vinh Tiền', 240),
(8629, 'Tân Minh', 238),
(8632, 'Hương Cần', 238),
(8635, 'Khả Cửu', 238),
(8638, 'Đông Cửu', 238),
(8641, 'Tân Lập', 238),
(8644, 'Yên Lãng', 238),
(8647, 'Yên Lương', 238),
(8650, 'Thượng Cửu', 238),
(8653, 'Lương Nha', 238),
(8656, 'Yên Sơn', 238),
(8659, 'Tinh Nhuệ', 238),
(8662, 'Đào Xá', 239),
(8665, 'Thạch Đồng', 239),
(8668, 'Xuân Lộc', 239),
(8671, 'Tân Phương', 239),
(8674, 'Thanh Thủy', 239),
(8677, 'Sơn Thủy', 239),
(8680, 'Bảo Yên', 239),
(8683, 'Đoan Hạ', 239),
(8686, 'Đồng Trung', 239),
(8689, 'Hoàng Xá', 239),
(8701, 'Tu Vũ', 239),
(8707, 'Tích Sơn', 243),
(8710, 'Liên Bảo', 243),
(8713, 'Hội Hợp', 243),
(8716, 'Đống Đa', 243),
(8719, 'Ngô Quyền', 243),
(8722, 'Đồng Tâm', 243),
(8725, 'Định Trung', 243),
(8728, 'Khai Quang', 243),
(8731, 'Thanh Trù', 243),
(8734, 'Trưng Trắc', 244),
(8737, 'Hùng Vương', 244),
(8740, 'Trưng Nhị', 244),
(8743, 'Phúc Thắng', 244),
(8746, 'Xuân Hoà', 244),
(8747, 'Đồng Xuân', 244),
(8749, 'Ngọc Thanh', 244),
(8752, 'Cao Minh', 244),
(8755, 'Nam Viêm', 244),
(8758, 'Tiền Châu', 244),
(8761, 'Lập Thạch', 246),
(8764, 'Quang Sơn', 246),
(8767, 'Ngọc Mỹ', 246),
(8770, 'Hợp Lý', 246),
(8773, 'Lãng Công', 253),
(8776, 'Quang Yên', 253),
(8779, 'Bạch Lưu', 253),
(8782, 'Hải Lựu', 253),
(8785, 'Bắc Bình', 246),
(8788, 'Thái Hòa', 246),
(8789, 'Hoa Sơn', 246),
(8791, 'Liễn Sơn', 246),
(8794, 'Xuân Hòa', 246),
(8797, 'Vân Trục', 246),
(8800, 'Đồng Quế', 253),
(8803, 'Nhân Đạo', 253),
(8806, 'Đôn Nhân', 253),
(8809, 'Phương Khoan', 253),
(8812, 'Liên Hòa', 246),
(8815, 'Tử Du', 246),
(8818, 'Tân Lập', 253),
(8821, 'Nhạo Sơn', 253),
(8824, 'Tam Sơn', 253),
(8827, 'Như Thụy', 253),
(8830, 'Yên Thạch', 253),
(8833, 'Bàn Giản', 246),
(8836, 'Xuân Lôi', 246),
(8839, 'Đồng Ích', 246),
(8842, 'Tiên Lữ', 246),
(8845, 'Văn Quán', 246),
(8848, 'Đồng Thịnh', 253),
(8851, 'Tứ Yên', 253),
(8854, 'Đức Bác', 253),
(8857, 'Đình Chu', 246),
(8860, 'Cao Phong', 253),
(8863, 'Triệu Đề', 246),
(8866, 'Sơn Đông', 246),
(8869, 'Hợp Hòa', 247),
(8872, 'Hoàng Hoa', 247),
(8875, 'Đồng Tĩnh', 247),
(8878, 'Kim Long', 247),
(8881, 'Hướng Đạo', 247),
(8884, 'Đạo Tú', 247),
(8887, 'An Hòa', 247),
(8890, 'Thanh Vân', 247),
(8893, 'Duy Phiên', 247),
(8896, 'Hoàng Đan', 247),
(8899, 'Hoàng Lâu', 247),
(8902, 'Vân Hội', 247),
(8905, 'Hợp Thịnh', 247),
(8908, 'Tam Đảo', 248),
(8911, 'Hợp Châu', 248),
(8914, 'Đạo Trù', 248),
(8917, 'Yên Dương', 248),
(8920, 'Bồ Lý', 248),
(8923, 'Đại Đình', 248),
(8926, 'Tam Quan', 248),
(8929, 'Hồ Sơn', 248),
(8932, 'Minh Quang', 248),
(8935, 'Hương Canh', 249),
(8936, 'Gia Khánh', 249),
(8938, 'Trung Mỹ', 249),
(8944, 'Bá Hiến', 249),
(8947, 'Thiện Kế', 249),
(8950, 'Hương Sơn', 249),
(8953, 'Tam Hợp', 249),
(8956, 'Quất Lưu', 249),
(8959, 'Sơn Lôi', 249),
(8962, 'Đạo Đức', 249),
(8965, 'Tân Phong', 249),
(8968, 'Thanh Lãng', 249),
(8971, 'Phú Xuân', 249),
(8973, 'Chi Đông', 250),
(8974, 'Đại Thịnh', 250),
(8977, 'Kim Hoa', 250),
(8980, 'Thạch Đà', 250),
(8983, 'Tiến Thắng', 250),
(8986, 'Tự Lập', 250),
(8989, 'Quang Minh', 250),
(8992, 'Thanh Lâm', 250),
(8995, 'Tam Đồng', 250),
(8998, 'Liên Mạc', 250),
(9001, 'Vạn Yên', 250),
(9004, 'Chu Phan', 250),
(9007, 'Tiến Thịnh', 250),
(9010, 'Mê Linh', 250),
(9013, 'Văn Khê', 250),
(9016, 'Hoàng Kim', 250),
(9019, 'Tiền Phong', 250),
(9022, 'Tráng Việt', 250),
(9025, 'Yên Lạc', 251),
(9028, 'Đồng Cương', 251),
(9031, 'Đồng Văn', 251),
(9034, 'Bình Định', 251),
(9037, 'Trung Nguyên', 251),
(9040, 'Tề Lỗ', 251),
(9043, 'Tam Hồng', 251),
(9046, 'Yên Đồng', 251),
(9049, 'Văn Tiến', 251),
(9052, 'Nguyệt Đức', 251),
(9055, 'Yên Phương', 251),
(9058, 'Hồng Phương', 251),
(9061, 'Trung Kiên', 251),
(9064, 'Liên Châu', 251),
(9067, 'Đại Tự', 251),
(9070, 'Hồng Châu', 251),
(9073, 'Trung Hà', 251),
(9076, 'Vĩnh Tường', 252),
(9079, 'Kim Xá', 252),
(9082, 'Yên Bình', 252),
(9085, 'Chấn Hưng', 252),
(9088, 'Nghĩa Hưng', 252),
(9091, 'Yên Lập', 252),
(9094, 'Việt Xuân', 252),
(9097, 'Bồ Sao', 252),
(9100, 'Đại Đồng', 252),
(9103, 'Tân Tiến', 252),
(9106, 'Lũng Hoà', 252),
(9109, 'Cao Đại', 252),
(9112, 'Thổ Tang', 252),
(9115, 'Vĩnh Sơn', 252),
(9118, 'Bình Dương', 252),
(9124, 'Tân Phú', 252),
(9127, 'Thượng Trưng', 252),
(9130, 'Vũ Di', 252),
(9133, 'Lý Nhân', 252),
(9136, 'Tuân Chính', 252),
(9139, 'Vân Xuân', 252),
(9142, 'Tam Phúc', 252),
(9145, 'Tứ Trưng', 252),
(9148, 'Ngũ Kiên', 252),
(9151, 'An Tường', 252),
(9154, 'Vĩnh Thịnh', 252),
(9157, 'Phú Đa', 252),
(9160, 'Vĩnh Ninh', 252),
(9163, 'Vũ Ninh', 256),
(9166, 'Đáp Cầu', 256),
(9169, 'Thị Cầu', 256),
(9172, 'Kinh Bắc', 256),
(9175, 'Vệ An', 256),
(9178, 'Tiền An', 256),
(9181, 'Đại Phúc', 256),
(9184, 'Ninh Xá', 256),
(9187, 'Suối Hoa', 256),
(9190, 'Võ Cường', 256),
(9193, 'Chờ', 258),
(9196, 'Dũng Liệt', 258),
(9199, 'Tam Đa', 258),
(9202, 'Tam Giang', 258),
(9205, 'Yên Trung', 258),
(9208, 'Thụy Hòa', 258),
(9211, 'Hòa Tiến', 258),
(9214, 'Hòa Long', 256),
(9217, 'Đông Tiến', 258),
(9220, 'Yên Phụ', 258),
(9223, 'Trung Nghĩa', 258),
(9226, 'Vạn An', 256),
(9229, 'Đông Phong', 258),
(9232, 'Long Châu', 258),
(9235, 'Khúc Xuyên', 256),
(9238, 'Văn Môn', 258),
(9241, 'Đông Thọ', 258),
(9244, 'Phong Khê', 256),
(9247, 'Phố Mới', 259),
(9250, 'Việt Thống', 259),
(9253, 'Đại Xuân', 259),
(9256, 'Kim Chân', 256),
(9259, 'Nhân Hòa', 259),
(9262, 'Bằng An', 259),
(9265, 'Phương Liễu', 259),
(9268, 'Quế Tân', 259),
(9271, 'Vân Dương', 256),
(9274, 'Phù Lương', 259),
(9277, 'Phù Lãng', 259),
(9280, 'Phượng Mao', 259),
(9283, 'Việt Hùng', 259),
(9286, 'Nam Sơn', 256),
(9289, 'Ngọc Xá', 259),
(9292, 'Châu Phong', 259),
(9295, 'Bồng Lai', 259),
(9298, 'Cách Bi', 259),
(9301, 'Đào Viên', 259),
(9304, 'Yên Giả', 259),
(9307, 'Mộ Đạo', 259),
(9310, 'Đức Long', 259),
(9313, 'Chi Lăng', 259),
(9316, 'Hán Quảng', 259),
(9319, 'Lim', 260),
(9322, 'Phú Lâm', 260),
(9325, 'Khắc Niệm', 256),
(9328, 'Nội Duệ', 260),
(9331, 'Hạp Lĩnh', 256),
(9334, 'Liên Bão', 260),
(9337, 'Hiên Vân', 260),
(9340, 'Hoàn Sơn', 260),
(9343, 'Lạc Vệ', 260),
(9346, 'Việt Đoàn', 260),
(9349, 'Phật Tích', 260),
(9352, 'Tân Chi', 260),
(9355, 'Đại Đồng', 260),
(9358, 'Tri Phương', 260),
(9361, 'Minh Đạo', 260),
(9364, 'Cảnh Hưng', 260),
(9367, 'Đông Ngàn', 261),
(9370, 'Tam Sơn', 261),
(9373, 'Hương Mạc', 261),
(9376, 'Tương Giang', 261),
(9379, 'Phù Khê', 261),
(9382, 'Đồng Kỵ', 261),
(9383, 'Trang Hạ', 261),
(9385, 'Đồng Nguyên', 261),
(9388, 'Châu Khê', 261),
(9391, 'Tân Hồng', 261),
(9394, 'Đình Bảng', 261),
(9397, 'Phù Chẩn', 261),
(9400, 'Hồ', 262),
(9403, 'Hoài Thượng', 262),
(9406, 'Đại Đồng Thành', 262),
(9409, 'Mão Điền', 262),
(9412, 'Song Hồ', 262),
(9415, 'Đình Tổ', 262),
(9418, 'An Bình', 262),
(9421, 'Trí Quả', 262),
(9424, 'Gia Đông', 262),
(9427, 'Thanh Khương', 262),
(9430, 'Trạm Lộ', 262),
(9433, 'Xuân Lâm', 262),
(9436, 'Hà Mãn', 262),
(9439, 'Ngũ Thái', 262),
(9442, 'Nguyệt Đức', 262),
(9445, 'Ninh Xá', 262),
(9448, 'Nghĩa Đạo', 262),
(9451, 'Song Liễu', 262),
(9454, 'Gia Bình', 263),
(9457, 'Vạn Ninh', 263),
(9460, 'Thái Bảo', 263),
(9463, 'Giang Sơn', 263),
(9466, 'Cao Đức', 263),
(9469, 'Đại Lai', 263),
(9472, 'Song Giang', 263),
(9475, 'Bình Dương', 263),
(9478, 'Lãng Ngâm', 263),
(9481, 'Nhân Thắng', 263),
(9484, 'Xuân Lai', 263),
(9487, 'Đông Cứu', 263),
(9490, 'Đại Bái', 263),
(9493, 'Quỳnh Phú', 263),
(9496, 'Thứa', 264),
(9499, 'An Thịnh', 264),
(9502, 'Trung Kênh', 264),
(9505, 'Phú Hòa', 264),
(9508, 'Mỹ Hương', 264),
(9511, 'Tân Lãng', 264),
(9514, 'Quảng Phú', 264),
(9517, 'Trừng Xá', 264),
(9520, 'Lai Hạ', 264),
(9523, 'Trung Chính', 264),
(9526, 'Minh Tân', 264),
(9529, 'Bình Định', 264),
(9532, 'Phú Lương', 264),
(9535, 'Lâm Thao', 264),
(9538, 'Nguyễn Trãi', 268),
(9541, 'Mộ Lao', 268),
(9542, 'Văn Quán', 268),
(9544, 'Vạn Phúc', 268),
(9547, 'Yết Kiêu', 268),
(9550, 'Quang Trung', 268),
(9551, 'La Khê', 268),
(9552, 'Phú La', 268),
(9553, 'Phúc La', 268),
(9556, 'Hà Cầu', 268),
(9562, 'Yên Nghĩa', 268),
(9565, 'Kiến Hưng', 268),
(9568, 'Phú Lãm', 268),
(9571, 'Phú Lương', 268),
(9574, 'Lê Lợi', 269),
(9577, 'Phú Thịnh', 269),
(9580, 'Ngô Quyền', 269),
(9583, 'Quang Trung', 269),
(9586, 'Sơn Lộc', 269),
(9589, 'Xuân Khanh', 269),
(9592, 'Đường Lâm', 269),
(9595, 'Viên Sơn', 269),
(9598, 'Xuân Sơn', 269),
(9601, 'Trung Hưng', 269),
(9604, 'Thanh Mỹ', 269),
(9607, 'Trung Sơn Trầm', 269),
(9610, 'Kim Sơn', 269),
(9613, 'Sơn Đông', 269),
(9616, 'Cổ Đông', 269),
(9619, 'Tây Đằng', 271),
(9625, 'Phú Cường', 271),
(9628, 'Cổ Đô', 271),
(9631, 'Tản Hồng', 271),
(9634, 'Vạn Thắng', 271),
(9637, 'Châu Sơn', 271),
(9640, 'Phong Vân', 271),
(9643, 'Phú Đông', 271),
(9646, 'Phú Phương', 271),
(9649, 'Phú Châu', 271),
(9652, 'Thái Hòa', 271),
(9655, 'Đồng Thái', 271),
(9658, 'Phú Sơn', 271),
(9661, 'Minh Châu', 271),
(9664, 'Vật Lại', 271),
(9667, 'Chu Minh', 271),
(9670, 'Tòng Bạt', 271),
(9673, 'Cẩm Lĩnh', 271),
(9676, 'Sơn Đà', 271),
(9679, 'Đông Quang', 271),
(9682, 'Tiên Phong', 271),
(9685, 'Thụy An', 271),
(9688, 'Cam Thượng', 271),
(9691, 'Thuần Mỹ', 271),
(9694, 'Tản Lĩnh', 271),
(9697, 'Ba Trại', 271),
(9700, 'Minh Quang', 271),
(9703, 'Ba Vì', 271),
(9706, 'Vân Hòa', 271),
(9709, 'Yên Bài', 271),
(9712, 'Khánh Thượng', 271),
(9715, 'Phúc Thọ', 272),
(9718, 'Vân Hà', 272),
(9721, 'Vân Phúc', 272),
(9724, 'Vân Nam', 272),
(9727, 'Xuân Đình', 272),
(9733, 'Sen Phương', 272),
(9739, 'Võng Xuyên', 272),
(9742, 'Thọ Lộc', 272),
(9745, 'Long Xuyên', 272),
(9748, 'Thượng Cốc', 272),
(9751, 'Hát Môn', 272),
(9754, 'Tích Giang', 272),
(9757, 'Thanh Đa', 272),
(9760, 'Trạch Mỹ Lộc', 272),
(9763, 'Phúc Hòa', 272),
(9766, 'Ngọc Tảo', 272),
(9769, 'Phụng Thượng', 272),
(9772, 'Tam Thuấn', 272),
(9775, 'Tam Hiệp', 272),
(9778, 'Hiệp Thuận', 272),
(9781, 'Liên Hiệp', 272),
(9784, 'Phùng', 273),
(9787, 'Trung Châu', 273),
(9790, 'Thọ An', 273),
(9793, 'Thọ Xuân', 273),
(9796, 'Hồng Hà', 273),
(9799, 'Liên Hồng', 273),
(9802, 'Liên Hà', 273),
(9805, 'Hạ Mỗ', 273),
(9808, 'Liên Trung', 273),
(9811, 'Phương Đình', 273),
(9814, 'Thượng Mỗ', 273),
(9817, 'Tân Hội', 273),
(9820, 'Tân Lập', 273),
(9823, 'Đan Phượng', 273),
(9826, 'Đồng Tháp', 273),
(9829, 'Song Phượng', 273),
(9832, 'Trạm Trôi', 274),
(9835, 'Đức Thượng', 274),
(9838, 'Minh Khai', 274),
(9841, 'Dương Liễu', 274),
(9844, 'Di Trạch', 274),
(9847, 'Đức Giang', 274),
(9850, 'Cát Quế', 274),
(9853, 'Kim Chung', 274),
(9856, 'Yên Sở', 274),
(9859, 'Sơn Đồng', 274),
(9862, 'Vân Canh', 274),
(9865, 'Đắc Sở', 274),
(9868, 'Lại Yên', 274),
(9871, 'Tiền Yên', 274),
(9874, 'Song Phương', 274),
(9877, 'An Khánh', 274),
(9880, 'An Thượng', 274),
(9883, 'Vân Côn', 274),
(9886, 'Dương Nội', 268),
(9889, 'La Phù', 274),
(9892, 'Đông La', 274),
(9895, 'Quốc Oai', 275),
(9898, 'Sài Sơn', 275),
(9901, 'Phượng Cách', 275),
(9904, 'Yên Sơn', 275),
(9907, 'Ngọc Liệp', 275),
(9910, 'Ngọc Mỹ', 275),
(9913, 'Liệp Tuyết', 275),
(9916, 'Thạch Thán', 275),
(9919, 'Đồng Quang', 275),
(9922, 'Phú Cát', 275),
(9925, 'Tuyết Nghĩa', 275),
(9928, 'Nghĩa Hương', 275),
(9931, 'Cộng Hòa', 275),
(9934, 'Tân Phú', 275),
(9937, 'Đại Thành', 275),
(9940, 'Phú Mãn', 275),
(9943, 'Cấn Hữu', 275),
(9946, 'Tân Hòa', 275),
(9949, 'Hòa Thạch', 275),
(9952, 'Đông Yên', 275),
(9955, 'Liên Quan', 276),
(9958, 'Đại Đồng', 276),
(9961, 'Cẩm Yên', 276),
(9964, 'Lại Thượng', 276),
(9967, 'Phú Kim', 276),
(9970, 'Hương Ngải', 276),
(9973, 'Canh Nậu', 276),
(9976, 'Kim Quan', 276),
(9979, 'Dị Nậu', 276),
(9982, 'Bình Yên', 276),
(9985, 'Chàng Sơn', 276),
(9988, 'Thạch Hoà', 276),
(9991, 'Cần Kiệm', 276),
(9994, 'Hữu Bằng', 276),
(9997, 'Phùng Xá', 276),
(10000, 'Tân Xã', 276),
(10003, 'Thạch Xá', 276),
(10006, 'Bình Phú', 276),
(10009, 'Hạ Bằng', 276),
(10012, 'Đồng Trúc', 276),
(10015, 'Chúc Sơn', 277),
(10018, 'Xuân Mai', 277),
(10021, 'Phụng Châu', 277),
(10024, 'Tiên Phương', 277),
(10027, 'Đông Sơn', 277),
(10030, 'Đông Phương Yên', 277),
(10033, 'Phú Nghĩa', 277),
(10039, 'Trường Yên', 277),
(10042, 'Ngọc Hòa', 277),
(10045, 'Thủy Xuân Tiên', 277),
(10048, 'Thanh Bình', 277),
(10051, 'Trung Hòa', 277),
(10054, 'Đại Yên', 277),
(10057, 'Thụy Hương', 277),
(10060, 'Tốt Động', 277),
(10063, 'Lam Điền', 277),
(10066, 'Tân Tiến', 277),
(10069, 'Nam Phương Tiến', 277),
(10072, 'Hợp Đồng', 277),
(10075, 'Hoàng Văn Thụ', 277),
(10078, 'Hoàng Diệu', 277),
(10081, 'Hữu Văn', 277),
(10084, 'Quảng Bị', 277),
(10087, 'Mỹ Lương', 277),
(10090, 'Thượng Vực', 277),
(10093, 'Hồng Phong', 277),
(10096, 'Đồng Phú', 277),
(10099, 'Trần Phú', 277),
(10102, 'Văn Võ', 277),
(10105, 'Đồng Lạc', 277),
(10108, 'Hòa Chính', 277),
(10111, 'Phú Nam An', 277),
(10114, 'Kim Bài', 278),
(10117, 'Đồng Mai', 268),
(10120, 'Cự Khê', 278),
(10123, 'Biên Giang', 268),
(10126, 'Bích Hòa', 278),
(10129, 'Mỹ Hưng', 278),
(10132, 'Cao Viên', 278),
(10135, 'Bình Minh', 278),
(10138, 'Tam Hưng', 278),
(10141, 'Thanh Cao', 278),
(10144, 'Thanh Thùy', 278),
(10147, 'Thanh Mai', 278),
(10150, 'Thanh Văn', 278),
(10153, 'Đỗ Động', 278),
(10156, 'Kim An', 278),
(10159, 'Kim Thư', 278),
(10162, 'Phương Trung', 278),
(10165, 'Tân Ước', 278),
(10168, 'Dân Hòa', 278),
(10171, 'Liên Châu', 278),
(10174, 'Cao Dương', 278),
(10177, 'Xuân Dương', 278),
(10180, 'Hồng Dương', 278),
(10183, 'Thường Tín', 279),
(10186, 'Ninh Sở', 279),
(10189, 'Nhị Khê', 279),
(10192, 'Duyên Thái', 279),
(10195, 'Khánh Hà', 279),
(10198, 'Hòa Bình', 279),
(10201, 'Văn Bình', 279),
(10204, 'Hiền Giang', 279),
(10207, 'Hồng Vân', 279),
(10210, 'Vân Tảo', 279),
(10213, 'Liên Phương', 279),
(10216, 'Văn Phú', 279),
(10219, 'Tự Nhiên', 279),
(10222, 'Tiền Phong', 279),
(10225, 'Hà Hồi', 279),
(10228, 'Thư Phú', 279),
(10231, 'Nguyễn Trãi', 279),
(10234, 'Quất Động', 279),
(10237, 'Chương Dương', 279),
(10240, 'Tân Minh', 279),
(10243, 'Lê Lợi', 279),
(10246, 'Thắng Lợi', 279),
(10249, 'Dũng Tiến', 279),
(10252, 'Thống Nhất', 279),
(10255, 'Nghiêm Xuyên', 279),
(10258, 'Tô Hiệu', 279),
(10261, 'Văn Tự', 279),
(10264, 'Vạn Điểm', 279),
(10267, 'Minh Cường', 279),
(10270, 'Phú Minh', 280),
(10273, 'Phú Xuyên', 280),
(10276, 'Hồng Minh', 280),
(10279, 'Phượng Dực', 280),
(10282, 'Nam Tiến', 280),
(10288, 'Tri Trung', 280),
(10291, 'Đại Thắng', 280),
(10294, 'Phú Túc', 280),
(10297, 'Văn Hoàng', 280),
(10300, 'Hồng Thái', 280),
(10303, 'Hoàng Long', 280),
(10306, 'Quang Trung', 280),
(10309, 'Nam Phong', 280),
(10312, 'Nam Triều', 280),
(10315, 'Tân Dân', 280),
(10318, 'Sơn Hà', 280),
(10321, 'Chuyên Mỹ', 280),
(10324, 'Khai Thái', 280),
(10327, 'Phúc Tiến', 280),
(10330, 'Vân Từ', 280),
(10333, 'Tri Thủy', 280),
(10336, 'Đại Xuyên', 280),
(10339, 'Phú Yên', 280),
(10342, 'Bạch Hạ', 280),
(10345, 'Quang Lãng', 280),
(10348, 'Châu Can', 280),
(10351, 'Minh Tân', 280),
(10354, 'Vân Đình', 281),
(10357, 'Viên An', 281),
(10360, 'Viên Nội', 281),
(10363, 'Hoa Sơn', 281),
(10366, 'Quảng Phú Cầu', 281),
(10369, 'Trường Thịnh', 281),
(10372, 'Cao Thành', 281),
(10375, 'Liên Bạt', 281),
(10378, 'Sơn Công', 281),
(10381, 'Đồng Tiến', 281),
(10384, 'Phương Tú', 281),
(10387, 'Trung Tú', 281),
(10390, 'Đồng Tân', 281),
(10393, 'Tảo Dương Văn', 281),
(10396, 'Vạn Thái', 281),
(10399, 'Minh Đức', 281),
(10402, 'Hòa Lâm', 281),
(10405, 'Hòa Xá', 281),
(10408, 'Trầm Lộng', 281),
(10411, 'Kim Đường', 281),
(10414, 'Hòa Nam', 281),
(10417, 'Hòa Phú', 281),
(10420, 'Đội Bình', 281),
(10423, 'Đại Hùng', 281),
(10426, 'Đông Lỗ', 281),
(10429, 'Phù Lưu', 281),
(10432, 'Đại Cường', 281),
(10435, 'Lưu Hoàng', 281),
(10438, 'Hồng Quang', 281),
(10441, 'Đại Nghĩa', 282),
(10444, 'Đồng Tâm', 282),
(10447, 'Thượng Lâm', 282),
(10450, 'Tuy Lai', 282),
(10453, 'Phúc Lâm', 282),
(10456, 'Mỹ Thành', 282),
(10459, 'Bột Xuyên', 282),
(10462, 'An Mỹ', 282),
(10465, 'Hồng Sơn', 282),
(10468, 'Lê Thanh', 282),
(10471, 'Xuy Xá', 282),
(10474, 'Phùng Xá', 282),
(10477, 'Phù Lưu Tế', 282),
(10480, 'Đại Hưng', 282),
(10483, 'Vạn Kim', 282),
(10486, 'Đốc Tín', 282),
(10489, 'Hương Sơn', 282),
(10492, 'Hùng Tiến', 282),
(10495, 'An Tiến', 282),
(10498, 'Hợp Tiến', 282),
(10501, 'Hợp Thanh', 282),
(10504, 'An Phú', 282),
(10507, 'Cẩm Thượng', 288),
(10510, 'Bình Hàn', 288),
(10513, 'Ngọc Châu', 288),
(10514, 'Nhị Châu', 288),
(10516, 'Quang Trung', 288),
(10519, 'Nguyễn Trãi', 288),
(10522, 'Phạm Ngũ Lão', 288),
(10525, 'Trần Hưng Đạo', 288),
(10528, 'Trần Phú', 288),
(10531, 'Thanh Bình', 288),
(10532, 'Tân Bình', 288),
(10534, 'Lê Thanh Nghị', 288),
(10537, 'Hải Tân', 288),
(10540, 'Tứ Minh', 288),
(10543, 'Việt Hoà', 288),
(10546, 'Phả Lại', 290),
(10549, 'Sao Đỏ', 290),
(10552, 'Bến Tắm', 290),
(10555, 'Hoàng Hoa Thám', 290),
(10558, 'Bắc An', 290),
(10561, 'Hưng Đạo', 290),
(10564, 'Lê Lợi', 290),
(10567, 'Hoàng Tiến', 290),
(10570, 'Cộng Hoà', 290),
(10573, 'Hoàng Tân', 290),
(10576, 'Cổ Thành', 290),
(10579, 'Văn An', 290),
(10582, 'Chí Minh', 290),
(10585, 'Văn Đức', 290),
(10588, 'Thái Học', 290),
(10591, 'Nhân Huệ', 290),
(10594, 'An Lạc', 290),
(10600, 'Đồng Lạc', 290),
(10603, 'Tân Dân', 290),
(10606, 'Nam Sách', 291),
(10609, 'Nam Hưng', 291),
(10612, 'Nam Tân', 291),
(10615, 'Hợp Tiến', 291),
(10618, 'Hiệp Cát', 291),
(10621, 'Thanh Quang', 291),
(10624, 'Quốc Tuấn', 291),
(10627, 'Nam Chính', 291),
(10630, 'An Bình', 291),
(10633, 'Nam Trung', 291),
(10636, 'An Sơn', 291),
(10639, 'Cộng Hòa', 291),
(10642, 'Thái Tân', 291),
(10645, 'An Lâm', 291),
(10648, 'Phú Điền', 291),
(10651, 'Nam Hồng', 291),
(10654, 'Hồng Phong', 291),
(10657, 'Đồng Lạc', 291),
(10660, 'Ái Quốc', 288),
(10663, 'An Thượng', 288),
(10666, 'Minh Tân', 291),
(10672, 'Nam Đồng', 288),
(10675, 'An Lưu', 292),
(10678, 'Bạch Đằng', 292),
(10681, 'Thất Hùng', 292),
(10684, 'Lê Ninh', 292),
(10687, 'Hoành Sơn', 292),
(10693, 'Phạm Thái', 292),
(10696, 'Duy Tân', 292),
(10699, 'Tân Dân', 292),
(10702, 'Minh Tân', 292),
(10705, 'Quang Thành', 292),
(10708, 'Hiệp Hòa', 292),
(10714, 'Phú Thứ', 292),
(10717, 'Thăng Long', 292),
(10720, 'Lạc Long', 292),
(10723, 'An Sinh', 292),
(10726, 'Hiệp Sơn', 292),
(10729, 'Thượng Quận', 292),
(10732, 'An Phụ', 292),
(10735, 'Hiệp An', 292),
(10738, 'Long Xuyên', 292),
(10741, 'Thái Thịnh', 292),
(10744, 'Hiến Thành', 292),
(10747, 'Minh Hòa', 292),
(10750, 'Phú Thái', 293),
(10753, 'Lai Vu', 293),
(10756, 'Cộng Hòa', 293),
(10759, 'Thượng Vũ', 293),
(10762, 'Cổ Dũng', 293),
(10768, 'Tuấn Việt', 293),
(10771, 'Kim Xuyên', 293),
(10774, 'Phúc Thành A', 293),
(10777, 'Ngũ Phúc', 293),
(10780, 'Kim Anh', 293),
(10783, 'Kim Liên', 293),
(10786, 'Kim Tân', 293),
(10792, 'Kim Đính', 293),
(10798, 'Bình Dân', 293),
(10801, 'Tam Kỳ', 293),
(10804, 'Đồng Cẩm', 293),
(10807, 'Liên Hòa', 293),
(10810, 'Đại Đức', 293),
(10813, 'Thanh Hà', 294),
(10816, 'Hồng Lạc', 294),
(10819, 'Việt Hồng', 294),
(10822, 'Quyết Thắng', 288),
(10825, 'Tân Việt', 294),
(10828, 'Cẩm Chế', 294),
(10831, 'Thanh An', 294),
(10834, 'Thanh Lang', 294),
(10837, 'Tiền Tiến', 288),
(10840, 'Tân An', 294),
(10843, 'Liên Mạc', 294),
(10846, 'Thanh Hải', 294),
(10849, 'Thanh Khê', 294),
(10852, 'Thanh Xá', 294),
(10855, 'Thanh Xuân', 294),
(10861, 'Thanh Thủy', 294),
(10864, 'An Phượng', 294),
(10867, 'Thanh Sơn', 294),
(10876, 'Thanh Quang', 294),
(10879, 'Thanh Hồng', 294),
(10882, 'Thanh Cường', 294),
(10885, 'Vĩnh Lập', 294),
(10888, 'Cẩm Giang', 295),
(10891, 'Lai Cách', 295),
(10894, 'Cẩm Hưng', 295),
(10897, 'Cẩm Hoàng', 295),
(10900, 'Cẩm Văn', 295),
(10903, 'Ngọc Liên', 295),
(10906, 'Thạch Lỗi', 295),
(10909, 'Cẩm Vũ', 295),
(10912, 'Đức Chính', 295),
(10918, 'Định Sơn', 295),
(10924, 'Lương Điền', 295),
(10927, 'Cao An', 295),
(10930, 'Tân Trường', 295),
(10933, 'Cẩm Phúc', 295),
(10936, 'Cẩm Điền', 295),
(10939, 'Cẩm Đông', 295),
(10942, 'Cẩm Đoài', 295),
(10945, 'Kẻ Sặt', 296),
(10951, 'Vĩnh Hưng', 296),
(10954, 'Hùng Thắng', 296),
(10960, 'Vĩnh Hồng', 296),
(10963, 'Long Xuyên', 296),
(10966, 'Tân Việt', 296),
(10969, 'Thúc Kháng', 296),
(10972, 'Tân Hồng', 296),
(10975, 'Bình Minh', 296),
(10978, 'Hồng Khê', 296),
(10981, 'Thái Học', 296),
(10984, 'Cổ Bì', 296),
(10987, 'Nhân Quyền', 296),
(10990, 'Thái Dương', 296),
(10993, 'Thái Hòa', 296),
(10996, 'Bình Xuyên', 296),
(10999, 'Gia Lộc', 297),
(11002, 'Thạch Khôi', 288),
(11005, 'Liên Hồng', 288),
(11008, 'Thống Nhất', 297),
(11011, 'Tân Hưng', 288),
(11017, 'Gia Xuyên', 288),
(11020, 'Yết Kiêu', 297),
(11029, 'Gia Tân', 297),
(11032, 'Tân Tiến', 297),
(11035, 'Gia Khánh', 297),
(11038, 'Gia Lương', 297),
(11041, 'Lê Lợi', 297),
(11044, 'Toàn Thắng', 297),
(11047, 'Hoàng Diệu', 297),
(11050, 'Hồng Hưng', 297),
(11053, 'Phạm Trấn', 297),
(11056, 'Đoàn Thượng', 297),
(11059, 'Thống Kênh', 297),
(11062, 'Quang Minh', 297),
(11065, 'Đồng Quang', 297),
(11068, 'Nhật Tân', 297),
(11071, 'Đức Xương', 297),
(11074, 'Tứ Kỳ', 298),
(11077, 'Ngọc Sơn', 288),
(11083, 'Đại Sơn', 298),
(11086, 'Hưng Đạo', 298),
(11089, 'Ngọc Kỳ', 298),
(11092, 'Bình Lăng', 298),
(11095, 'Chí Minh', 298),
(11098, 'Tái Sơn', 298),
(11101, 'Quang Phục', 298),
(11110, 'Dân Chủ', 298),
(11113, 'Tân Kỳ', 298),
(11116, 'Quang Khải', 298),
(11119, 'Đại Hợp', 298),
(11122, 'Quảng Nghiệp', 298),
(11125, 'An Thanh', 298),
(11128, 'Minh Đức', 298),
(11131, 'Văn Tố', 298),
(11134, 'Quang Trung', 298),
(11137, 'Phượng Kỳ', 298),
(11140, 'Cộng Lạc', 298),
(11143, 'Tiên Động', 298),
(11146, 'Nguyên Giáp', 298),
(11149, 'Hà Kỳ', 298),
(11152, 'Hà Thanh', 298),
(11155, 'Ninh Giang', 299),
(11161, 'Ứng Hoè', 299),
(11164, 'Nghĩa An', 299),
(11167, 'Hồng Đức', 299),
(11173, 'An Đức', 299),
(11176, 'Vạn Phúc', 299),
(11179, 'Tân Hương', 299),
(11185, 'Vĩnh Hòa', 299),
(11188, 'Đông Xuyên', 299),
(11197, 'Tân Phong', 299),
(11200, 'Ninh Hải', 299),
(11203, 'Đồng Tâm', 299),
(11206, 'Tân Quang', 299),
(11209, 'Kiến Quốc', 299),
(11215, 'Hồng Dụ', 299),
(11218, 'Văn Hội', 299),
(11224, 'Hồng Phong', 299),
(11227, 'Hiệp Lực', 299),
(11230, 'Hồng Phúc', 299),
(11233, 'Hưng Long', 299),
(11239, 'Thanh Miện', 300),
(11242, 'Thanh Tùng', 300),
(11245, 'Phạm Kha', 300),
(11248, 'Ngô Quyền', 300),
(11251, 'Đoàn Tùng', 300),
(11254, 'Hồng Quang', 300),
(11257, 'Tân Trào', 300),
(11260, 'Lam Sơn', 300),
(11263, 'Đoàn Kết', 300),
(11266, 'Lê Hồng', 300),
(11269, 'Tứ Cường', 300),
(11275, 'Ngũ Hùng', 300),
(11278, 'Cao Thắng', 300),
(11281, 'Chi Lăng Bắc', 300),
(11284, 'Chi Lăng Nam', 300),
(11287, 'Thanh Giang', 300),
(11293, 'Hồng Phong', 300),
(11296, 'Quán Toan', 303),
(11299, 'Hùng Vương', 303),
(11302, 'Sở Dầu', 303),
(11305, 'Thượng Lý', 303),
(11308, 'Hạ Lý', 303),
(11311, 'Minh Khai', 303),
(11314, 'Trại Chuối', 303),
(11320, 'Hoàng Văn Thụ', 303),
(11323, 'Phan Bội Châu', 303),
(11329, 'Máy Chai', 304),
(11332, 'Máy Tơ', 304),
(11335, 'Vạn Mỹ', 304),
(11338, 'Cầu Tre', 304),
(11341, 'Lạc Viên', 304),
(11347, 'Gia Viên', 304),
(11350, 'Đông Khê', 304),
(11353, 'Cầu Đất', 304),
(11356, 'Lê Lợi', 304),
(11359, 'Đằng Giang', 304),
(11362, 'Lạch Tray', 304),
(11365, 'Đổng Quốc Bình', 304),
(11368, 'Cát Dài', 305),
(11371, 'An Biên', 305),
(11374, 'Lam Sơn', 305),
(11377, 'An Dương', 305),
(11380, 'Trần Nguyên Hãn', 305),
(11383, 'Hồ Nam', 305),
(11386, 'Trại Cau', 305),
(11389, 'Dư Hàng', 305),
(11392, 'Hàng Kênh', 305),
(11395, 'Đông Hải', 305),
(11398, 'Niệm Nghĩa', 305),
(11401, 'Nghĩa Xá', 305),
(11404, 'Dư Hàng Kênh', 305),
(11405, 'Kênh Dương', 305),
(11407, 'Vĩnh Niệm', 305),
(11410, 'Đông Hải 1', 306),
(11411, 'Đông Hải 2', 306),
(11413, 'Đằng Lâm', 306),
(11414, 'Thành Tô', 306),
(11416, 'Đằng Hải', 306),
(11419, 'Nam Hải', 306),
(11422, 'Cát Bi', 306),
(11425, 'Tràng Cát', 306),
(11428, 'Quán Trữ', 307),
(11429, 'Lãm Hà', 307),
(11431, 'Đồng Hoà', 307),
(11434, 'Bắc Sơn', 307),
(11437, 'Nam Sơn', 307),
(11440, 'Ngọc Sơn', 307),
(11443, 'Trần Thành Ngọ', 307),
(11446, 'Văn Đẩu', 307),
(11449, 'Phù Liễn', 307),
(11452, 'Tràng Minh', 307),
(11455, 'Ngọc Xuyên', 308),
(11458, 'Hải Sơn', 308),
(11461, 'Vạn Hương', 308),
(11465, 'Minh Đức', 308),
(11467, 'Bàng La', 308),
(11470, 'Núi Đèo', 311),
(11473, 'Minh Đức', 311),
(11476, 'Lại Xuân', 311),
(11479, 'An Sơn', 311),
(11482, 'Kỳ Sơn', 311),
(11485, 'Liên Khê', 311),
(11488, 'Lưu Kiếm', 311),
(11491, 'Lưu Kỳ', 311),
(11494, 'Gia Minh', 311),
(11497, 'Gia Đức', 311),
(11500, 'Minh Tân', 311),
(11503, 'Phù Ninh', 311),
(11506, 'Quảng Thanh', 311),
(11509, 'Chính Mỹ', 311),
(11512, 'Kênh Giang', 311),
(11515, 'Hợp Thành', 311),
(11518, 'Cao Nhân', 311),
(11521, 'Mỹ Đồng', 311),
(11524, 'Đông Sơn', 311),
(11527, 'Hoà Bình', 311),
(11530, 'Trung Hà', 311),
(11533, 'An Lư', 311),
(11536, 'Thuỷ Triều', 311),
(11539, 'Ngũ Lão', 311),
(11542, 'Phục Lễ', 311),
(11545, 'Tam Hưng', 311),
(11548, 'Phả Lễ', 311),
(11551, 'Lập Lễ', 311),
(11554, 'Kiền Bái', 311),
(11557, 'Thiên Hương', 311),
(11560, 'Thuỷ Sơn', 311),
(11563, 'Thuỷ Đường', 311),
(11566, 'Hoàng Động', 311),
(11569, 'Lâm Động', 311),
(11572, 'Hoa Động', 311),
(11575, 'Tân Dương', 311),
(11578, 'Dương Quan', 311),
(11581, 'An Dương', 312),
(11584, 'Lê Thiện', 312),
(11587, 'Đại Bản', 312),
(11590, 'An Hoà', 312),
(11593, 'Hồng Phong', 312),
(11596, 'Tân Tiến', 312),
(11599, 'An Hưng', 312),
(11602, 'An Hồng', 312),
(11605, 'Bắc Sơn', 312),
(11608, 'Nam Sơn', 312),
(11611, 'Lê Lợi', 312),
(11614, 'Đặng Cương', 312),
(11617, 'Đồng Thái', 312),
(11620, 'Quốc Tuấn', 312),
(11623, 'An Đồng', 312),
(11626, 'Hồng Thái', 312),
(11629, 'An Lão', 313),
(11632, 'Bát Trang', 313),
(11635, 'Trường Thọ', 313),
(11638, 'Trường Thành', 313),
(11641, 'An Tiến', 313),
(11644, 'Quang Hưng', 313),
(11647, 'Quang Trung', 313),
(11650, 'Quốc Tuấn', 313),
(11653, 'An Thắng', 313),
(11656, 'Trường Sơn', 313),
(11659, 'Tân Dân', 313),
(11662, 'Thái Sơn', 313),
(11665, 'Tân Viên', 313),
(11668, 'Mỹ Đức', 313),
(11671, 'Chiến Thắng', 313),
(11674, 'An Thọ', 313),
(11677, 'An Thái', 313),
(11680, 'Núi Đối', 314),
(11683, 'Đa Phúc', 309),
(11686, 'Hưng Đạo', 309),
(11689, 'Anh Dũng', 309),
(11692, 'Hải Thành', 309),
(11695, 'Đông Phương', 314),
(11698, 'Thuận Thiên', 314),
(11701, 'Hữu Bằng', 314),
(11704, 'Đại Đồng', 314),
(11707, 'Hoà Nghĩa', 309),
(11710, 'Ngũ Phúc', 314),
(11713, 'Kiến Quốc', 314),
(11716, 'Du Lễ', 314),
(11719, 'Thuỵ Hương', 314),
(11722, 'Thanh Sơn', 314),
(11725, 'Minh Tân', 314),
(11728, 'Đại Hà', 314),
(11731, 'Ngũ Đoan', 314),
(11734, 'Tân Phong', 314),
(11737, 'Hợp Đức', 308),
(11740, 'Tân Thành', 309),
(11743, 'Tân Trào', 314),
(11746, 'Đoàn Xá', 314),
(11749, 'Tú Sơn', 314),
(11752, 'Đại Hợp', 314),
(11755, 'Tiên Lãng', 315),
(11758, 'Đại Thắng', 315),
(11761, 'Tiên Cường', 315),
(11764, 'Tự Cường', 315),
(11770, 'Quyết Tiến', 315),
(11773, 'Khởi Nghĩa', 315),
(11776, 'Tiên Thanh', 315),
(11779, 'Cấp Tiến', 315),
(11782, 'Kiến Thiết', 315),
(11785, 'Đoàn Lập', 315),
(11788, 'Bạch Đằng', 315),
(11791, 'Quang Phục', 315),
(11794, 'Toàn Thắng', 315),
(11797, 'Tiên Thắng', 315),
(11800, 'Tiên Minh', 315),
(11803, 'Bắc Hưng', 315),
(11806, 'Nam Hưng', 315),
(11809, 'Hùng Thắng', 315),
(11812, 'Tây Hưng', 315),
(11815, 'Đông Hưng', 315),
(11821, 'Vinh Quang', 315),
(11824, 'Vĩnh Bảo', 316),
(11827, 'Dũng Tiến', 316),
(11830, 'Giang Biên', 316),
(11833, 'Thắng Thuỷ', 316),
(11836, 'Trung Lập', 316),
(11839, 'Việt Tiến', 316),
(11842, 'Vĩnh An', 316),
(11845, 'Vĩnh Long', 316),
(11848, 'Hiệp Hoà', 316),
(11851, 'Hùng Tiến', 316),
(11854, 'An Hoà', 316),
(11857, 'Tân Hưng', 316),
(11860, 'Tân Liên', 316),
(11863, 'Nhân Hoà', 316),
(11866, 'Tam Đa', 316),
(11869, 'Hưng Nhân', 316),
(11872, 'Vinh Quang', 316),
(11875, 'Đồng Minh', 316),
(11878, 'Thanh Lương', 316),
(11881, 'Liên Am', 316),
(11884, 'Lý Học', 316),
(11887, 'Tam Cường', 316),
(11890, 'Hoà Bình', 316),
(11893, 'Tiền Phong', 316),
(11896, 'Vĩnh Phong', 316),
(11899, 'Cộng Hiền', 316),
(11902, 'Cao Minh', 316),
(11905, 'Cổ Am', 316),
(11908, 'Vĩnh Tiến', 316),
(11911, 'Trấn Dương', 316),
(11914, 'Cát Bà', 317),
(11917, 'Cát Hải', 317),
(11920, 'Nghĩa Lộ', 317),
(11923, 'Đồng Bài', 317),
(11926, 'Hoàng Châu', 317),
(11929, 'Văn Phong', 317),
(11932, 'Phù Long', 317),
(11935, 'Gia Luận', 317),
(11938, 'Hiền Hào', 317),
(11941, 'Trân Châu', 317),
(11944, 'Việt Hải', 317),
(11947, 'Xuân Đám', 317),
(11950, 'Lam Sơn', 323),
(11953, 'Hiến Nam', 323),
(11956, 'An Tảo', 323),
(11959, 'Lê Lợi', 323),
(11962, 'Minh Khai', 323),
(11965, 'Quang Trung', 323),
(11968, 'Hồng Châu', 323),
(11971, 'Trung Nghĩa', 323),
(11974, 'Liên Phương', 323),
(11977, 'Hồng Nam', 323),
(11980, 'Quảng Châu', 323),
(11983, 'Bảo Khê', 323),
(11986, 'Như Quỳnh', 325),
(11989, 'Lạc Đạo', 325),
(11992, 'Chỉ Đạo', 325),
(11995, 'Đại Đồng', 325),
(11998, 'Việt Hưng', 325),
(12001, 'Tân Quang', 325),
(12004, 'Đình Dù', 325),
(12007, 'Minh Hải', 325),
(12010, 'Lương Tài', 325),
(12013, 'Trưng Trắc', 325),
(12016, 'Lạc Hồng', 325),
(12019, 'Văn Giang', 326),
(12022, 'Xuân Quan', 326),
(12025, 'Cửu Cao', 326),
(12028, 'Phụng Công', 326),
(12031, 'Nghĩa Trụ', 326),
(12034, 'Long Hưng', 326),
(12037, 'Vĩnh Khúc', 326),
(12040, 'Liên Nghĩa', 326),
(12043, 'Tân Tiến', 326),
(12046, 'Thắng Lợi', 326),
(12049, 'Mễ Sở', 326),
(12052, 'Yên Mỹ', 327),
(12055, 'Giai Phạm', 327),
(12058, 'Nghĩa Hiệp', 327),
(12061, 'Đồng Than', 327),
(12064, 'Ngọc Long', 327),
(12067, 'Liêu Xá', 327),
(12070, 'Hoàn Long', 327),
(12073, 'Tân Lập', 327),
(12076, 'Thanh Long', 327),
(12079, 'Yên Phú', 327),
(12082, 'Việt Cường', 327),
(12085, 'Trung Hòa', 327),
(12088, 'Yên Hòa', 327),
(12091, 'Minh Châu', 327),
(12094, 'Trung Hưng', 327),
(12097, 'Lý Thường Kiệt', 327),
(12100, 'Tân Việt', 327),
(12103, 'Bần Yên Nhân', 328),
(12106, 'Phan Đình Phùng', 328),
(12109, 'Cẩm Xá', 328),
(12112, 'Dương Quang', 328),
(12115, 'Hòa Phong', 328),
(12118, 'Nhân Hòa', 328),
(12121, 'Dị Sử', 328),
(12124, 'Bạch Sam', 328),
(12127, 'Minh Đức', 328),
(12130, 'Phùng Chí Kiên', 328),
(12133, 'Xuân Dục', 328),
(12136, 'Ngọc Lâm', 328),
(12139, 'Hưng Long', 328),
(12142, 'Ân Thi', 329),
(12145, 'Phù Ủng', 329),
(12148, 'Bắc Sơn', 329),
(12151, 'Bãi Sậy', 329),
(12154, 'Đào Dương', 329),
(12157, 'Tân Phúc', 329),
(12160, 'Vân Du', 329),
(12163, 'Quang Vinh', 329),
(12166, 'Xuân Trúc', 329),
(12169, 'Hoàng Hoa Thám', 329),
(12172, 'Quảng Lãng', 329),
(12175, 'Văn Nhuệ', 329),
(12178, 'Đặng Lễ', 329),
(12181, 'Cẩm Ninh', 329),
(12184, 'Nguyễn Trãi', 329),
(12187, 'Đa Lộc', 329),
(12190, 'Hồ Tùng Mậu', 329),
(12193, 'Tiền Phong', 329),
(12196, 'Hồng Vân', 329),
(12199, 'Hồng Quang', 329),
(12202, 'Hạ Lễ', 329),
(12205, 'Khoái Châu', 330),
(12208, 'Đông Tảo', 330),
(12211, 'Bình Minh', 330),
(12214, 'Dạ Trạch', 330),
(12217, 'Hàm Tử', 330),
(12220, 'Ông Đình', 330),
(12223, 'Tân Dân', 330),
(12226, 'Tứ Dân', 330),
(12229, 'An Vĩ', 330),
(12232, 'Đông Kết', 330),
(12235, 'Bình Kiều', 330),
(12238, 'Dân Tiến', 330),
(12241, 'Đồng Tiến', 330),
(12244, 'Hồng Tiến', 330),
(12247, 'Tân Châu', 330),
(12250, 'Liên Khê', 330),
(12253, 'Phùng Hưng', 330),
(12256, 'Việt Hòa', 330),
(12259, 'Đông Ninh', 330),
(12262, 'Đại Tập', 330),
(12265, 'Chí Tân', 330),
(12268, 'Đại Hưng', 330),
(12271, 'Thuần Hưng', 330),
(12274, 'Thành Công', 330),
(12277, 'Nhuế Dương', 330),
(12280, 'Lương Bằng', 331),
(12283, 'Nghĩa Dân', 331),
(12286, 'Toàn Thắng', 331),
(12289, 'Vĩnh Xá', 331),
(12292, 'Phạm Ngũ Lão', 331),
(12295, 'Thọ Vinh', 331),
(12298, 'Đồng Thanh', 331),
(12301, 'Song Mai', 331),
(12304, 'Chính Nghĩa', 331),
(12307, 'Nhân La', 331),
(12310, 'Phú Thịnh', 331),
(12313, 'Mai Động', 331),
(12316, 'Đức Hợp', 331),
(12319, 'Hùng An', 331),
(12322, 'Ngọc Thanh', 331),
(12325, 'Vũ Xá', 331),
(12328, 'Hiệp Cường', 331),
(12331, 'Phú Cường', 323),
(12334, 'Hùng Cường', 323),
(12337, 'Vương', 332),
(12340, 'Hưng Đạo', 332),
(12343, 'Ngô Quyền', 332),
(12346, 'Nhật Tân', 332),
(12349, 'Dị Chế', 332),
(12352, 'Lệ Xá', 332),
(12355, 'An Viên', 332),
(12358, 'Đức Thắng', 332),
(12361, 'Trung Dũng', 332),
(12364, 'Hải Triều', 332),
(12367, 'Thủ Sỹ', 332),
(12370, 'Thiện Phiến', 332),
(12373, 'Thụy Lôi', 332),
(12376, 'Cương Chính', 332),
(12379, 'Minh Phượng', 332),
(12382, 'Phương Chiểu', 323),
(12385, 'Tân Hưng', 323),
(12388, 'Hoàng Hanh', 323),
(12391, 'Trần Cao', 333),
(12394, 'Minh Tân', 333),
(12397, 'Phan Sào Nam', 333),
(12400, 'Quang Hưng', 333),
(12403, 'Minh Hoàng', 333),
(12406, 'Đoàn Đào', 333),
(12409, 'Tống Phan', 333),
(12412, 'Đình Cao', 333),
(12415, 'Nhật Quang', 333),
(12418, 'Tiền Tiến', 333),
(12421, 'Tam Đa', 333),
(12424, 'Minh Tiến', 333),
(12427, 'Nguyên Hòa', 333),
(12430, 'Tống Trân', 333),
(12433, 'Lê Hồng Phong', 336),
(12436, 'Bồ Xuyên', 336),
(12439, 'Đề Thám', 336),
(12442, 'Kỳ Bá', 336),
(12445, 'Quang Trung', 336),
(12448, 'Phú Khánh', 336),
(12451, 'Tiền Phong', 336),
(12452, 'Trần Hưng Đạo', 336),
(12454, 'Trần Lãm', 336),
(12457, 'Đông Hòa', 336),
(12460, 'Hoàng Diệu', 336),
(12463, 'Phú Xuân', 336),
(12466, 'Vũ Phúc', 336),
(12469, 'Vũ Chính', 336),
(12472, 'Quỳnh Côi', 338),
(12475, 'An Khê', 338),
(12478, 'An Đồng', 338),
(12481, 'Quỳnh Hoa', 338),
(12484, 'Quỳnh Lâm', 338),
(12487, 'Quỳnh Thọ', 338),
(12490, 'An Hiệp', 338),
(12493, 'Quỳnh Hoàng', 338),
(12496, 'Quỳnh Giao', 338),
(12499, 'An Thái', 338),
(12502, 'An Cầu', 338),
(12505, 'Quỳnh Hồng', 338),
(12508, 'Quỳnh Khê', 338),
(12511, 'Quỳnh Minh', 338),
(12514, 'An Ninh', 338),
(12517, 'Quỳnh Ngọc', 338),
(12520, 'Quỳnh Hải', 338),
(12523, 'An Bài', 338),
(12526, 'An Ấp', 338),
(12529, 'Quỳnh Hội', 338),
(12532, 'Châu Sơn', 338),
(12535, 'Quỳnh Mỹ', 338),
(12538, 'An Quí', 338),
(12541, 'An Thanh', 338),
(12547, 'An Vũ', 338),
(12550, 'An Lễ', 338),
(12553, 'Quỳnh Hưng', 338),
(12556, 'Quỳnh Bảo', 338),
(12559, 'An Mỹ', 338),
(12562, 'Quỳnh Nguyên', 338),
(12565, 'An Vinh', 338),
(12568, 'Quỳnh Xá', 338),
(12571, 'An Dục', 338),
(12574, 'Đông Hải', 338),
(12577, 'Quỳnh Trang', 338),
(12580, 'An Tràng', 338),
(12583, 'Đồng Tiến', 338),
(12586, 'Hưng Hà', 339),
(12589, 'Điệp Nông', 339),
(12592, 'Tân Lễ', 339),
(12595, 'Cộng Hòa', 339),
(12598, 'Dân Chủ', 339),
(12601, 'Canh Tân', 339),
(12604, 'Hòa Tiến', 339),
(12607, 'Hùng Dũng', 339),
(12610, 'Tân Tiến', 339),
(12613, 'Hưng Nhân', 339),
(12616, 'Đoan Hùng', 339),
(12619, 'Duyên Hải', 339),
(12622, 'Tân Hòa', 339),
(12625, 'Văn Cẩm', 339),
(12628, 'Bắc Sơn', 339),
(12631, 'Đông Đô', 339),
(12634, 'Phúc Khánh', 339),
(12637, 'Liên Hiệp', 339),
(12640, 'Tây Đô', 339),
(12643, 'Thống Nhất', 339),
(12646, 'Tiến Đức', 339),
(12649, 'Thái Hưng', 339),
(12652, 'Thái Phương', 339),
(12655, 'Hòa Bình', 339),
(12656, 'Chi Lăng', 339),
(12658, 'Minh Khai', 339),
(12661, 'Hồng An', 339),
(12664, 'Kim Chung', 339),
(12667, 'Hồng Lĩnh', 339),
(12670, 'Minh Tân', 339),
(12673, 'Văn Lang', 339),
(12676, 'Độc Lập', 339),
(12679, 'Chí Hòa', 339),
(12682, 'Minh Hòa', 339),
(12685, 'Hồng Minh', 339),
(12688, 'Đông Hưng', 340),
(12691, 'Đô Lương', 340),
(12694, 'Đông Phương', 340),
(12697, 'Liên Giang', 340),
(12700, 'An Châu', 340),
(12703, 'Đông Sơn', 340),
(12706, 'Đông Cường', 340),
(12709, 'Phú Lương', 340),
(12712, 'Mê Linh', 340),
(12715, 'Lô Giang', 340),
(12718, 'Đông La', 340),
(12721, 'Minh Tân', 340),
(12724, 'Đông Xá', 340),
(12727, 'Chương Dương', 340),
(12730, 'Nguyên Xá', 340),
(12733, 'Phong Châu', 340),
(12736, 'Hợp Tiến', 340),
(12739, 'Hồng Việt', 340),
(12745, 'Hà Giang', 340),
(12748, 'Đông Kinh', 340),
(12751, 'Đông Hợp', 340),
(12754, 'Thăng Long', 340),
(12757, 'Đông Các', 340),
(12760, 'Phú Châu', 340),
(12763, 'Liên Hoa', 340),
(12769, 'Đông Tân', 340),
(12772, 'Đông Vinh', 340),
(12775, 'Đông Động', 340),
(12778, 'Hồng Bạch', 340),
(12784, 'Trọng Quan', 340),
(12790, 'Hồng Giang', 340),
(12793, 'Đông Quan', 340),
(12796, 'Đông Quang', 340),
(12799, 'Đông Xuân', 340),
(12802, 'Đông Á', 340),
(12808, 'Đông Hoàng', 340),
(12811, 'Đông Dương', 340),
(12817, 'Đông Mỹ', 336),
(12820, 'Đông Thọ', 336),
(12823, 'Minh Phú', 340),
(12826, 'Diêm Điền', 341),
(12832, 'Thụy Trường', 341),
(12841, 'Hồng Dũng', 341),
(12844, 'Thụy Quỳnh', 341),
(12847, 'An Tân', 341),
(12850, 'Thụy Ninh', 341),
(12853, 'Thụy Hưng', 341),
(12856, 'Thụy Việt', 341),
(12859, 'Thụy Văn', 341),
(12862, 'Thụy Xuân', 341),
(12865, 'Dương Phúc', 341),
(12868, 'Thụy Trình', 341),
(12871, 'Thụy Bình', 341),
(12874, 'Thụy Chính', 341),
(12877, 'Thụy Dân', 341),
(12880, 'Thụy Hải', 341),
(12889, 'Thụy Liên', 341),
(12892, 'Thụy Duyên', 341),
(12898, 'Thụy Thanh', 341),
(12901, 'Thụy Sơn', 341),
(12904, 'Thụy Phong', 341),
(12907, 'Thái Thượng', 341),
(12910, 'Thái Nguyên', 341),
(12916, 'Dương Hồng  Thủy', 341),
(12919, 'Thái Giang', 341),
(12922, 'Hòa An', 341),
(12925, 'Sơn Hà', 341),
(12934, 'Thái Phúc', 341),
(12937, 'Thái Hưng', 341),
(12940, 'Thái Đô', 341),
(12943, 'Thái Xuyên', 341),
(12949, ' Mỹ Lộc', 341),
(12958, 'Tân Học', 341),
(12961, 'Thái Thịnh', 341),
(12964, 'Thuần Thành', 341),
(12967, 'Thái Thọ', 341),
(12970, 'Tiền Hải', 342),
(12976, 'Đông Trà', 342),
(12979, 'Đông Long', 342),
(12982, 'Đông Quí', 342),
(12985, 'Vũ Lăng', 342),
(12988, 'Đông Xuyên', 342),
(12991, 'Tây Lương', 342),
(12994, 'Tây Ninh', 342),
(12997, 'Đông Trung', 342),
(13000, 'Đông Hoàng', 342),
(13003, 'Đông Minh', 342),
(13009, 'Đông Phong', 342),
(13012, 'An Ninh', 342),
(13018, 'Đông Cơ', 342),
(13021, 'Tây Giang', 342),
(13024, 'Đông Lâm', 342),
(13027, 'Phương Công', 342),
(13030, 'Tây Phong', 342),
(13033, 'Tây Tiến', 342),
(13036, 'Nam Cường', 342),
(13039, 'Vân Trường', 342),
(13042, 'Nam Thắng', 342),
(13045, 'Nam Chính', 342),
(13048, 'Bắc Hải', 342),
(13051, 'Nam Thịnh', 342),
(13054, 'Nam Hà', 342),
(13057, 'Nam Thanh', 342),
(13060, 'Nam Trung', 342),
(13063, 'Nam Hồng', 342),
(13066, 'Nam Hưng', 342),
(13069, 'Nam Hải', 342),
(13072, 'Nam Phú', 342),
(13075, 'Kiến Xương', 343),
(13078, 'Trà Giang', 343),
(13081, 'Quốc Tuấn', 343),
(13084, 'Vũ Đông', 336),
(13087, 'An Bình', 343),
(13090, 'Tây Sơn', 343),
(13093, 'Hồng Thái', 343),
(13096, 'Bình Nguyên', 343),
(13102, 'Lê Lợi', 343),
(13108, 'Vũ Lạc', 336),
(13111, 'Vũ Lễ', 343),
(13114, 'Thanh Tân', 343),
(13117, 'Thượng Hiền', 343),
(13120, 'Nam Cao', 343),
(13123, 'Đình Phùng', 343),
(13126, 'Vũ Ninh', 343),
(13129, 'Vũ An', 343),
(13132, 'Quang Lịch', 343),
(13135, 'Hòa Bình', 343),
(13138, 'Bình Minh', 343),
(13141, 'Vũ Quí', 343),
(13144, 'Quang Bình', 343),
(13150, 'Vũ Trung', 343),
(13153, 'Vũ Thắng', 343),
(13156, 'Vũ Công', 343),
(13159, 'Vũ Hòa', 343),
(13162, 'Quang Minh', 343),
(13165, 'Quang Trung', 343),
(13171, 'Minh Quang', 343),
(13174, 'Vũ Bình', 343),
(13177, 'Minh Tân', 343),
(13180, 'Nam Bình', 343),
(13183, 'Bình Thanh', 343),
(13186, 'Bình Định', 343),
(13189, 'Hồng Tiến', 343),
(13192, 'Vũ Thư', 344),
(13195, 'Hồng Lý', 344),
(13198, 'Đồng Thanh', 344),
(13201, 'Xuân Hòa', 344),
(13204, 'Hiệp Hòa', 344),
(13207, 'Phúc Thành', 344),
(13210, 'Tân Phong', 344),
(13213, 'Song Lãng', 344),
(13216, 'Tân Hòa', 344),
(13219, 'Việt Hùng', 344),
(13222, 'Minh Lãng', 344),
(13225, 'Tân Bình', 336),
(13228, 'Minh Khai', 344),
(13231, 'Dũng Nghĩa', 344),
(13234, 'Minh Quang', 344),
(13237, 'Tam Quang', 344),
(13240, 'Tân Lập', 344),
(13243, 'Bách Thuận', 344),
(13246, 'Tự Tân', 344),
(13249, 'Song An', 344),
(13252, 'Trung An', 344),
(13255, 'Vũ Hội', 344),
(13258, 'Hòa Bình', 344),
(13261, 'Nguyên Xá', 344),
(13264, 'Việt Thuận', 344),
(13267, 'Vũ Vinh', 344),
(13270, 'Vũ Đoài', 344),
(13273, 'Vũ Tiến', 344),
(13276, 'Vũ Vân', 344),
(13279, 'Duy Nhất', 344),
(13282, 'Hồng Phong', 344),
(13285, 'Quang Trung', 347),
(13288, 'Lương Khánh Thiện', 347),
(13291, 'Lê Hồng Phong', 347),
(13294, 'Minh Khai', 347),
(13297, 'Hai Bà Trưng', 347),
(13300, 'Trần Hưng Đạo', 347),
(13303, 'Lam Hạ', 347),
(13306, 'Phù Vân', 347),
(13309, 'Liêm Chính', 347),
(13312, 'Liêm Chung', 347),
(13315, 'Thanh Châu', 347),
(13318, 'Châu Sơn', 347),
(13321, 'Đồng Văn', 349),
(13324, 'Hòa Mạc', 349),
(13327, 'Mộc Bắc', 349),
(13330, 'Châu Giang', 349),
(13333, 'Bạch Thượng', 349),
(13336, 'Duy Minh', 349),
(13339, 'Mộc Nam', 349),
(13342, 'Duy Hải', 349),
(13345, 'Chuyên Ngoại', 349),
(13348, 'Yên Bắc', 349),
(13351, 'Trác Văn', 349),
(13354, 'Tiên Nội', 349),
(13357, 'Hoàng Đông', 349),
(13360, 'Yên Nam', 349),
(13363, 'Tiên Ngoại', 349),
(13366, 'Tiên Tân', 347),
(13369, 'Tiên Sơn', 349),
(13372, 'Tiên Hiệp', 347),
(13381, 'Tiên Hải', 347),
(13384, 'Quế', 350),
(13387, 'Nguyễn Úy', 350),
(13390, 'Đại Cương', 350),
(13393, 'Lê Hồ', 350),
(13396, 'Tượng Lĩnh', 350),
(13399, 'Nhật Tựu', 350),
(13402, 'Nhật Tân', 350),
(13405, 'Đồng Hóa', 350),
(13408, 'Hoàng Tây', 350),
(13411, 'Tân Sơn', 350),
(13414, 'Thụy Lôi', 350),
(13417, 'Văn Xá', 350),
(13420, 'Khả Phong', 350),
(13423, 'Ngọc Sơn', 350),
(13426, 'Kim Bình', 347),
(13429, 'Ba Sao', 350),
(13432, 'Liên Sơn', 350),
(13435, 'Thi Sơn', 350),
(13438, 'Thanh Sơn', 350),
(13441, 'Kiện Khê', 351),
(13444, 'Liêm Tuyền', 347),
(13447, 'Liêm Tiết', 347),
(13450, 'Liêm Phong', 351),
(13453, 'Thanh Hà', 351),
(13456, 'Liêm Cần', 351),
(13459, 'Thanh Tuyền', 347),
(13465, 'Liêm Thuận', 351),
(13468, 'Thanh Thủy', 351),
(13471, 'Thanh Phong', 351),
(13474, 'Tân Thanh', 351),
(13477, 'Thanh Tân', 351),
(13480, 'Liêm Túc', 351),
(13483, 'Liêm Sơn', 351),
(13486, 'Thanh Hương', 351),
(13489, 'Thanh Nghị', 351),
(13492, 'Thanh Tâm', 351),
(13495, 'Thanh Nguyên', 351),
(13498, 'Thanh Hải', 351);
INSERT INTO `sub_districts` (`id`, `name`, `district_id`) VALUES
(13501, 'Bình Mỹ', 352),
(13504, 'Bình Nghĩa', 352),
(13507, 'Đinh Xá', 347),
(13510, 'Tràng An', 352),
(13513, 'Trịnh Xá', 347),
(13516, 'Đồng Du', 352),
(13519, 'Ngọc Lũ', 352),
(13522, 'Hưng Công', 352),
(13525, 'Đồn Xá', 352),
(13528, 'An Ninh', 352),
(13531, 'Bồ Đề', 352),
(13534, 'Bối Cầu', 352),
(13540, 'An Nội', 352),
(13543, 'Vũ Bản', 352),
(13546, 'Trung Lương', 352),
(13552, 'An Đổ', 352),
(13555, 'La Sơn', 352),
(13558, 'Tiêu Động', 352),
(13561, 'An Lão', 352),
(13567, 'Hợp Lý', 353),
(13570, 'Nguyên Lý', 353),
(13573, 'Chính Lý', 353),
(13576, 'Chân Lý', 353),
(13579, 'Đạo Lý', 353),
(13582, 'Công Lý', 353),
(13585, 'Văn Lý', 353),
(13588, 'Bắc Lý', 353),
(13591, 'Đức Lý', 353),
(13594, 'Trần Hưng Đạo', 353),
(13597, 'Vĩnh Trụ', 353),
(13600, 'Nhân Thịnh', 353),
(13606, 'Nhân Khang', 353),
(13609, 'Nhân Mỹ', 353),
(13612, 'Nhân Nghĩa', 353),
(13615, 'Nhân Chính', 353),
(13618, 'Nhân Bình', 353),
(13621, 'Phú Phúc', 353),
(13624, 'Xuân Khê', 353),
(13627, 'Tiến Thắng', 353),
(13630, 'Hòa Hậu', 353),
(13633, 'Hạ Long', 356),
(13636, 'Trần Tế Xương', 356),
(13639, 'Vị Hoàng', 356),
(13642, 'Vị Xuyên', 356),
(13645, 'Quang Trung', 356),
(13648, 'Cửa Bắc', 356),
(13651, 'Nguyễn Du', 356),
(13654, 'Bà Triệu', 356),
(13657, 'Trường Thi', 356),
(13660, 'Phan Đình Phùng', 356),
(13663, 'Ngô Quyền', 356),
(13666, 'Trần Hưng Đạo', 356),
(13669, 'Trần Đăng Ninh', 356),
(13672, 'Năng Tĩnh', 356),
(13675, 'Văn Miếu', 356),
(13678, 'Trần Quang Khải', 356),
(13681, 'Thống Nhất', 356),
(13684, 'Lộc Hạ', 356),
(13687, 'Lộc Vượng', 356),
(13690, 'Cửa Nam', 356),
(13693, 'Lộc Hòa', 356),
(13696, 'Nam Phong', 356),
(13699, 'Mỹ Xá', 356),
(13702, 'Lộc An', 356),
(13705, 'Nam Vân', 356),
(13708, 'Mỹ Lộc', 358),
(13711, 'Mỹ Hà', 358),
(13714, 'Mỹ Tiến', 358),
(13717, 'Mỹ Thắng', 358),
(13720, 'Mỹ Trung', 358),
(13723, 'Mỹ Tân', 358),
(13726, 'Mỹ Phúc', 358),
(13729, 'Mỹ Hưng', 358),
(13732, 'Mỹ Thuận', 358),
(13735, 'Mỹ Thịnh', 358),
(13738, 'Mỹ Thành', 358),
(13741, 'Gôi', 359),
(13744, 'Minh Thuận', 359),
(13747, 'Hiển Khánh', 359),
(13750, 'Tân Khánh', 359),
(13753, 'Hợp Hưng', 359),
(13756, 'Đại An', 359),
(13759, 'Tân Thành', 359),
(13762, 'Cộng Hòa', 359),
(13765, 'Trung Thành', 359),
(13768, 'Quang Trung', 359),
(13771, 'Minh Tân', 359),
(13774, 'Liên Bảo', 359),
(13777, 'Thành Lợi', 359),
(13780, 'Kim Thái', 359),
(13783, 'Liên Minh', 359),
(13786, 'Đại Thắng', 359),
(13789, 'Tam Thanh', 359),
(13792, 'Vĩnh Hào', 359),
(13795, 'Lâm', 360),
(13798, 'Yên Trung', 360),
(13801, 'Yên Thành', 360),
(13804, 'Yên Tân', 360),
(13807, 'Yên Lợi', 360),
(13810, 'Yên Thọ', 360),
(13813, 'Yên Nghĩa', 360),
(13816, 'Yên Minh', 360),
(13819, 'Yên Phương', 360),
(13822, 'Yên Chính', 360),
(13825, 'Yên Bình', 360),
(13828, 'Yên Phú', 360),
(13831, 'Yên Mỹ', 360),
(13834, 'Yên Dương', 360),
(13840, 'Yên Hưng', 360),
(13843, 'Yên Khánh', 360),
(13846, 'Yên Phong', 360),
(13849, 'Yên Ninh', 360),
(13852, 'Yên Lương', 360),
(13855, 'Yên Hồng', 360),
(13858, 'Yên Quang', 360),
(13861, 'Yên Tiến', 360),
(13864, 'Yên Thắng', 360),
(13867, 'Yên Phúc', 360),
(13870, 'Yên Cường', 360),
(13873, 'Yên Lộc', 360),
(13876, 'Yên Bằng', 360),
(13879, 'Yên Đồng', 360),
(13882, 'Yên Khang', 360),
(13885, 'Yên Nhân', 360),
(13888, 'Yên Trị', 360),
(13891, 'Liễu Đề', 361),
(13894, 'Rạng Đông', 361),
(13897, 'Nghĩa Đồng', 361),
(13900, 'Nghĩa Thịnh', 361),
(13903, 'Nghĩa Minh', 361),
(13906, 'Nghĩa Thái', 361),
(13909, 'Hoàng Nam', 361),
(13912, 'Nghĩa Châu', 361),
(13915, 'Nghĩa Trung', 361),
(13918, 'Nghĩa Sơn', 361),
(13921, 'Nghĩa Lạc', 361),
(13924, 'Nghĩa Hồng', 361),
(13927, 'Nghĩa Phong', 361),
(13930, 'Nghĩa Phú', 361),
(13933, 'Nghĩa Bình', 361),
(13936, 'Quỹ Nhất', 361),
(13939, 'Nghĩa Tân', 361),
(13942, 'Nghĩa Hùng', 361),
(13945, 'Nghĩa Lâm', 361),
(13948, 'Nghĩa Thành', 361),
(13951, 'Phúc Thắng', 361),
(13954, 'Nghĩa Lợi', 361),
(13957, 'Nghĩa Hải', 361),
(13963, 'Nam Điền', 361),
(13966, 'Nam Giang', 362),
(13969, 'Nam Mỹ', 362),
(13972, 'Điền Xá', 362),
(13975, 'Nghĩa An', 362),
(13978, 'Nam Thắng', 362),
(13981, 'Nam Toàn', 362),
(13984, 'Hồng Quang', 362),
(13987, 'Tân Thịnh', 362),
(13990, 'Nam Cường', 362),
(13993, 'Nam Hồng', 362),
(13996, 'Nam Hùng', 362),
(13999, 'Nam Hoa', 362),
(14002, 'Nam Dương', 362),
(14005, 'Nam Thanh', 362),
(14008, 'Nam Lợi', 362),
(14011, 'Bình Minh', 362),
(14014, 'Đồng Sơn', 362),
(14017, 'Nam Tiến', 362),
(14020, 'Nam Hải', 362),
(14023, 'Nam Thái', 362),
(14026, 'Cổ Lễ', 363),
(14029, 'Phương Định', 363),
(14032, 'Trực Chính', 363),
(14035, 'Trung Đông', 363),
(14038, 'Liêm Hải', 363),
(14041, 'Trực Tuấn', 363),
(14044, 'Việt Hùng', 363),
(14047, 'Trực Đạo', 363),
(14050, 'Trực Hưng', 363),
(14053, 'Trực Nội', 363),
(14056, 'Cát Thành', 363),
(14059, 'Trực Thanh', 363),
(14062, 'Trực Khang', 363),
(14065, 'Trực Thuận', 363),
(14068, 'Trực Mỹ', 363),
(14071, 'Trực Đại', 363),
(14074, 'Trực Cường', 363),
(14077, 'Ninh Cường', 363),
(14080, 'Trực Thái', 363),
(14083, 'Trực Hùng', 363),
(14086, 'Trực Thắng', 363),
(14089, 'Xuân Trường', 364),
(14092, 'Xuân Châu', 364),
(14095, 'Xuân Hồng', 364),
(14098, 'Xuân Thành', 364),
(14101, 'Xuân Thượng', 364),
(14104, 'Xuân Phong', 364),
(14107, 'Xuân Đài', 364),
(14110, 'Xuân Tân', 364),
(14113, 'Xuân Thủy', 364),
(14116, 'Xuân Ngọc', 364),
(14119, 'Xuân Bắc', 364),
(14122, 'Xuân Phương', 364),
(14125, 'Thọ Nghiệp', 364),
(14128, 'Xuân Phú', 364),
(14131, 'Xuân Trung', 364),
(14134, 'Xuân Vinh', 364),
(14137, 'Xuân Kiên', 364),
(14140, 'Xuân Tiến', 364),
(14143, 'Xuân Ninh', 364),
(14146, 'Xuân Hòa', 364),
(14149, 'Ngô Đồng', 365),
(14152, 'Quất Lâm', 365),
(14155, 'Giao Hương', 365),
(14158, 'Hồng Thuận', 365),
(14161, 'Giao Thiện', 365),
(14164, 'Giao Thanh', 365),
(14167, 'Hoành Sơn', 365),
(14170, 'Bình Hòa', 365),
(14173, 'Giao Tiến', 365),
(14176, 'Giao Hà', 365),
(14179, 'Giao Nhân', 365),
(14182, 'Giao An', 365),
(14185, 'Giao Lạc', 365),
(14188, 'Giao Châu', 365),
(14191, 'Giao Tân', 365),
(14194, 'Giao Yến', 365),
(14197, 'Giao Xuân', 365),
(14200, 'Giao Thịnh', 365),
(14203, 'Giao Hải', 365),
(14206, 'Bạch Long', 365),
(14209, 'Giao Long', 365),
(14212, 'Giao Phong', 365),
(14215, 'Yên Định', 366),
(14218, 'Cồn', 366),
(14221, 'Thịnh Long', 366),
(14224, 'Hải Nam', 366),
(14227, 'Hải Trung', 366),
(14230, 'Hải Vân', 366),
(14233, 'Hải Minh', 366),
(14236, 'Hải Anh', 366),
(14239, 'Hải Hưng', 366),
(14242, 'Hải Bắc', 366),
(14245, 'Hải Phúc', 366),
(14248, 'Hải Thanh', 366),
(14251, 'Hải Hà', 366),
(14254, 'Hải Long', 366),
(14257, 'Hải Phương', 366),
(14260, 'Hải Đường', 366),
(14263, 'Hải Lộc', 366),
(14266, 'Hải Quang', 366),
(14269, 'Hải Đông', 366),
(14272, 'Hải Sơn', 366),
(14275, 'Hải Tân', 366),
(14281, 'Hải Phong', 366),
(14284, 'Hải An', 366),
(14287, 'Hải Tây', 366),
(14290, 'Hải Lý', 366),
(14293, 'Hải Phú', 366),
(14296, 'Hải Giang', 366),
(14299, 'Hải Cường', 366),
(14302, 'Hải Ninh', 366),
(14305, 'Hải Chính', 366),
(14308, 'Hải Xuân', 366),
(14311, 'Hải Châu', 366),
(14314, 'Hải Triều', 366),
(14317, 'Hải Hòa', 366),
(14320, 'Đông Thành', 369),
(14323, 'Tân Thành', 369),
(14326, 'Thanh Bình', 369),
(14329, 'Vân Giang', 369),
(14332, 'Bích Đào', 369),
(14335, 'Phúc Thành', 369),
(14338, 'Nam Bình', 369),
(14341, 'Nam Thành', 369),
(14344, 'Ninh Khánh', 369),
(14347, 'Ninh Nhất', 369),
(14350, 'Ninh Tiến', 369),
(14353, 'Ninh Phúc', 369),
(14356, 'Ninh Sơn', 369),
(14359, 'Ninh Phong', 369),
(14362, 'Bắc Sơn', 370),
(14365, 'Trung Sơn', 370),
(14368, 'Nam Sơn', 370),
(14369, 'Tây Sơn', 370),
(14371, 'Yên Sơn', 370),
(14374, 'Yên Bình', 370),
(14375, 'Tân Bình', 370),
(14377, 'Quang Sơn', 370),
(14380, 'Đông Sơn', 370),
(14383, 'Nho Quan', 372),
(14386, 'Xích Thổ', 372),
(14389, 'Gia Lâm', 372),
(14392, 'Gia Sơn', 372),
(14395, 'Thạch Bình', 372),
(14398, 'Gia Thủy', 372),
(14401, 'Gia Tường', 372),
(14404, 'Cúc Phương', 372),
(14407, 'Phú Sơn', 372),
(14410, 'Đức Long', 372),
(14413, 'Lạc Vân', 372),
(14416, 'Đồng Phong', 372),
(14419, 'Yên Quang', 372),
(14422, 'Lạng Phong', 372),
(14425, 'Thượng Hòa', 372),
(14428, 'Văn Phong', 372),
(14431, 'Văn Phương', 372),
(14434, 'Thanh Lạc', 372),
(14437, 'Sơn Lai', 372),
(14440, 'Sơn Thành', 372),
(14443, 'Văn Phú', 372),
(14446, 'Phú Lộc', 372),
(14449, 'Kỳ Phú', 372),
(14452, 'Quỳnh Lưu', 372),
(14455, 'Sơn Hà', 372),
(14458, 'Phú Long', 372),
(14461, 'Quảng Lạc', 372),
(14464, 'Me', 373),
(14467, 'Gia Hòa', 373),
(14470, 'Gia Hưng', 373),
(14473, 'Liên Sơn', 373),
(14476, 'Gia Thanh', 373),
(14479, 'Gia Vân', 373),
(14482, 'Gia Phú', 373),
(14485, 'Gia Xuân', 373),
(14488, 'Gia Lập', 373),
(14491, 'Gia Vượng', 373),
(14494, 'Gia Trấn', 373),
(14497, 'Gia Thịnh', 373),
(14500, 'Gia Phương', 373),
(14503, 'Gia Tân', 373),
(14506, 'Gia Thắng', 373),
(14509, 'Gia Trung', 373),
(14512, 'Gia Minh', 373),
(14515, 'Gia Lạc', 373),
(14518, 'Gia Tiến', 373),
(14521, 'Gia Sinh', 373),
(14524, 'Gia Phong', 373),
(14527, 'Thiên Tôn', 374),
(14530, 'Ninh Giang', 374),
(14533, 'Trường Yên', 374),
(14536, 'Ninh Khang', 374),
(14539, 'Ninh Mỹ', 374),
(14542, 'Ninh Hòa', 374),
(14545, 'Ninh Xuân', 374),
(14548, 'Ninh Hải', 374),
(14551, 'Ninh Thắng', 374),
(14554, 'Ninh Vân', 374),
(14557, 'Ninh An', 374),
(14560, 'Yên Ninh', 375),
(14563, 'Khánh Tiên', 375),
(14566, 'Khánh Phú', 375),
(14569, 'Khánh Hòa', 375),
(14572, 'Khánh Lợi', 375),
(14575, 'Khánh An', 375),
(14578, 'Khánh Cường', 375),
(14581, 'Khánh Cư', 375),
(14584, 'Khánh Thiện', 375),
(14587, 'Khánh Hải', 375),
(14590, 'Khánh Trung', 375),
(14593, 'Khánh Mậu', 375),
(14596, 'Khánh Vân', 375),
(14599, 'Khánh Hội', 375),
(14602, 'Khánh Công', 375),
(14608, 'Khánh Thành', 375),
(14611, 'Khánh Nhạc', 375),
(14614, 'Khánh Thủy', 375),
(14617, 'Khánh Hồng', 375),
(14620, 'Phát Diệm', 376),
(14623, 'Bình Minh', 376),
(14629, 'Hồi Ninh', 376),
(14632, 'Xuân Chính', 376),
(14635, 'Kim Định', 376),
(14638, 'Ân Hòa', 376),
(14641, 'Hùng Tiến', 376),
(14647, 'Quang Thiện', 376),
(14650, 'Như Hòa', 376),
(14653, 'Chất Bình', 376),
(14656, 'Đồng Hướng', 376),
(14659, 'Kim Chính', 376),
(14662, 'Thượng Kiệm', 376),
(14665, 'Lưu Phương', 376),
(14668, 'Tân Thành', 376),
(14671, 'Yên Lộc', 376),
(14674, 'Lai Thành', 376),
(14677, 'Định Hóa', 376),
(14680, 'Văn Hải', 376),
(14683, 'Kim Tân', 376),
(14686, 'Kim Mỹ', 376),
(14689, 'Cồn Thoi', 376),
(14692, 'Kim Hải', 376),
(14695, 'Kim Trung', 376),
(14698, 'Kim Đông', 376),
(14701, 'Yên Thịnh', 377),
(14704, 'Khánh Thượng', 377),
(14707, 'Khánh Dương', 377),
(14710, 'Mai Sơn', 377),
(14713, 'Khánh Thịnh', 377),
(14719, 'Yên Phong', 377),
(14722, 'Yên Hòa', 377),
(14725, 'Yên Thắng', 377),
(14728, 'Yên Từ', 377),
(14731, 'Yên Hưng', 377),
(14734, 'Yên Thành', 377),
(14737, 'Yên Nhân', 377),
(14740, 'Yên Mỹ', 377),
(14743, 'Yên Mạc', 377),
(14746, 'Yên Đồng', 377),
(14749, 'Yên Thái', 377),
(14752, 'Yên Lâm', 377),
(14755, 'Hàm Rồng', 380),
(14758, 'Đông Thọ', 380),
(14761, 'Nam Ngạn', 380),
(14764, 'Trường Thi', 380),
(14767, 'Điện Biên', 380),
(14770, 'Phú Sơn', 380),
(14773, 'Lam Sơn', 380),
(14776, 'Ba Đình', 380),
(14779, 'Ngọc Trạo', 380),
(14782, 'Đông Vệ', 380),
(14785, 'Đông Sơn', 380),
(14788, 'Tân Sơn', 380),
(14791, 'Đông Cương', 380),
(14794, 'Đông Hương', 380),
(14797, 'Đông Hải', 380),
(14800, 'Quảng Hưng', 380),
(14803, 'Quảng Thắng', 380),
(14806, 'Quảng Thành', 380),
(14809, 'Bắc Sơn', 381),
(14812, 'Ba Đình', 381),
(14815, 'Lam Sơn', 381),
(14818, 'Ngọc Trạo', 381),
(14821, 'Đông Sơn', 381),
(14823, 'Phú Sơn', 381),
(14824, 'Quang Trung', 381),
(14830, 'Trung Sơn', 382),
(14833, 'Bắc Sơn', 382),
(14836, 'Trường Sơn', 382),
(14839, 'Quảng Cư', 382),
(14842, 'Quảng Tiến', 382),
(14845, 'Mường Lát', 384),
(14848, 'Tam Chung', 384),
(14854, 'Mường Lý', 384),
(14857, 'Trung Lý', 384),
(14860, 'Quang Chiểu', 384),
(14863, 'Pù Nhi', 384),
(14864, 'Nhi Sơn', 384),
(14866, 'Mường Chanh', 384),
(14869, 'Hồi Xuân', 385),
(14872, 'Thành Sơn', 385),
(14875, 'Trung Sơn', 385),
(14878, 'Phú Thanh', 385),
(14881, 'Trung Thành', 385),
(14884, 'Phú Lệ', 385),
(14887, 'Phú Sơn', 385),
(14890, 'Phú Xuân', 385),
(14896, 'Hiền Chung', 385),
(14899, 'Hiền Kiệt', 385),
(14902, 'Nam Tiến', 385),
(14908, 'Thiên Phủ', 385),
(14911, 'Phú Nghiêm', 385),
(14914, 'Nam Xuân', 385),
(14917, 'Nam Động', 385),
(14923, 'Cành Nàng', 386),
(14926, 'Điền Thượng', 386),
(14929, 'Điền Hạ', 386),
(14932, 'Điền Quang', 386),
(14935, 'Điền Trung', 386),
(14938, 'Thành Sơn', 386),
(14941, 'Lương Ngoại', 386),
(14944, 'Ái Thượng', 386),
(14947, 'Lương Nội', 386),
(14950, 'Điền Lư', 386),
(14953, 'Lương Trung', 386),
(14956, 'Lũng Niêm', 386),
(14959, 'Lũng Cao', 386),
(14962, 'Hạ Trung', 386),
(14965, 'Cổ Lũng', 386),
(14968, 'Thành Lâm', 386),
(14971, 'Ban Công', 386),
(14974, 'Kỳ Tân', 386),
(14977, 'Văn Nho', 386),
(14980, 'Thiết Ống', 386),
(14986, 'Thiết Kế', 386),
(14995, 'Trung Xuân', 387),
(14998, 'Trung Thượng', 387),
(14999, 'Trung Tiến', 387),
(15001, 'Trung Hạ', 387),
(15004, 'Sơn Hà', 387),
(15007, 'Tam Thanh', 387),
(15010, 'Sơn Thủy', 387),
(15013, 'Na Mèo', 387),
(15016, 'Sơn Lư', 387),
(15019, 'Tam Lư', 387),
(15022, 'Sơn Điện', 387),
(15025, 'Mường Mìn', 387),
(15031, 'Yên Khương', 388),
(15034, 'Yên Thắng', 388),
(15037, 'Trí Nang', 388),
(15040, 'Giao An', 388),
(15043, 'Giao Thiện', 388),
(15046, 'Tân Phúc', 388),
(15049, 'Tam Văn', 388),
(15052, 'Lâm Phú', 388),
(15055, 'Lang Chánh', 388),
(15058, 'Đồng Lương', 388),
(15061, 'Ngọc Lặc', 389),
(15064, 'Lam Sơn', 389),
(15067, 'Mỹ Tân', 389),
(15070, 'Thúy Sơn', 389),
(15073, 'Thạch Lập', 389),
(15076, 'Vân Âm', 389),
(15079, 'Cao Ngọc', 389),
(15085, 'Quang Trung', 389),
(15088, 'Đồng Thịnh', 389),
(15091, 'Ngọc Liên', 389),
(15094, 'Ngọc Sơn', 389),
(15097, 'Lộc Thịnh', 389),
(15100, 'Cao Thịnh', 389),
(15103, 'Ngọc Trung', 389),
(15106, 'Phùng Giáo', 389),
(15109, 'Phùng Minh', 389),
(15112, 'Phúc Thịnh', 389),
(15115, 'Nguyệt Ấn', 389),
(15118, 'Kiên Thọ', 389),
(15121, 'Minh Tiến', 389),
(15124, 'Minh Sơn', 389),
(15127, 'Phong Sơn', 390),
(15133, 'Cẩm Thành', 390),
(15136, 'Cẩm Quý', 390),
(15139, 'Cẩm Lương', 390),
(15142, 'Cẩm Thạch', 390),
(15145, 'Cẩm Liên', 390),
(15148, 'Cẩm Giang', 390),
(15151, 'Cẩm Bình', 390),
(15154, 'Cẩm Tú', 390),
(15160, 'Cẩm Châu', 390),
(15163, 'Cẩm Tâm', 390),
(15169, 'Cẩm Ngọc', 390),
(15172, 'Cẩm Long', 390),
(15175, 'Cẩm Yên', 390),
(15178, 'Cẩm Tân', 390),
(15181, 'Cẩm Phú', 390),
(15184, 'Cẩm Vân', 390),
(15187, 'Kim Tân', 391),
(15190, 'Vân Du', 391),
(15196, 'Thạch Lâm', 391),
(15199, 'Thạch Quảng', 391),
(15202, 'Thạch Tượng', 391),
(15205, 'Thạch Cẩm', 391),
(15208, 'Thạch Sơn', 391),
(15211, 'Thạch Bình', 391),
(15214, 'Thạch Định', 391),
(15217, 'Thạch Đồng', 391),
(15220, 'Thạch Long', 391),
(15223, 'Thành Mỹ', 391),
(15226, 'Thành Yên', 391),
(15229, 'Thành Vinh', 391),
(15232, 'Thành Minh', 391),
(15235, 'Thành Công', 391),
(15238, 'Thành Tân', 391),
(15241, 'Thành Trực', 391),
(15247, 'Thành Tâm', 391),
(15250, 'Thành An', 391),
(15253, 'Thành Thọ', 391),
(15256, 'Thành Tiến', 391),
(15259, 'Thành Long', 391),
(15265, 'Thành Hưng', 391),
(15268, 'Ngọc Trạo', 391),
(15271, 'Hà Trung', 392),
(15274, 'Hà Long', 392),
(15277, 'Hà Vinh', 392),
(15280, 'Hà Bắc', 392),
(15283, 'Hoạt Giang', 392),
(15286, 'Yên Dương', 392),
(15292, 'Hà Giang', 392),
(15298, 'Lĩnh Toại', 392),
(15304, 'Hà Ngọc', 392),
(15307, 'Yến Sơn', 392),
(15313, 'Hà Sơn', 392),
(15316, 'Hà Lĩnh', 392),
(15319, 'Hà Đông', 392),
(15322, 'Hà Tân', 392),
(15325, 'Hà Tiến', 392),
(15328, 'Hà Bình', 392),
(15331, 'Hà Lai', 392),
(15334, 'Hà Châu', 392),
(15340, 'Hà Thái', 392),
(15343, 'Hà Hải', 392),
(15349, 'Vĩnh Lộc', 393),
(15352, 'Vĩnh Quang', 393),
(15355, 'Vĩnh Yên', 393),
(15358, 'Vĩnh Tiến', 393),
(15361, 'Vĩnh Long', 393),
(15364, 'Vĩnh Phúc', 393),
(15367, 'Vĩnh Hưng', 393),
(15376, 'Vĩnh Hòa', 393),
(15379, 'Vĩnh Hùng', 393),
(15382, 'Minh Tân', 393),
(15385, 'Ninh Khang', 393),
(15388, 'Vĩnh Thịnh', 393),
(15391, 'Vĩnh An', 393),
(15397, 'Thống Nhất', 394),
(15403, 'Yên Lâm', 394),
(15406, 'Yên Tâm', 394),
(15409, 'Yên Phú', 394),
(15412, 'Quý Lộc', 394),
(15415, 'Yên Thọ', 394),
(15418, 'Yên Trung', 394),
(15421, 'Yên Trường', 394),
(15427, 'Yên Phong', 394),
(15430, 'Yên Thái', 394),
(15433, 'Yên Hùng', 394),
(15436, 'Yên Thịnh', 394),
(15439, 'Yên Ninh', 394),
(15442, 'Yên Lạc', 394),
(15445, 'Định Tăng', 394),
(15448, 'Định Hòa', 394),
(15451, 'Định Thành', 394),
(15454, 'Định Công', 394),
(15457, 'Định Tân', 394),
(15460, 'Định Tiến', 394),
(15463, 'Định Long', 394),
(15466, 'Định Liên', 394),
(15469, 'Quán Lào', 394),
(15472, 'Định Hưng', 394),
(15475, 'Định Hải', 394),
(15478, 'Định Bình', 394),
(15493, 'Xuân Hồng', 395),
(15499, 'Thọ Xuân', 395),
(15502, 'Bắc Lương', 395),
(15505, 'Nam Giang', 395),
(15508, 'Xuân Phong', 395),
(15511, 'Thọ Lộc', 395),
(15514, 'Xuân Trường', 395),
(15517, 'Xuân Hòa', 395),
(15520, 'Thọ Hải', 395),
(15523, 'Tây Hồ', 395),
(15526, 'Xuân Giang', 395),
(15532, 'Xuân Sinh', 395),
(15535, 'Xuân Hưng', 395),
(15538, 'Thọ Diên', 395),
(15541, 'Thọ Lâm', 395),
(15544, 'Thọ Xương', 395),
(15547, 'Xuân Bái', 395),
(15550, 'Xuân Phú', 395),
(15553, 'Sao Vàng', 395),
(15556, 'Lam Sơn', 395),
(15559, 'Xuân Thiên', 395),
(15565, 'Thuận Minh', 395),
(15568, 'Thọ Lập', 395),
(15571, 'Quảng Phú', 395),
(15574, 'Xuân Tín', 395),
(15577, 'Phú Xuân', 395),
(15583, 'Xuân Lai', 395),
(15586, 'Xuân Lập', 395),
(15592, 'Xuân Minh', 395),
(15598, 'Trường Xuân', 395),
(15607, 'Bát Mọt', 396),
(15610, 'Yên Nhân', 396),
(15619, 'Xuân Lẹ', 396),
(15622, 'Vạn Xuân', 396),
(15628, 'Lương Sơn', 396),
(15631, 'Xuân Cao', 396),
(15634, 'Luận Thành', 396),
(15637, 'Luận Khê', 396),
(15640, 'Xuân Thắng', 396),
(15643, 'Xuân Lộc', 396),
(15646, 'Thường Xuân', 396),
(15649, 'Xuân Dương', 396),
(15652, 'Thọ Thanh', 396),
(15655, 'Ngọc Phụng', 396),
(15658, 'Xuân Chinh', 396),
(15661, 'Tân Thành', 396),
(15664, 'Triệu Sơn', 397),
(15667, 'Thọ Sơn', 397),
(15670, 'Thọ Bình', 397),
(15673, 'Thọ Tiến', 397),
(15676, 'Hợp Lý', 397),
(15679, 'Hợp Tiến', 397),
(15682, 'Hợp Thành', 397),
(15685, 'Triệu Thành', 397),
(15688, 'Hợp Thắng', 397),
(15691, 'Minh Sơn', 397),
(15700, 'Dân Lực', 397),
(15703, 'Dân Lý', 397),
(15706, 'Dân Quyền', 397),
(15709, 'An Nông', 397),
(15712, 'Văn Sơn', 397),
(15715, 'Thái Hòa', 397),
(15718, 'Nưa', 397),
(15721, 'Đồng Lợi', 397),
(15724, 'Đồng Tiến', 397),
(15727, 'Đồng Thắng', 397),
(15730, 'Tiến Nông', 397),
(15733, 'Khuyến Nông', 397),
(15736, 'Xuân Thịnh', 397),
(15739, 'Xuân Lộc', 397),
(15742, 'Thọ Dân', 397),
(15745, 'Xuân Thọ', 397),
(15748, 'Thọ Tân', 397),
(15751, 'Thọ Ngọc', 397),
(15754, 'Thọ Cường', 397),
(15757, 'Thọ Phú', 397),
(15760, 'Thọ Vực', 397),
(15763, 'Thọ Thế', 397),
(15766, 'Nông Trường', 397),
(15769, 'Bình Sơn', 397),
(15772, 'Thiệu Hóa', 398),
(15775, 'Thiệu Ngọc', 398),
(15778, 'Thiệu Vũ', 398),
(15781, 'Thiệu Phúc', 398),
(15784, 'Thiệu Tiến', 398),
(15787, 'Thiệu Công', 398),
(15790, 'Thiệu Phú', 398),
(15793, 'Thiệu Long', 398),
(15796, 'Thiệu Giang', 398),
(15799, 'Thiệu Duy', 398),
(15802, 'Thiệu Nguyên', 398),
(15805, 'Thiệu Hợp', 398),
(15808, 'Thiệu Thịnh', 398),
(15811, 'Thiệu Quang', 398),
(15814, 'Thiệu Thành', 398),
(15817, 'Thiệu Toán', 398),
(15820, 'Thiệu Chính', 398),
(15823, 'Thiệu Hòa', 398),
(15829, 'Minh Tâm', 398),
(15832, 'Thiệu Viên', 398),
(15835, 'Thiệu Lý', 398),
(15838, 'Thiệu Vận', 398),
(15841, 'Thiệu Trung', 398),
(15847, 'Tân Châu', 398),
(15850, 'Thiệu Vân', 380),
(15853, 'Thiệu Giao', 398),
(15856, 'Thiệu Khánh', 380),
(15859, 'Thiệu Dương', 380),
(15865, 'Bút Sơn', 399),
(15871, 'Hoằng Giang', 399),
(15877, 'Hoằng Xuân', 399),
(15880, 'Hoằng Phượng', 399),
(15883, 'Hoằng Phú', 399),
(15886, 'Hoằng Quỳ', 399),
(15889, 'Hoằng Kim', 399),
(15892, 'Hoằng Trung', 399),
(15895, 'Hoằng Trinh', 399),
(15901, 'Hoằng Sơn', 399),
(15907, 'Hoằng Cát', 399),
(15910, 'Hoằng Xuyên', 399),
(15913, 'Tào Xuyên', 380),
(15916, 'Hoằng Quý', 399),
(15919, 'Hoằng Hợp', 399),
(15922, 'Long Anh', 380),
(15925, 'Hoằng Quang', 380),
(15928, 'Hoằng Đức', 399),
(15937, 'Hoằng Hà', 399),
(15940, 'Hoằng Đạt', 399),
(15946, 'Hoằng Đạo', 399),
(15949, 'Hoằng Thắng', 399),
(15952, 'Hoằng Đồng', 399),
(15955, 'Hoằng Thái', 399),
(15958, 'Hoằng Thịnh', 399),
(15961, 'Hoằng Thành', 399),
(15964, 'Hoằng Lộc', 399),
(15967, 'Hoằng Trạch', 399),
(15970, 'Hoằng Đại', 380),
(15973, 'Hoằng Phong', 399),
(15976, 'Hoằng Lưu', 399),
(15979, 'Hoằng Châu', 399),
(15982, 'Hoằng Tân', 399),
(15985, 'Hoằng Yến', 399),
(15988, 'Hoằng Tiến', 399),
(15991, 'Hoằng Hải', 399),
(15994, 'Hoằng Ngọc', 399),
(15997, 'Hoằng Đông', 399),
(16000, 'Hoằng Thanh', 399),
(16003, 'Hoằng Phụ', 399),
(16006, 'Hoằng Trường', 399),
(16012, 'Hậu Lộc', 400),
(16015, 'Đồng Lộc', 400),
(16018, 'Đại Lộc', 400),
(16021, 'Triệu Lộc', 400),
(16027, 'Tiến Lộc', 400),
(16030, 'Lộc Sơn', 400),
(16033, 'Cầu Lộc', 400),
(16036, 'Thành Lộc', 400),
(16039, 'Tuy Lộc', 400),
(16042, 'Phong Lộc', 400),
(16045, 'Mỹ Lộc', 400),
(16048, 'Thuần Lộc', 400),
(16057, 'Xuân Lộc', 400),
(16063, 'Hoa Lộc', 400),
(16066, 'Liên Lộc', 400),
(16069, 'Quang Lộc', 400),
(16072, 'Phú Lộc', 400),
(16075, 'Hòa Lộc', 400),
(16078, 'Minh Lộc', 400),
(16081, 'Hưng Lộc', 400),
(16084, 'Hải Lộc', 400),
(16087, 'Đa Lộc', 400),
(16090, 'Ngư Lộc', 400),
(16093, 'Nga Sơn', 401),
(16096, 'Ba Đình', 401),
(16099, 'Nga Vịnh', 401),
(16102, 'Nga Văn', 401),
(16105, 'Nga Thiện', 401),
(16108, 'Nga Tiến', 401),
(16114, 'Nga Phượng', 401),
(16117, 'Nga Trung', 401),
(16120, 'Nga Bạch', 401),
(16123, 'Nga Thanh', 401),
(16132, 'Nga Yên', 401),
(16135, 'Nga Giáp', 401),
(16138, 'Nga Hải', 401),
(16141, 'Nga Thành', 401),
(16144, 'Nga An', 401),
(16147, 'Nga Phú', 401),
(16150, 'Nga Điền', 401),
(16153, 'Nga Tân', 401),
(16156, 'Nga Thủy', 401),
(16159, 'Nga Liên', 401),
(16162, 'Nga Thái', 401),
(16165, 'Nga Thạch', 401),
(16168, 'Nga Thắng', 401),
(16171, 'Nga Trường', 401),
(16174, 'Yên Cát', 402),
(16177, 'Bãi Trành', 402),
(16180, 'Xuân Hòa', 402),
(16183, 'Xuân Bình', 402),
(16186, 'Hóa Quỳ', 402),
(16195, 'Cát Vân', 402),
(16198, 'Cát Tân', 402),
(16201, 'Tân Bình', 402),
(16204, 'Bình Lương', 402),
(16207, 'Thanh Quân', 402),
(16210, 'Thanh Xuân', 402),
(16213, 'Thanh Hòa', 402),
(16216, 'Thanh Phong', 402),
(16219, 'Thanh Lâm', 402),
(16222, 'Thanh Sơn', 402),
(16225, 'Thượng Ninh', 402),
(16228, 'Bến Sung', 403),
(16231, 'Cán Khê', 403),
(16234, 'Xuân Du', 403),
(16240, 'Phượng Nghi', 403),
(16243, 'Mậu Lâm', 403),
(16246, 'Xuân Khang', 403),
(16249, 'Phú Nhuận', 403),
(16252, 'Hải Long', 403),
(16258, 'Xuân Thái', 403),
(16261, 'Xuân Phúc', 403),
(16264, 'Yên Thọ', 403),
(16267, 'Yên Lạc', 403),
(16273, 'Thanh Tân', 403),
(16276, 'Thanh Kỳ', 403),
(16279, 'Nông Cống', 404),
(16282, 'Tân Phúc', 404),
(16285, 'Tân Thọ', 404),
(16288, 'Hoàng Sơn', 404),
(16291, 'Tân Khang', 404),
(16294, 'Hoàng Giang', 404),
(16297, 'Trung Chính', 404),
(16303, 'Trung Thành', 404),
(16309, 'Tế Thắng', 404),
(16315, 'Tế Lợi', 404),
(16318, 'Tế Nông', 404),
(16321, 'Minh Nghĩa', 404),
(16324, 'Minh Khôi', 404),
(16327, 'Vạn Hòa', 404),
(16330, 'Trường Trung', 404),
(16333, 'Vạn Thắng', 404),
(16336, 'Trường Giang', 404),
(16339, 'Vạn Thiện', 404),
(16342, 'Thăng Long', 404),
(16345, 'Trường Minh', 404),
(16348, 'Trường Sơn', 404),
(16351, 'Thăng Bình', 404),
(16354, 'Công Liêm', 404),
(16357, 'Tượng Văn', 404),
(16360, 'Thăng Thọ', 404),
(16363, 'Tượng Lĩnh', 404),
(16366, 'Tượng Sơn', 404),
(16369, 'Công Chính', 404),
(16375, 'Yên Mỹ', 404),
(16378, 'Rừng Thông', 405),
(16381, 'Đông Hoàng', 405),
(16384, 'Đông Ninh', 405),
(16390, 'Đông Hòa', 405),
(16393, 'Đông Yên', 405),
(16396, 'Đông Lĩnh', 380),
(16399, 'Đông Minh', 405),
(16402, 'Đông Thanh', 405),
(16405, 'Đông Tiến', 405),
(16408, 'Đông Khê', 405),
(16414, 'Đông Thịnh', 405),
(16417, 'Đông Văn', 405),
(16420, 'Đông Phú', 405),
(16423, 'Đông Nam', 405),
(16426, 'Đông Quang', 405),
(16429, 'Đông Vinh', 380),
(16432, 'Đông Tân', 380),
(16435, 'An Hưng', 380),
(16438, 'Tân Phong', 406),
(16441, 'Quảng Thịnh', 380),
(16447, 'Quảng Trạch', 406),
(16453, 'Quảng Đức', 406),
(16456, 'Quảng Định', 406),
(16459, 'Quảng Đông', 380),
(16462, 'Quảng Nhân', 406),
(16465, 'Quảng Ninh', 406),
(16468, 'Quảng Bình', 406),
(16471, 'Quảng Hợp', 406),
(16474, 'Quảng Văn', 406),
(16477, 'Quảng Long', 406),
(16480, 'Quảng Yên', 406),
(16483, 'Quảng Hòa', 406),
(16489, 'Quảng Khê', 406),
(16492, 'Quảng Trung', 406),
(16495, 'Quảng Chính', 406),
(16498, 'Quảng Ngọc', 406),
(16501, 'Quảng Trường', 406),
(16507, 'Quảng Cát', 380),
(16510, 'Quảng Phúc', 406),
(16513, 'Quảng Minh', 382),
(16516, 'Quảng Hùng', 382),
(16519, 'Quảng Giao', 406),
(16522, 'Quảng Phú', 380),
(16525, 'Quảng Tâm', 380),
(16528, 'Quảng Thọ', 382),
(16531, 'Quảng Châu', 382),
(16534, 'Quảng Vinh', 382),
(16537, 'Quảng Đại', 382),
(16540, 'Quảng Hải', 406),
(16543, 'Quảng Lưu', 406),
(16546, 'Quảng Lộc', 406),
(16549, 'Tiên Trang', 406),
(16552, 'Quảng Nham', 406),
(16555, 'Quảng Thạch', 406),
(16558, 'Quảng Thái', 406),
(16561, 'Hải Hòa', 407),
(16564, 'Hải Châu', 407),
(16567, 'Thanh Thủy', 407),
(16570, 'Thanh Sơn', 407),
(16576, 'Hải Ninh', 407),
(16579, 'Anh Sơn', 407),
(16582, 'Ngọc Lĩnh', 407),
(16585, 'Hải An', 407),
(16591, 'Các Sơn', 407),
(16594, 'Tân Dân', 407),
(16597, 'Hải Lĩnh', 407),
(16600, 'Định Hải', 407),
(16603, 'Phú Sơn', 407),
(16606, 'Ninh Hải', 407),
(16609, 'Nguyên Bình', 407),
(16612, 'Hải Nhân', 407),
(16618, 'Bình Minh', 407),
(16621, 'Hải Thanh', 407),
(16624, 'Phú Lâm', 407),
(16627, 'Xuân Lâm', 407),
(16630, 'Trúc Lâm', 407),
(16633, 'Hải Bình', 407),
(16636, 'Tân Trường', 407),
(16639, 'Tùng Lâm', 407),
(16642, 'Tĩnh Hải', 407),
(16645, 'Mai Lâm', 407),
(16648, 'Trường Lâm', 407),
(16651, 'Hải Yến', 407),
(16654, 'Hải Thượng', 407),
(16657, 'Nghi Sơn', 407),
(16660, 'Hải Hà', 407),
(16663, 'Đông Vĩnh', 412),
(16666, 'Hà Huy Tập', 412),
(16669, 'Lê Lợi', 412),
(16670, 'Quán Bàu', 412),
(16672, 'Hưng Bình', 412),
(16673, 'Hưng Phúc', 412),
(16675, 'Hưng Dũng', 412),
(16678, 'Cửa Nam', 412),
(16681, 'Quang Trung', 412),
(16684, 'Đội Cung', 412),
(16687, 'Lê Mao', 412),
(16690, 'Trường Thi', 412),
(16693, 'Bến Thủy', 412),
(16696, 'Hồng Sơn', 412),
(16699, 'Trung Đô', 412),
(16702, 'Nghi Phú', 412),
(16705, 'Hưng Đông', 412),
(16708, 'Hưng Lộc', 412),
(16711, 'Hưng Hòa', 412),
(16714, 'Vinh Tân', 412),
(16717, 'Nghi Thuỷ', 413),
(16720, 'Nghi Tân', 413),
(16723, 'Thu Thuỷ', 413),
(16726, 'Nghi Hòa', 413),
(16729, 'Nghi Hải', 413),
(16732, 'Nghi Hương', 413),
(16735, 'Nghi Thu', 413),
(16738, 'Kim Sơn', 415),
(16741, 'Thông Thụ', 415),
(16744, 'Đồng Văn', 415),
(16747, 'Hạnh Dịch', 415),
(16750, 'Tiền Phong', 415),
(16753, 'Nậm Giải', 415),
(16756, 'Tri Lễ', 415),
(16759, 'Châu Kim', 415),
(16763, 'Mường Nọc', 415),
(16765, 'Châu Thôn', 415),
(16768, 'Nậm Nhoóng', 415),
(16771, 'Quang Phong', 415),
(16774, 'Căm Muộn', 415),
(16777, 'Tân Lạc', 416),
(16780, 'Châu Bính', 416),
(16783, 'Châu Thuận', 416),
(16786, 'Châu Hội', 416),
(16789, 'Châu Nga', 416),
(16792, 'Châu Tiến', 416),
(16795, 'Châu Hạnh', 416),
(16798, 'Châu Thắng', 416),
(16801, 'Châu Phong', 416),
(16804, 'Châu Bình', 416),
(16807, 'Châu Hoàn', 416),
(16810, 'Diên Lãm', 416),
(16813, 'Mường Xén', 417),
(16816, 'Mỹ Lý', 417),
(16819, 'Bắc Lý', 417),
(16822, 'Keng Đu', 417),
(16825, 'Đoọc Mạy', 417),
(16828, 'Huồi Tụ', 417),
(16831, 'Mường Lống', 417),
(16834, 'Na Loi', 417),
(16837, 'Nậm Cắn', 417),
(16840, 'Bảo Nam', 417),
(16843, 'Phà Đánh', 417),
(16846, 'Bảo Thắng', 417),
(16849, 'Hữu Lập', 417),
(16852, 'Tà Cạ', 417),
(16855, 'Chiêu Lưu', 417),
(16858, 'Mường Típ', 417),
(16861, 'Hữu Kiệm', 417),
(16864, 'Tây Sơn', 417),
(16867, 'Mường Ải', 417),
(16870, 'Na Ngoi', 417),
(16873, 'Nậm Càn', 417),
(16876, 'Thạch Giám', 418),
(16879, 'Mai Sơn', 418),
(16882, 'Nhôn Mai', 418),
(16885, 'Hữu Khuông', 418),
(16900, 'Yên Tĩnh', 418),
(16903, 'Nga My', 418),
(16904, 'Xiêng My', 418),
(16906, 'Lưỡng Minh', 418),
(16909, 'Yên Hòa', 418),
(16912, 'Yên Na', 418),
(16915, 'Lưu Kiền', 418),
(16921, 'Xá Lượng', 418),
(16924, 'Tam Thái', 418),
(16927, 'Tam Đình', 418),
(16930, 'Yên Thắng', 418),
(16933, 'Tam Quang', 418),
(16936, 'Tam Hợp', 418),
(16939, 'Hoà Hiếu', 414),
(16941, 'Nghĩa Đàn', 419),
(16942, 'Nghĩa Mai', 419),
(16945, 'Nghĩa Yên', 419),
(16948, 'Nghĩa Lạc', 419),
(16951, 'Nghĩa Lâm', 419),
(16954, 'Nghĩa Sơn', 419),
(16957, 'Nghĩa Lợi', 419),
(16960, 'Nghĩa Bình', 419),
(16963, 'Nghĩa Thọ', 419),
(16966, 'Nghĩa Minh', 419),
(16969, 'Nghĩa Phú', 419),
(16972, 'Nghĩa Hưng', 419),
(16975, 'Nghĩa Hồng', 419),
(16978, 'Nghĩa Thịnh', 419),
(16981, 'Nghĩa Trung', 419),
(16984, 'Nghĩa Hội', 419),
(16987, 'Nghĩa Thành', 419),
(16993, 'Quang Phong', 414),
(16994, 'Quang Tiến', 414),
(16996, 'Nghĩa Hiếu', 419),
(17003, 'Long Sơn', 414),
(17005, 'Nghĩa Tiến', 414),
(17008, 'Nghĩa Mỹ', 414),
(17011, 'Tây Hiếu', 414),
(17014, 'Nghĩa Thuận', 414),
(17017, 'Đông Hiếu', 414),
(17020, 'Nghĩa Đức', 419),
(17023, 'Nghĩa An', 419),
(17026, 'Nghĩa Long', 419),
(17029, 'Nghĩa Lộc', 419),
(17032, 'Nghĩa Khánh', 419),
(17035, 'Quỳ Hợp', 420),
(17038, 'Yên Hợp', 420),
(17041, 'Châu Tiến', 420),
(17044, 'Châu Hồng', 420),
(17047, 'Đồng Hợp', 420),
(17050, 'Châu Thành', 420),
(17053, 'Liên Hợp', 420),
(17056, 'Châu Lộc', 420),
(17059, 'Tam Hợp', 420),
(17062, 'Châu Cường', 420),
(17065, 'Châu Quang', 420),
(17068, 'Thọ Hợp', 420),
(17071, 'Minh Hợp', 420),
(17074, 'Nghĩa Xuân', 420),
(17077, 'Châu Thái', 420),
(17080, 'Châu Đình', 420),
(17083, 'Văn Lợi', 420),
(17086, 'Nam Sơn', 420),
(17089, 'Châu Lý', 420),
(17092, 'Hạ Sơn', 420),
(17095, 'Bắc Sơn', 420),
(17098, 'Cầu Giát', 421),
(17101, 'Quỳnh Thắng', 421),
(17104, 'Quỳnh Vinh', 432),
(17107, 'Quỳnh Lộc', 432),
(17110, 'Quỳnh Thiện', 432),
(17113, 'Quỳnh Lập', 432),
(17116, 'Quỳnh Trang', 432),
(17119, 'Quỳnh Tân', 421),
(17122, 'Quỳnh Châu', 421),
(17125, 'Mai Hùng', 432),
(17128, 'Quỳnh Dị', 432),
(17131, 'Quỳnh Xuân', 432),
(17134, 'Quỳnh Phương', 432),
(17137, 'Quỳnh Liên', 432),
(17140, 'Tân Sơn', 421),
(17143, 'Quỳnh Văn', 421),
(17146, 'Ngọc Sơn', 421),
(17149, 'Quỳnh Tam', 421),
(17152, 'Quỳnh Hoa', 421),
(17155, 'Quỳnh Thạch', 421),
(17158, 'Quỳnh Bảng', 421),
(17161, 'Quỳnh Mỹ', 421),
(17164, 'Quỳnh Thanh', 421),
(17167, 'Quỳnh Hậu', 421),
(17170, 'Quỳnh Lâm', 421),
(17173, 'Quỳnh Đôi', 421),
(17176, 'Quỳnh Lương', 421),
(17179, 'Quỳnh Hồng', 421),
(17182, 'Quỳnh Yên', 421),
(17185, 'Quỳnh Bá', 421),
(17188, 'Quỳnh Minh', 421),
(17191, 'Quỳnh Diễn', 421),
(17194, 'Quỳnh Hưng', 421),
(17197, 'Quỳnh Giang', 421),
(17200, 'Quỳnh Ngọc', 421),
(17203, 'Quỳnh Nghĩa', 421),
(17206, 'An Hòa', 421),
(17209, 'Tiến Thủy', 421),
(17212, 'Sơn Hải', 421),
(17215, 'Quỳnh Thọ', 421),
(17218, 'Quỳnh Thuận', 421),
(17221, 'Quỳnh Long', 421),
(17224, 'Tân Thắng', 421),
(17227, 'Con Cuông', 422),
(17230, 'Bình Chuẩn', 422),
(17233, 'Lạng Khê', 422),
(17236, 'Cam Lâm', 422),
(17239, 'Thạch Ngàn', 422),
(17242, 'Đôn Phục', 422),
(17245, 'Mậu Đức', 422),
(17248, 'Châu Khê', 422),
(17251, 'Chi Khê', 422),
(17254, 'Bồng Khê', 422),
(17257, 'Yên Khê', 422),
(17260, 'Lục Dạ', 422),
(17263, 'Môn Sơn', 422),
(17266, 'Tân Kỳ', 423),
(17269, 'Tân Hợp', 423),
(17272, 'Tân Phú', 423),
(17275, 'Tân Xuân', 423),
(17278, 'Giai Xuân', 423),
(17281, 'Nghĩa Bình', 423),
(17284, 'Nghĩa Đồng', 423),
(17287, 'Đồng Văn', 423),
(17290, 'Nghĩa Thái', 423),
(17293, 'Nghĩa Hợp', 423),
(17296, 'Nghĩa Hoàn', 423),
(17299, 'Nghĩa Phúc', 423),
(17302, 'Tiên Kỳ', 423),
(17305, 'Tân An', 423),
(17308, 'Nghĩa Dũng', 423),
(17311, 'Tân Long', 423),
(17314, 'Kỳ Sơn', 423),
(17317, 'Hương Sơn', 423),
(17320, 'Kỳ Tân', 423),
(17323, 'Phú Sơn', 423),
(17325, 'Tân Hương', 423),
(17326, 'Nghĩa Hành', 423),
(17329, 'Anh Sơn', 424),
(17332, 'Thọ Sơn', 424),
(17335, 'Thành Sơn', 424),
(17338, 'Bình Sơn', 424),
(17341, 'Tam Sơn', 424),
(17344, 'Đỉnh Sơn', 424),
(17347, 'Hùng Sơn', 424),
(17350, 'Cẩm Sơn', 424),
(17353, 'Đức Sơn', 424),
(17356, 'Tường Sơn', 424),
(17357, 'Hoa Sơn', 424),
(17359, 'Tào Sơn', 424),
(17362, 'Vĩnh Sơn', 424),
(17365, 'Lạng Sơn', 424),
(17368, 'Hội Sơn', 424),
(17371, 'Thạch Sơn', 424),
(17374, 'Phúc Sơn', 424),
(17377, 'Long Sơn', 424),
(17380, 'Khai Sơn', 424),
(17383, 'Lĩnh Sơn', 424),
(17386, 'Cao Sơn', 424),
(17389, 'Diễn Châu', 425),
(17392, 'Diễn Lâm', 425),
(17395, 'Diễn Đoài', 425),
(17398, 'Diễn Trường', 425),
(17401, 'Diễn Yên', 425),
(17404, 'Diễn Hoàng', 425),
(17407, 'Diễn Hùng', 425),
(17410, 'Diễn Mỹ', 425),
(17413, 'Diễn Hồng', 425),
(17416, 'Diễn Phong', 425),
(17419, 'Diễn Hải', 425),
(17422, 'Diễn Tháp', 425),
(17425, 'Diễn Liên', 425),
(17428, 'Diễn Vạn', 425),
(17431, 'Diễn Kim', 425),
(17434, 'Diễn Kỷ', 425),
(17437, 'Diễn Xuân', 425),
(17440, 'Diễn Thái', 425),
(17443, 'Diễn Đồng', 425),
(17446, 'Diễn Bích', 425),
(17449, 'Diễn Hạnh', 425),
(17452, 'Diễn Ngọc', 425),
(17455, 'Diễn Quảng', 425),
(17458, 'Diễn Nguyên', 425),
(17461, 'Diễn Hoa', 425),
(17464, 'Diễn Thành', 425),
(17467, 'Diễn Phúc', 425),
(17476, 'Diễn Cát', 425),
(17479, 'Diễn Thịnh', 425),
(17482, 'Diễn Tân', 425),
(17485, 'Minh Châu', 425),
(17488, 'Diễn Thọ', 425),
(17491, 'Diễn Lợi', 425),
(17494, 'Diễn Lộc', 425),
(17497, 'Diễn Trung', 425),
(17500, 'Diễn An', 425),
(17503, 'Diễn Phú', 425),
(17506, 'Yên Thành', 426),
(17509, 'Mã Thành', 426),
(17510, 'Tiến Thành', 426),
(17512, 'Lăng Thành', 426),
(17515, 'Tân Thành', 426),
(17518, 'Đức Thành', 426),
(17521, 'Kim Thành', 426),
(17524, 'Hậu Thành', 426),
(17525, 'Hùng Thành', 426),
(17527, 'Đô Thành', 426),
(17530, 'Thọ Thành', 426),
(17533, 'Quang Thành', 426),
(17536, 'Tây Thành', 426),
(17539, 'Phúc Thành', 426),
(17542, 'Hồng Thành', 426),
(17545, 'Đồng Thành', 426),
(17548, 'Phú Thành', 426),
(17551, 'Hoa Thành', 426),
(17554, 'Tăng Thành', 426),
(17557, 'Văn Thành', 426),
(17560, 'Thịnh Thành', 426),
(17563, 'Hợp Thành', 426),
(17566, 'Xuân Thành', 426),
(17569, 'Bắc Thành', 426),
(17572, 'Nhân Thành', 426),
(17575, 'Trung Thành', 426),
(17578, 'Long Thành', 426),
(17581, 'Minh Thành', 426),
(17584, 'Nam Thành', 426),
(17587, 'Vĩnh Thành', 426),
(17590, 'Lý Thành', 426),
(17593, 'Khánh Thành', 426),
(17596, 'Viên Thành', 426),
(17599, 'Đại Thành', 426),
(17602, 'Liên Thành', 426),
(17605, 'Bảo Thành', 426),
(17608, 'Mỹ Thành', 426),
(17611, 'Công Thành', 426),
(17614, 'Sơn Thành', 426),
(17617, 'Đô Lương', 427),
(17619, 'Giang Sơn Đông', 427),
(17620, 'Giang Sơn Tây', 427),
(17623, 'Lam Sơn', 427),
(17626, 'Bồi Sơn', 427),
(17629, 'Hồng Sơn', 427),
(17632, 'Bài Sơn', 427),
(17635, 'Ngọc Sơn', 427),
(17638, 'Bắc Sơn', 427),
(17641, 'Tràng Sơn', 427),
(17644, 'Thượng Sơn', 427),
(17647, 'Hòa Sơn', 427),
(17650, 'Đặng Sơn', 427),
(17653, 'Đông Sơn', 427),
(17656, 'Nam Sơn', 427),
(17659, 'Lưu Sơn', 427),
(17662, 'Yên Sơn', 427),
(17665, 'Văn Sơn', 427),
(17668, 'Đà Sơn', 427),
(17671, 'Lạc Sơn', 427),
(17674, 'Tân Sơn', 427),
(17677, 'Thái Sơn', 427),
(17680, 'Quang Sơn', 427),
(17683, 'Thịnh Sơn', 427),
(17686, 'Trung Sơn', 427),
(17689, 'Xuân Sơn', 427),
(17692, 'Minh Sơn', 427),
(17695, 'Thuận Sơn', 427),
(17698, 'Nhân Sơn', 427),
(17701, 'Hiến Sơn', 427),
(17704, 'Mỹ Sơn', 427),
(17707, 'Trù Sơn', 427),
(17710, 'Đại Sơn', 427),
(17713, 'Thanh Chương', 428),
(17716, 'Cát Văn', 428),
(17719, 'Thanh Nho', 428),
(17722, 'Hạnh Lâm', 428),
(17723, 'Thanh Sơn', 428),
(17725, 'Thanh Hòa', 428),
(17728, 'Phong Thịnh', 428),
(17731, 'Thanh Phong', 428),
(17734, 'Thanh Mỹ', 428),
(17737, 'Thanh Tiên', 428),
(17743, 'Thanh Liên', 428),
(17749, 'Đại Đồng', 428),
(17752, 'Thanh Đồng', 428),
(17755, 'Thanh Ngọc', 428),
(17758, 'Thanh Hương', 428),
(17759, 'Ngọc Lâm', 428),
(17761, 'Thanh Lĩnh', 428),
(17764, 'Đồng Văn', 428),
(17767, 'Ngọc Sơn', 428),
(17770, 'Thanh Thịnh', 428),
(17773, 'Thanh An', 428),
(17776, 'Thanh Chi', 428),
(17779, 'Xuân Tường', 428),
(17782, 'Thanh Dương', 428),
(17785, 'Thanh Lương', 428),
(17788, 'Thanh Khê', 428),
(17791, 'Võ Liệt', 428),
(17794, 'Thanh Long', 428),
(17797, 'Thanh Thủy', 428),
(17800, 'Thanh Khai', 428),
(17803, 'Thanh Yên', 428),
(17806, 'Thanh Hà', 428),
(17809, 'Thanh Giang', 428),
(17812, 'Thanh Tùng', 428),
(17815, 'Thanh Lâm', 428),
(17818, 'Thanh Mai', 428),
(17821, 'Thanh Xuân', 428),
(17824, 'Thanh Đức', 428),
(17827, 'Quán Hành', 429),
(17830, 'Nghi Văn', 429),
(17833, 'Nghi Yên', 429),
(17836, 'Nghi Tiến', 429),
(17839, 'Nghi Hưng', 429),
(17842, 'Nghi Đồng', 429),
(17845, 'Nghi Thiết', 429),
(17848, 'Nghi Lâm', 429),
(17851, 'Nghi Quang', 429),
(17854, 'Nghi Kiều', 429),
(17857, 'Nghi Mỹ', 429),
(17860, 'Nghi Phương', 429),
(17863, 'Nghi Thuận', 429),
(17866, 'Nghi Long', 429),
(17869, 'Nghi Xá', 429),
(17875, 'Nghi Hoa', 429),
(17878, 'Khánh Hợp', 429),
(17881, 'Nghi Thịnh', 429),
(17884, 'Nghi Công Bắc', 429),
(17887, 'Nghi Công Nam', 429),
(17890, 'Nghi Thạch', 429),
(17893, 'Nghi Trung', 429),
(17896, 'Nghi Trường', 429),
(17899, 'Nghi Diên', 429),
(17902, 'Nghi Phong', 429),
(17905, 'Nghi Xuân', 429),
(17908, 'Nghi Liên', 412),
(17911, 'Nghi Vạn', 429),
(17914, 'Nghi Ân', 412),
(17917, 'Phúc Thọ', 429),
(17920, 'Nghi Kim', 412),
(17923, 'Nghi Đức', 412),
(17926, 'Nghi Thái', 429),
(17932, 'Nam Hưng', 430),
(17935, 'Nam Nghĩa', 430),
(17938, 'Nam Thanh', 430),
(17941, 'Nam Anh', 430),
(17944, 'Nam Xuân', 430),
(17947, 'Nam Thái', 430),
(17950, 'Nam Đàn', 430),
(17953, 'Nam Lĩnh', 430),
(17956, 'Nam Giang', 430),
(17959, 'Xuân Hòa', 430),
(17962, 'Hùng Tiến', 430),
(17968, 'Thượng Tân Lộc', 430),
(17971, 'Kim Liên', 430),
(17977, 'Hồng Long', 430),
(17980, 'Xuân Lâm', 430),
(17983, 'Nam Cát', 430),
(17986, 'Khánh Sơn', 430),
(17989, 'Trung Phúc Cường', 430),
(17998, 'Nam Kim', 430),
(18001, 'Hưng Nguyên', 431),
(18004, 'Hưng Trung', 431),
(18007, 'Hưng Yên', 431),
(18008, 'Hưng Yên Bắc', 431),
(18010, 'Hưng Tây', 431),
(18013, 'Hưng Chính', 412),
(18016, 'Hưng Đạo', 431),
(18019, 'Hưng Mỹ', 431),
(18022, 'Hưng Thịnh', 431),
(18025, 'Hưng Lĩnh', 431),
(18028, 'Hưng Thông', 431),
(18031, 'Hưng Tân', 431),
(18034, 'Hưng Lợi', 431),
(18037, 'Hưng Nghĩa', 431),
(18040, 'Hưng Phúc', 431),
(18043, 'Long Xá', 431),
(18052, 'Châu Nhân', 431),
(18055, 'Xuân Lam', 431),
(18064, 'Hưng Thành', 431),
(18070, 'Trần Phú', 436),
(18073, 'Nam Hà', 436),
(18076, 'Bắc Hà', 436),
(18077, 'Nguyễn Du', 436),
(18079, 'Tân Giang', 436),
(18082, 'Đại Nài', 436),
(18085, 'Hà Huy Tập', 436),
(18088, 'Thạch Trung', 436),
(18091, 'Thạch Quý', 436),
(18094, 'Thạch Linh', 436),
(18097, 'Văn Yên', 436),
(18100, 'Thạch Hạ', 436),
(18103, 'Đồng Môn', 436),
(18109, 'Thạch Hưng', 436),
(18112, 'Thạch Bình', 436),
(18115, 'Bắc Hồng', 437),
(18118, 'Nam Hồng', 437),
(18121, 'Trung Lương', 437),
(18124, 'Đức Thuận', 437),
(18127, 'Đậu Liêu', 437),
(18130, 'Thuận Lộc', 437),
(18133, 'Phố Châu', 439),
(18136, ' Tây Sơn', 439),
(18139, 'Sơn Hồng', 439),
(18142, 'Sơn Tiến', 439),
(18145, 'Sơn Lâm', 439),
(18148, 'Sơn Lễ', 439),
(18157, 'Sơn Giang', 439),
(18160, 'Sơn Lĩnh', 439),
(18163, 'An Hòa Thịnh', 439),
(18172, 'Sơn Tây', 439),
(18175, 'Sơn Ninh', 439),
(18178, 'Sơn Châu', 439),
(18181, 'Tân Mỹ Hà', 439),
(18184, 'Quang Diệm', 439),
(18187, 'Sơn Trung', 439),
(18190, 'Sơn Bằng', 439),
(18193, 'Sơn Bình', 439),
(18196, 'Sơn Kim 1', 439),
(18199, 'Sơn Kim 2', 439),
(18202, 'Sơn Trà', 439),
(18205, 'Sơn Long', 439),
(18211, 'Kim Hoa', 439),
(18214, 'Sơn Hàm', 439),
(18217, 'Sơn Phú', 439),
(18223, 'Sơn Trường', 439),
(18229, 'Đức Thọ', 440),
(18235, 'Quang Vĩnh', 440),
(18241, 'Tùng Châu', 440),
(18244, 'Trường Sơn', 440),
(18247, 'Liên Minh', 440),
(18253, 'Yên Hồ', 440),
(18259, 'Tùng Ảnh', 440),
(18262, 'Bùi La Nhân', 440),
(18274, 'Thanh Bình Thịnh', 440),
(18277, 'Lâm Trung Thủy', 440),
(18280, 'Hòa Lạc', 440),
(18283, 'Tân Dân', 440),
(18298, 'An Dũng', 440),
(18304, 'Đức Đồng', 440),
(18307, 'Đức Lạng', 440),
(18310, 'Tân Hương', 440),
(18313, 'Vũ Quang', 441),
(18316, 'Ân Phú', 441),
(18319, 'Đức Giang', 441),
(18322, 'Đức Lĩnh', 441),
(18325, 'Thọ Điền', 441),
(18328, 'Đức Hương', 441),
(18331, 'Đức Bồng', 441),
(18334, 'Đức Liên', 441),
(18340, 'Hương Minh', 441),
(18343, 'Quang Thọ', 441),
(18352, 'Xuân An', 442),
(18355, 'Xuân Hội', 442),
(18358, 'Đan Trường', 442),
(18364, 'Xuân Phổ', 442),
(18367, 'Xuân Hải', 442),
(18370, 'Xuân Giang', 442),
(18373, 'Tiên Điền', 442),
(18376, 'Xuân Yên', 442),
(18379, 'Xuân Mỹ', 442),
(18382, 'Xuân Thành', 442),
(18385, 'Xuân Viên', 442),
(18388, 'Xuân Hồng', 442),
(18391, 'Cỗ Đạm', 442),
(18394, 'Xuân Liên', 442),
(18397, 'Xuân Lĩnh', 442),
(18400, 'Xuân Lam', 442),
(18403, 'Cương Gián', 442),
(18406, 'Nghèn', 443),
(18409, 'Tân Lộc', 448),
(18412, 'Hồng Lộc', 448),
(18415, 'Thiên Lộc', 443),
(18418, 'Thuần Thiện', 443),
(18421, 'Thịnh Lộc', 448),
(18427, 'Vượng Lộc', 443),
(18430, 'Bình An', 448),
(18433, 'Thanh Lộc', 443),
(18436, 'Kim Song Trường', 443),
(18439, 'Thường Nga', 443),
(18445, 'Tùng Lộc', 443),
(18454, 'Phú Lộc', 443),
(18457, 'Ích Hậu', 448),
(18463, 'Gia Hanh', 443),
(18466, 'Khánh Vĩnh Yên', 443),
(18472, 'Trung Lộc', 443),
(18475, 'Xuân Lộc', 443),
(18478, 'Thượng Lộc', 443),
(18481, 'Quang Lộc', 443),
(18484, 'Đồng Lộc', 443),
(18487, 'Mỹ Lộc', 443),
(18490, 'Sơn Lộc', 443),
(18493, 'Phù Lưu', 448),
(18496, 'Hương Khê', 444),
(18499, 'Điền Mỹ', 444),
(18502, 'Hà Linh', 444),
(18505, 'Hương Thủy', 444),
(18508, 'Hòa Hải', 444),
(18514, 'Phúc Đồng', 444),
(18517, 'Hương Giang', 444),
(18520, 'Lộc Yên', 444),
(18523, 'Hương Bình', 444),
(18526, 'Hương Long', 444),
(18529, 'Phú Gia', 444),
(18532, 'Gia Phố', 444),
(18535, 'Phú Phong', 444),
(18538, 'Hương Đô', 444),
(18541, 'Hương Vĩnh', 444),
(18544, 'Hương Xuân', 444),
(18547, 'Phúc Trạch', 444),
(18550, 'Hương Trà', 444),
(18553, 'Hương Trạch', 444),
(18556, 'Hương Lâm', 444),
(18559, 'Hương Liên', 444),
(18562, 'Thạch Hà', 445),
(18565, 'Ngọc Sơn', 445),
(18568, 'Lộc Hà', 448),
(18571, 'Thạch Hải', 445),
(18577, 'Thạch Mỹ', 448),
(18580, 'Thạch Kim', 448),
(18583, 'Thạch Châu', 448),
(18586, 'Thạch Kênh', 445),
(18589, 'Thạch Sơn', 445),
(18592, 'Thạch Liên', 445),
(18595, 'Đỉnh Bàn', 445),
(18598, 'Hộ Độ', 448),
(18601, 'Việt Tiến', 445),
(18604, 'Thạch Khê', 445),
(18607, 'Thạch Long', 445),
(18619, 'Thạch Trị', 445),
(18622, 'Thạch Lạc', 445),
(18625, 'Thạch Ngọc', 445),
(18628, 'Tượng Sơn', 445),
(18631, 'Thạch Văn', 445),
(18634, 'Lưu Vĩnh Sơn', 445),
(18637, 'Thạch Thắng', 445),
(18643, 'Thạch Đài', 445),
(18649, 'Thạch Hội', 445),
(18652, 'Tân Lâm Hương', 445),
(18658, 'Thạch Xuân', 445),
(18667, 'Nam Điền', 445),
(18670, 'Mai Phụ', 448),
(18673, 'Cẩm Xuyên', 446),
(18676, 'Thiên Cầm', 446),
(18679, 'Yên Hòa', 446),
(18682, 'Cẩm Dương', 446),
(18685, 'Cẩm Bình', 446),
(18691, 'Cẩm Vĩnh', 446),
(18694, 'Cẩm Thành', 446),
(18697, 'Cẩm Quang', 446),
(18706, 'Cẩm Thạch', 446),
(18709, 'Cẩm Nhượng', 446),
(18712, 'Nam Phúc Thăng', 446),
(18715, 'Cẩm Duệ', 446),
(18721, 'Cẩm Lĩnh', 446),
(18724, 'Cẩm Quan', 446),
(18727, 'Cẩm Hà', 446),
(18730, 'Cẩm Lộc', 446),
(18733, 'Cẩm Hưng', 446),
(18736, 'Cẩm Thịnh', 446),
(18739, 'Cẩm Mỹ', 446),
(18742, 'Cẩm Trung', 446),
(18745, 'Cẩm Sơn', 446),
(18748, 'Cẩm Lạc', 446),
(18751, 'Cẩm Minh', 446),
(18754, 'Hưng Trí', 449),
(18757, 'Kỳ Xuân', 447),
(18760, 'Kỳ Bắc', 447),
(18763, 'Kỳ Phú', 447),
(18766, 'Kỳ Phong', 447),
(18769, 'Kỳ Tiến', 447),
(18772, 'Kỳ Giang', 447),
(18775, 'Kỳ Đồng', 447),
(18778, 'Kỳ Khang', 447),
(18781, 'Kỳ Ninh', 449),
(18784, 'Kỳ Văn', 447),
(18787, 'Kỳ Trung', 447),
(18790, 'Kỳ Thọ', 447),
(18793, 'Kỳ Tây', 447),
(18796, 'Kỳ Lợi', 449),
(18799, 'Kỳ Thượng', 447),
(18802, 'Kỳ Hải', 447),
(18805, 'Kỳ Thư', 447),
(18808, 'Kỳ Hà', 449),
(18811, 'Kỳ Châu', 447),
(18814, 'Kỳ Tân', 447),
(18820, 'Kỳ Trinh', 449),
(18823, 'Kỳ Thịnh', 449),
(18829, 'Kỳ Hoa', 449),
(18832, 'Kỳ Phương', 449),
(18835, 'Kỳ Long', 449),
(18838, 'Lâm Hợp', 447),
(18841, 'Kỳ Liên', 449),
(18844, 'Kỳ Sơn', 447),
(18847, 'Kỳ Nam', 449),
(18850, 'Kỳ Lạc', 447),
(18853, 'Hải Thành', 450),
(18856, 'Đồng Phú', 450),
(18859, 'Bắc Lý', 450),
(18865, 'Nam Lý', 450),
(18868, 'Đồng Hải', 450),
(18871, 'Đồng Sơn', 450),
(18874, 'Phú Hải', 450),
(18877, 'Bắc Nghĩa', 450),
(18880, 'Đức Ninh Đông', 450),
(18883, 'Quang Phú', 450),
(18886, 'Lộc Ninh', 450),
(18889, 'Bảo Ninh', 450),
(18892, 'Nghĩa Ninh', 450),
(18895, 'Thuận Đức', 450),
(18898, 'Đức Ninh', 450),
(18901, 'Quy Đạt', 452),
(18904, 'Dân Hóa', 452),
(18907, 'Trọng Hóa', 452),
(18910, 'Hóa Phúc', 452),
(18913, 'Hồng Hóa', 452),
(18916, 'Hóa Thanh', 452),
(18919, 'Hóa Tiến', 452),
(18922, 'Hóa Hợp', 452),
(18925, 'Xuân Hóa', 452),
(18928, 'Yên Hóa', 452),
(18931, 'Minh Hóa', 452),
(18934, 'Tân Hóa', 452),
(18937, 'Hóa Sơn', 452),
(18943, 'Trung Hóa', 452),
(18946, 'Thượng Hóa', 452),
(18949, 'Đồng Lê', 453),
(18952, 'Hương Hóa', 453),
(18955, 'Kim Hóa', 453),
(18958, 'Thanh Hóa', 453),
(18961, 'Thanh Thạch', 453),
(18964, 'Thuận Hóa', 453),
(18967, 'Lâm Hóa', 453),
(18970, 'Lê Hóa', 453),
(18973, 'Sơn Hóa', 453),
(18976, 'Đồng Hóa', 453),
(18979, 'Ngư Hóa', 453),
(18985, 'Thạch Hóa', 453),
(18988, 'Đức Hóa', 453),
(18991, 'Phong Hóa', 453),
(18994, 'Mai Hóa', 453),
(18997, 'Tiến Hóa', 453),
(19000, 'Châu Hóa', 453),
(19003, 'Cao Quảng', 453),
(19006, 'Văn Hóa', 453),
(19009, 'Ba Đồn', 458),
(19012, 'Quảng Hợp', 454),
(19015, 'Quảng Kim', 454),
(19018, 'Quảng Đông', 454),
(19021, 'Quảng Phú', 454),
(19024, 'Quảng Châu', 454),
(19027, 'Quảng Thạch', 454),
(19030, 'Quảng Lưu', 454),
(19033, 'Quảng Tùng', 454),
(19036, 'Cảnh Dương', 454),
(19039, 'Quảng Tiến', 454),
(19042, 'Quảng Hưng', 454),
(19045, 'Quảng Xuân', 454),
(19048, 'Cảnh Hóa', 454),
(19051, 'Liên Trường', 454),
(19057, 'Quảng Phương', 454),
(19060, 'Quảng Long', 458),
(19063, 'Phù Hóa', 454),
(19066, 'Quảng Thọ', 458),
(19069, 'Quảng Tiên', 458),
(19072, 'Quảng Thanh', 454),
(19075, 'Quảng Trung', 458),
(19078, 'Quảng Phong', 458),
(19081, 'Quảng Thuận', 458),
(19084, 'Quảng Tân', 458),
(19087, 'Quảng Hải', 458),
(19090, 'Quảng Sơn', 458),
(19093, 'Quảng Lộc', 458),
(19096, 'Quảng Thủy', 458),
(19099, 'Quảng Văn', 458),
(19102, 'Quảng Phúc', 458),
(19105, 'Quảng Hòa', 458),
(19108, 'Quảng Minh', 458),
(19111, 'Hoàn Lão', 455),
(19114, 'NT Việt Trung', 455),
(19117, 'Xuân Trạch', 455),
(19120, 'Mỹ Trạch', 455),
(19123, 'Hạ Trạch', 455),
(19126, 'Bắc Trạch', 455),
(19129, 'Lâm Trạch', 455),
(19132, 'Thanh Trạch', 455),
(19135, 'Liên Trạch', 455),
(19138, 'Phúc Trạch', 455),
(19141, 'Cự Nẫm', 455),
(19144, 'Hải Phú', 455),
(19147, 'Thượng Trạch', 455),
(19150, 'Sơn Lộc', 455),
(19156, 'Hưng Trạch', 455),
(19159, 'Đồng Trạch', 455),
(19162, 'Đức Trạch', 455),
(19165, 'Phong Nha', 455),
(19168, 'Vạn Trạch', 455),
(19174, 'Phú Định', 455),
(19177, 'Trung Trạch', 455),
(19180, 'Tây Trạch', 455),
(19183, 'Hòa Trạch', 455),
(19186, 'Đại Trạch', 455),
(19189, 'Nhân Trạch', 455),
(19192, 'Tân Trạch', 455),
(19195, 'Nam Trạch', 455),
(19198, 'Lý Trạch', 455),
(19201, 'Quán Hàu', 456),
(19204, 'Trường Sơn', 456),
(19207, 'Lương Ninh', 456),
(19210, 'Vĩnh Ninh', 456),
(19213, 'Võ Ninh', 456),
(19216, 'Hải Ninh', 456),
(19219, 'Hàm Ninh', 456),
(19222, 'Duy Ninh', 456),
(19225, 'Gia Ninh', 456),
(19228, 'Trường Xuân', 456),
(19231, 'Hiền Ninh', 456),
(19234, 'Tân Ninh', 456),
(19237, 'Xuân Ninh', 456),
(19240, 'An Ninh', 456),
(19243, 'Vạn Ninh', 456),
(19246, 'NT Lệ Ninh', 457),
(19249, 'Kiến Giang', 457),
(19252, 'Hồng Thủy', 457),
(19255, 'Ngư Thủy Bắc', 457),
(19258, 'Hoa Thủy', 457),
(19261, 'Thanh Thủy', 457),
(19264, 'An Thủy', 457),
(19267, 'Phong Thủy', 457),
(19270, 'Cam Thủy', 457),
(19273, 'Ngân Thủy', 457),
(19276, 'Sơn Thủy', 457),
(19279, 'Lộc Thủy', 457),
(19285, 'Liên Thủy', 457),
(19288, 'Hưng Thủy', 457),
(19291, 'Dương Thủy', 457),
(19294, 'Tân Thủy', 457),
(19297, 'Phú Thủy', 457),
(19300, 'Xuân Thủy', 457),
(19303, 'Mỹ Thủy', 457),
(19306, 'Ngư Thủy ', 457),
(19309, 'Mai Thủy', 457),
(19312, 'Sen Thủy', 457),
(19315, 'Thái Thủy', 457),
(19318, 'Kim Thủy', 457),
(19321, 'Trường Thủy', 457),
(19327, 'Lâm Thủy', 457),
(19330, 'Đông Giang', 461),
(19333, 'Phường 1', 461),
(19336, 'Đông Lễ', 461),
(19339, 'Đông Thanh', 461),
(19342, 'Phường 2', 461),
(19345, 'Phường 4', 461),
(19348, 'Phường 5', 461),
(19351, 'Đông Lương', 461),
(19354, 'Phường 3', 461),
(19357, 'Phường 1', 462),
(19358, 'An Đôn', 462),
(19360, 'Phường 2', 462),
(19361, 'Phường 3', 462),
(19363, 'Hồ Xá', 464),
(19366, 'Bến Quan', 464),
(19369, 'Vĩnh Thái', 464),
(19372, 'Vĩnh Tú', 464),
(19375, 'Vĩnh Chấp', 464),
(19378, 'Trung Nam', 464),
(19384, 'Kim Thạch', 464),
(19387, 'Vĩnh Long', 464),
(19393, 'Vĩnh Khê', 464),
(19396, 'Vĩnh Hòa', 464),
(19402, 'Vĩnh Thủy', 464),
(19405, 'Vĩnh Lâm', 464),
(19408, 'Hiền Thành', 464),
(19414, 'Cửa Tùng', 464),
(19417, 'Vĩnh Hà', 464),
(19420, 'Vĩnh Sơn', 464),
(19423, 'Vĩnh Giang', 464),
(19426, 'Vĩnh Ô', 464),
(19429, 'Khe Sanh', 465),
(19432, 'Lao Bảo', 465),
(19435, 'Hướng Lập', 465),
(19438, 'Hướng Việt', 465),
(19441, 'Hướng Phùng', 465),
(19444, 'Hướng Sơn', 465),
(19447, 'Hướng Linh', 465),
(19450, 'Tân Hợp', 465),
(19453, 'Hướng Tân', 465),
(19456, 'Tân Thành', 465),
(19459, 'Tân Long', 465),
(19462, 'Tân Lập', 465),
(19465, 'Tân Liên', 465),
(19468, 'Húc', 465),
(19471, 'Thuận', 465),
(19474, 'Hướng Lộc', 465),
(19477, 'Ba Tầng', 465),
(19480, 'Thanh', 465),
(19483, ' A Dơi', 465),
(19489, 'Lìa', 465),
(19492, 'Xy', 465),
(19495, 'Gio Linh', 466),
(19496, 'Cửa Việt', 466),
(19498, 'Trung Giang', 466),
(19501, 'Trung Hải', 466),
(19504, 'Trung Sơn', 466),
(19507, 'Phong Bình', 466),
(19510, 'Gio Mỹ', 466),
(19519, 'Gio Hải', 466),
(19522, 'Gio An', 466),
(19525, 'Gio Châu', 466),
(19531, 'Gio Việt', 466),
(19534, 'Linh Trường', 466),
(19537, 'Gio Sơn', 466),
(19543, 'Gio Mai', 466),
(19546, 'Hải Thái', 466),
(19549, 'Linh Hải', 466),
(19552, 'Gio Quang', 466),
(19555, 'Krông Klang', 467),
(19558, 'Mò Ó', 467),
(19561, 'Hướng Hiệp', 467),
(19564, 'Đa Krông', 467),
(19567, 'Triệu Nguyên', 467),
(19570, 'Ba Lòng', 467),
(19576, 'Ba Nang', 467),
(19579, 'Tà Long', 467),
(19582, 'Húc Nghì', 467),
(19585, 'A Vao', 467),
(19588, 'Tà Rụt', 467),
(19591, 'A Bung', 467),
(19594, 'A Ngo', 467),
(19597, 'Cam Lộ', 468),
(19600, 'Cam Tuyền', 468),
(19603, 'Thanh An', 468),
(19606, 'Cam Thủy', 468),
(19612, 'Cam Thành', 468),
(19615, 'Cam Hiếu', 468),
(19618, 'Cam Chính', 468),
(19621, 'Cam Nghĩa', 468),
(19624, 'Ái Tử', 469),
(19627, 'Triệu An', 469),
(19630, 'Triệu Vân', 469),
(19633, 'Triệu Phước', 469),
(19636, 'Triệu Độ', 469),
(19639, 'Triệu Trạch', 469),
(19642, 'Triệu Thuận', 469),
(19645, 'Triệu Đại', 469),
(19648, 'Triệu Hòa', 469),
(19651, 'Triệu Lăng', 469),
(19654, 'Triệu Sơn', 469),
(19657, 'Triệu Long', 469),
(19660, 'Triệu Tài', 469),
(19666, 'Triệu Trung', 469),
(19669, 'Triệu Ái', 469),
(19672, 'Triệu Thượng', 469),
(19675, 'Triệu Giang', 469),
(19678, 'Triệu Thành', 469),
(19681, 'Diên Sanh', 470),
(19684, 'Hải An', 470),
(19687, 'Hải Ba', 470),
(19693, 'Hải Quy', 470),
(19696, 'Hải Quế', 470),
(19699, 'Hải Hưng', 470),
(19702, 'Hải Phú', 470),
(19705, 'Hải Lệ', 462),
(19708, 'Hải Thượng', 470),
(19711, 'Hải Dương', 470),
(19714, 'Hải Định', 470),
(19717, 'Hải Lâm', 470),
(19726, 'Hải Phong', 470),
(19729, 'Hải Trường', 470),
(19735, 'Hải Sơn', 470),
(19738, 'Hải Chánh', 470),
(19741, 'Hải Khê', 470),
(19750, 'Tây Lộc', 474),
(19753, 'Thuận Lộc', 474),
(19756, 'Gia Hội', 474),
(19759, 'Phú Hậu', 474),
(19762, 'Thuận Hòa', 474),
(19768, 'Đông Ba', 474),
(19774, 'Kim Long', 474),
(19777, 'Vỹ Dạ', 474),
(19780, 'Đúc', 474),
(19783, 'Vĩnh Ninh', 474),
(19786, 'Phú Hội', 474),
(19789, 'Phú Nhuận', 474),
(19792, 'Xuân Phú', 474),
(19795, 'Trường An', 474),
(19798, 'Phước Vĩnh', 474),
(19801, 'An Cựu', 474),
(19803, 'An Hòa', 474),
(19804, 'Hương Sơ', 474),
(19807, 'Thuỷ Biều', 474),
(19810, 'Hương Long', 474),
(19813, 'Thuỷ Xuân', 474),
(19815, 'An Đông', 474),
(19816, 'An Tây', 474),
(19819, 'Phong Điền', 476),
(19822, 'Điền Hương', 476),
(19825, 'Điền Môn', 476),
(19828, 'Điền Lộc', 476),
(19831, 'Phong Bình', 476),
(19834, 'Điền Hòa', 476),
(19837, 'Phong Chương', 476),
(19840, 'Phong Hải', 476),
(19843, 'Điền Hải', 476),
(19846, 'Phong Hòa', 476),
(19849, 'Phong Thu', 476),
(19852, 'Phong Hiền', 476),
(19855, 'Phong Mỹ', 476),
(19858, 'Phong An', 476),
(19861, 'Phong Xuân', 476),
(19864, 'Phong Sơn', 476),
(19867, 'Sịa', 477),
(19870, 'Quảng Thái', 477),
(19873, 'Quảng Ngạn', 477),
(19876, 'Quảng Lợi', 477),
(19879, 'Quảng Công', 477),
(19882, 'Quảng Phước', 477),
(19885, 'Quảng Vinh', 477),
(19888, 'Quảng An', 477),
(19891, 'Quảng Thành', 477),
(19894, 'Quảng Thọ', 477),
(19897, 'Quảng Phú', 477),
(19900, 'Thuận An', 474),
(19903, 'Phú Thuận', 478),
(19906, 'Phú Dương', 474),
(19909, 'Phú Mậu', 474),
(19912, 'Phú An', 478),
(19915, 'Phú Hải', 478),
(19918, 'Phú Xuân', 478),
(19921, 'Phú Diên', 478),
(19924, 'Phú Thanh', 474),
(19927, 'Phú Mỹ', 478),
(19930, 'Phú Thượng', 474),
(19933, 'Phú Hồ', 478),
(19936, 'Vinh Xuân', 478),
(19939, 'Phú Lương', 478),
(19942, 'Phú Đa', 478),
(19945, 'Vinh Thanh', 478),
(19948, 'Vinh An', 478),
(19954, 'Phú Gia', 478),
(19957, 'Vinh Hà', 478),
(19960, 'Phú Bài', 479),
(19963, 'Thủy Vân', 474),
(19966, 'Thủy Thanh', 479),
(19969, 'Thủy Dương', 479),
(19972, 'Thủy Phương', 479),
(19975, 'Thủy Châu', 479),
(19978, 'Thủy Lương', 479),
(19981, 'Thủy Bằng', 474),
(19984, 'Thủy Tân', 479),
(19987, 'Thủy Phù', 479),
(19990, 'Phú Sơn', 479),
(19993, 'Dương Hòa', 479),
(19996, 'Tứ Hạ', 480),
(19999, 'Hải Dương', 474),
(20002, 'Hương Phong', 474),
(20005, 'Hương Toàn', 480),
(20008, 'Hương Vân', 480),
(20011, 'Hương Văn', 480),
(20014, 'Hương Vinh', 474),
(20017, 'Hương Xuân', 480),
(20020, 'Hương Chữ', 480),
(20023, 'Hương An', 474),
(20026, 'Hương Bình', 480),
(20029, 'Hương Hồ', 474),
(20032, 'Hương Thọ', 474),
(20035, 'Bình Tiến', 480),
(20041, 'Bình Thành', 480),
(20044, 'A Lưới', 481),
(20047, 'Hồng Vân', 481),
(20050, 'Hồng Hạ', 481),
(20053, 'Hồng Kim', 481),
(20056, 'Trung Sơn', 481),
(20059, 'Hương Nguyên', 481),
(20065, 'Hồng Bắc', 481),
(20068, 'A Ngo', 481),
(20071, 'Sơn Thủy', 481),
(20074, 'Phú Vinh', 481),
(20080, 'Hương Phong', 481),
(20083, 'Quảng Nhâm', 481),
(20086, 'Hồng Thượng', 481),
(20089, 'Hồng Thái', 481),
(20095, 'A Roàng', 481);
INSERT INTO `sub_districts` (`id`, `name`, `district_id`) VALUES
(20098, 'Đông Sơn', 481),
(20101, 'Lâm Đớt', 481),
(20104, 'Hồng Thủy', 481),
(20107, 'Phú Lộc', 482),
(20110, 'Lăng Cô', 482),
(20113, 'Vinh Mỹ', 482),
(20116, 'Vinh Hưng', 482),
(20122, 'Giang Hải', 482),
(20125, 'Vinh Hiền', 482),
(20128, 'Lộc Bổn', 482),
(20131, 'Lộc Sơn', 482),
(20134, 'Lộc Bình', 482),
(20137, 'Lộc Vĩnh', 482),
(20140, 'Lộc An', 482),
(20143, 'Lộc Điền', 482),
(20146, 'Lộc Thủy', 482),
(20149, 'Lộc Trì', 482),
(20152, 'Lộc Tiến', 482),
(20155, 'Lộc Hòa', 482),
(20158, 'Xuân Lộc', 482),
(20161, 'Khe Tre', 483),
(20164, 'Hương Phú', 483),
(20167, 'Hương Sơn', 483),
(20170, 'Hương Lộc', 483),
(20173, 'Thượng Quảng', 483),
(20179, 'Hương Xuân', 483),
(20182, 'Hương Hữu', 483),
(20185, 'Thượng Lộ', 483),
(20188, 'Thượng Long', 483),
(20191, 'Thượng Nhật', 483),
(20194, 'Hòa Hiệp Bắc', 490),
(20195, 'Hòa Hiệp Nam', 490),
(20197, 'Hòa Khánh Bắc', 490),
(20198, 'Hòa Khánh Nam', 490),
(20200, 'Hòa Minh', 490),
(20203, 'Tam Thuận', 491),
(20206, 'Thanh Khê Tây', 491),
(20207, 'Thanh Khê Đông', 491),
(20209, 'Xuân Hà', 491),
(20212, 'Tân Chính', 491),
(20215, 'Chính Gián', 491),
(20218, 'Vĩnh Trung', 491),
(20221, 'Thạc Gián', 491),
(20224, 'An Khê', 491),
(20225, 'Hòa Khê', 491),
(20227, 'Thanh Bình', 492),
(20230, 'Thuận Phước', 492),
(20233, 'Thạch Thang', 492),
(20236, 'Hải Châu  I', 492),
(20239, 'Hải Châu II', 492),
(20242, 'Phước Ninh', 492),
(20245, 'Hòa Thuận Tây', 492),
(20246, 'Hòa Thuận Đông', 492),
(20248, 'Nam Dương', 492),
(20251, 'Bình Hiên', 492),
(20254, 'Bình Thuận', 492),
(20257, 'Hòa Cường Bắc', 492),
(20258, 'Hòa Cường Nam', 492),
(20260, 'Khuê Trung', 495),
(20263, 'Thọ Quang', 493),
(20266, 'Nại Hiên Đông', 493),
(20269, 'Mân Thái', 493),
(20272, 'An Hải Bắc', 493),
(20275, 'Phước Mỹ', 493),
(20278, 'An Hải Tây', 493),
(20281, 'An Hải Đông', 493),
(20284, 'Mỹ An', 494),
(20285, 'Khuê Mỹ', 494),
(20287, 'Hoà Quý', 494),
(20290, 'Hoà Hải', 494),
(20293, 'Hòa Bắc', 497),
(20296, 'Hòa Liên', 497),
(20299, 'Hòa Ninh', 497),
(20302, 'Hòa Sơn', 497),
(20305, 'Hòa Phát', 495),
(20306, 'Hòa An', 495),
(20308, 'Hòa Nhơn', 497),
(20311, 'Hòa Thọ Tây', 495),
(20312, 'Hòa Thọ Đông', 495),
(20314, 'Hòa Xuân', 495),
(20317, 'Hòa Phú', 497),
(20320, 'Hòa Phong', 497),
(20323, 'Hòa Châu', 497),
(20326, 'Hòa Tiến', 497),
(20329, 'Hòa Phước', 497),
(20332, 'Hòa Khương', 497),
(20335, 'Tân Thạnh', 502),
(20338, 'Phước Hòa', 502),
(20341, 'An Mỹ', 502),
(20344, 'Hòa Hương', 502),
(20347, 'An Xuân', 502),
(20350, 'An Sơn', 502),
(20353, 'Trường Xuân', 502),
(20356, 'An Phú', 502),
(20359, 'Tam Thanh', 502),
(20362, 'Tam Thăng', 502),
(20364, 'Phú Thịnh', 518),
(20365, 'Tam Thành', 518),
(20368, 'Tam An', 518),
(20371, 'Tam Phú', 502),
(20374, 'Tam Đàn', 518),
(20375, 'Hoà Thuận', 502),
(20377, 'Tam Lộc', 518),
(20380, 'Tam Phước', 518),
(20383, 'Tam Vinh', 518),
(20386, 'Tam Thái', 518),
(20387, 'Tam Đại', 518),
(20389, 'Tam Ngọc', 502),
(20392, 'Tam Dân', 518),
(20395, 'Tam Lãnh', 518),
(20398, 'Minh An', 503),
(20401, 'Tân An', 503),
(20404, 'Cẩm Phô', 503),
(20407, 'Thanh Hà', 503),
(20410, 'Sơn Phong', 503),
(20413, 'Cẩm Châu', 503),
(20416, 'Cửa Đại', 503),
(20419, 'Cẩm An', 503),
(20422, 'Cẩm Hà', 503),
(20425, 'Cẩm Kim', 503),
(20428, 'Cẩm Nam', 503),
(20431, 'Cẩm Thanh', 503),
(20434, 'Tân Hiệp', 503),
(20437, 'Ch', 504),
(20440, 'Ga Ri', 504),
(20443, 'A Xan', 504),
(20446, 'Tr', 504),
(20449, 'Lăng', 504),
(20452, 'A Nông', 504),
(20455, 'A Tiêng', 504),
(20458, 'Bha Lê', 504),
(20461, 'A Vương', 504),
(20464, 'Dang', 504),
(20467, 'P Rao', 505),
(20470, 'Tà Lu', 505),
(20473, 'Sông Kôn', 505),
(20476, 'Jơ Ngây', 505),
(20479, 'A Ting', 505),
(20482, ' Tư', 505),
(20485, 'Ba', 505),
(20488, 'A Rooi', 505),
(20491, 'Za Hung', 505),
(20494, 'Mà Cooi', 505),
(20497, 'Ka Dăng', 505),
(20500, 'Ái Nghĩa', 506),
(20503, 'Đại Sơn', 506),
(20506, 'Đại Lãnh', 506),
(20509, 'Đại Hưng', 506),
(20512, 'Đại Hồng', 506),
(20515, 'Đại Đồng', 506),
(20518, 'Đại Quang', 506),
(20521, 'Đại Nghĩa', 506),
(20524, 'Đại Hiệp', 506),
(20527, 'Đại Thạnh', 506),
(20530, 'Đại Chánh', 506),
(20533, 'Đại Tân', 506),
(20536, 'Đại Phong', 506),
(20539, 'Đại Minh', 506),
(20542, 'Đại Thắng', 506),
(20545, 'Đại Cường', 506),
(20547, 'Đại An', 506),
(20548, 'Đại Hòa', 506),
(20551, 'Vĩnh Điện', 507),
(20554, 'Điện Tiến', 507),
(20557, 'Điện Hòa', 507),
(20560, 'Điện Thắng Bắc', 507),
(20561, 'Điện Thắng Trung', 507),
(20562, 'Điện Thắng Nam', 507),
(20563, 'Điện Ngọc', 507),
(20566, 'Điện Hồng', 507),
(20569, 'Điện Thọ', 507),
(20572, 'Điện Phước', 507),
(20575, 'Điện An', 507),
(20578, 'Điện Nam Bắc', 507),
(20579, 'Điện Nam Trung', 507),
(20580, 'Điện Nam Đông', 507),
(20581, 'Điện Dương', 507),
(20584, 'Điện Quang', 507),
(20587, 'Điện Trung', 507),
(20590, 'Điện Phong', 507),
(20593, 'Điện Minh', 507),
(20596, 'Điện Phương', 507),
(20599, 'Nam Phước', 508),
(20602, 'Duy Thu', 508),
(20605, 'Duy Phú', 508),
(20608, 'Duy Tân', 508),
(20611, 'Duy Hòa', 508),
(20614, 'Duy Châu', 508),
(20617, 'Duy Trinh', 508),
(20620, 'Duy Sơn', 508),
(20623, 'Duy Trung', 508),
(20626, 'Duy Phước', 508),
(20629, 'Duy Thành', 508),
(20632, 'Duy Vinh', 508),
(20635, 'Duy Nghĩa', 508),
(20638, 'Duy Hải', 508),
(20641, 'Đông Phú', 509),
(20644, 'Quế Xuân 1', 509),
(20647, 'Quế Xuân 2', 509),
(20650, 'Quế Phú', 509),
(20651, 'Hương An', 509),
(20656, 'Quế Trung', 519),
(20659, 'Quế Hiệp', 509),
(20662, 'Quế Thuận', 509),
(20665, 'Quế Mỹ', 509),
(20668, 'Ninh Phước', 519),
(20669, 'Phước Ninh', 519),
(20671, 'Quế Lộc', 519),
(20672, 'Sơn Viên', 519),
(20677, 'Quế Long', 509),
(20680, 'Quế Châu', 509),
(20683, 'Quế Phong', 509),
(20686, 'Quế An', 509),
(20689, 'Quế Minh', 509),
(20692, 'Quế Lâm', 519),
(20695, 'Thạnh Mỹ', 510),
(20698, 'Laêê', 510),
(20699, 'Chơ Chun', 510),
(20701, 'Zuôich', 510),
(20702, 'Tà Pơơ', 510),
(20704, 'La Dêê', 510),
(20705, 'Đắc Tôi', 510),
(20707, 'Chà Vàl', 510),
(20710, 'Tà Bhinh', 510),
(20713, 'Cà Dy', 510),
(20716, 'Đắc Pre', 510),
(20719, 'Đắc Pring', 510),
(20722, 'Khâm Đức', 511),
(20725, 'Phước Xuân', 511),
(20728, 'Phước Hiệp', 511),
(20729, 'Phước Hoà', 511),
(20731, 'Phước Đức', 511),
(20734, 'Phước Năng', 511),
(20737, 'Phước Mỹ', 511),
(20740, 'Phước Chánh', 511),
(20743, 'Phước Công', 511),
(20746, 'Phước Kim', 511),
(20749, 'Phước Lộc', 511),
(20752, 'Phước Thành', 511),
(20758, 'Hiệp Hòa', 512),
(20761, 'Hiệp Thuận', 512),
(20764, 'Quế Thọ', 512),
(20767, 'Bình Lâm', 512),
(20770, 'Sông Trà', 512),
(20773, 'Phước Trà', 512),
(20776, 'Phước Gia', 512),
(20779, 'Tân Bình', 512),
(20782, 'Quế Lưu', 512),
(20785, 'Thăng Phước', 512),
(20788, 'Bình Sơn', 512),
(20791, 'Hà Lam', 513),
(20794, 'Bình Dương', 513),
(20797, 'Bình Giang', 513),
(20800, 'Bình Nguyên', 513),
(20803, 'Bình Phục', 513),
(20806, 'Bình Triều', 513),
(20809, 'Bình Đào', 513),
(20812, 'Bình Minh', 513),
(20815, 'Bình Lãnh', 513),
(20818, 'Bình Trị', 513),
(20821, 'Bình Định Bắc', 513),
(20822, 'Bình Định Nam', 513),
(20824, 'Bình Quý', 513),
(20827, 'Bình Phú', 513),
(20830, 'Bình Chánh', 513),
(20833, 'Bình Tú', 513),
(20836, 'Bình Sa', 513),
(20839, 'Bình Hải', 513),
(20842, 'Bình Quế', 513),
(20845, 'Bình An', 513),
(20848, 'Bình Trung', 513),
(20851, 'Bình Nam', 513),
(20854, 'Tiên Kỳ', 514),
(20857, 'Tiên Sơn', 514),
(20860, 'Tiên Hà', 514),
(20863, 'Tiên Cẩm', 514),
(20866, 'Tiên Châu', 514),
(20869, 'Tiên Lãnh', 514),
(20872, 'Tiên Ngọc', 514),
(20875, 'Tiên Hiệp', 514),
(20878, 'Tiên Cảnh', 514),
(20881, 'Tiên Mỹ', 514),
(20884, 'Tiên Phong', 514),
(20887, 'Tiên Thọ', 514),
(20890, 'Tiên An', 514),
(20893, 'Tiên Lộc', 514),
(20896, 'Tiên Lập', 514),
(20899, 'Trà My', 515),
(20900, 'Trà Sơn', 515),
(20902, 'Trà Kót', 515),
(20905, 'Trà Nú', 515),
(20908, 'Trà Đông', 515),
(20911, 'Trà Dương', 515),
(20914, 'Trà Giang', 515),
(20917, 'Trà Bui', 515),
(20920, 'Trà Đốc', 515),
(20923, 'Trà Tân', 515),
(20926, 'Trà Giác', 515),
(20929, 'Trà Giáp', 515),
(20932, 'Trà Ka', 515),
(20935, 'Trà Leng', 516),
(20938, 'Trà Dơn', 516),
(20941, 'Trà Tập', 516),
(20944, 'Trà Mai', 516),
(20947, 'Trà Cang', 516),
(20950, 'Trà Linh', 516),
(20953, 'Trà Nam', 516),
(20956, 'Trà Don', 516),
(20959, 'Trà Vân', 516),
(20962, 'Trà Vinh', 516),
(20965, 'Núi Thành', 517),
(20968, 'Tam Xuân I', 517),
(20971, 'Tam Xuân II', 517),
(20974, 'Tam Tiến', 517),
(20977, 'Tam Sơn', 517),
(20980, 'Tam Thạnh', 517),
(20983, 'Tam Anh Bắc', 517),
(20984, 'Tam Anh Nam', 517),
(20986, 'Tam Hòa', 517),
(20989, 'Tam Hiệp', 517),
(20992, 'Tam Hải', 517),
(20995, 'Tam Giang', 517),
(20998, 'Tam Quang', 517),
(21001, 'Tam Nghĩa', 517),
(21004, 'Tam Mỹ Tây', 517),
(21005, 'Tam Mỹ Đông', 517),
(21007, 'Tam Trà', 517),
(21010, 'Lê Hồng Phong', 522),
(21013, 'Trần Phú', 522),
(21016, 'Quảng Phú', 522),
(21019, 'Nghĩa Chánh', 522),
(21022, 'Trần Hưng Đạo', 522),
(21025, 'Nguyễn Nghiêm', 522),
(21028, 'Nghĩa Lộ', 522),
(21031, 'Chánh Lộ', 522),
(21034, 'Nghĩa Dũng', 522),
(21037, 'Nghĩa Dõng', 522),
(21040, 'Châu Ổ', 524),
(21043, 'Bình Thuận', 524),
(21046, 'Bình Thạnh', 524),
(21049, 'Bình Đông', 524),
(21052, 'Bình Chánh', 524),
(21055, 'Bình Nguyên', 524),
(21058, 'Bình Khương', 524),
(21061, 'Bình Trị', 524),
(21064, 'Bình An', 524),
(21067, 'Bình Hải', 524),
(21070, 'Bình Dương', 524),
(21073, 'Bình Phước', 524),
(21079, 'Bình Hòa', 524),
(21082, 'Bình Trung', 524),
(21085, 'Bình Minh', 524),
(21088, 'Bình Long', 524),
(21091, 'Bình Thanh ', 524),
(21100, 'Bình Chương', 524),
(21103, 'Bình Hiệp', 524),
(21106, 'Bình Mỹ', 524),
(21109, 'Bình Tân Phú', 524),
(21112, 'Bình Châu', 524),
(21115, 'Trà Xuân', 525),
(21118, 'Trà Giang', 525),
(21121, 'Trà Thủy', 525),
(21124, 'Trà Hiệp', 525),
(21127, 'Trà Bình', 525),
(21130, 'Trà Phú', 525),
(21133, 'Trà Lâm', 525),
(21136, 'Trà Tân', 525),
(21139, 'Trà Sơn', 525),
(21142, 'Trà Bùi', 525),
(21145, 'Trà Thanh', 525),
(21148, 'Sơn Trà', 525),
(21154, 'Trà Phong', 525),
(21157, 'Hương Trà', 525),
(21163, 'Trà Xinh', 525),
(21166, 'Trà Tây', 525),
(21172, 'Trương Quang Trọng', 522),
(21175, 'Tịnh Thọ', 527),
(21178, 'Tịnh Trà', 527),
(21181, 'Tịnh Phong', 527),
(21184, 'Tịnh Hiệp', 527),
(21187, 'Tịnh Hòa', 522),
(21190, 'Tịnh Kỳ', 522),
(21193, 'Tịnh Bình', 527),
(21196, 'Tịnh Đông', 527),
(21199, 'Tịnh Thiện', 522),
(21202, 'Tịnh Ấn Đông', 522),
(21205, 'Tịnh Bắc', 527),
(21208, 'Tịnh Châu', 522),
(21211, 'Tịnh Khê', 522),
(21214, 'Tịnh Long', 522),
(21217, 'Tịnh Sơn', 527),
(21220, 'Tịnh Hà', 527),
(21223, 'Tịnh Ấn Tây', 522),
(21226, 'Tịnh Giang', 527),
(21229, 'Tịnh Minh', 527),
(21232, 'Tịnh An', 522),
(21235, 'La Hà', 528),
(21238, 'Sông Vệ', 528),
(21241, 'Nghĩa Lâm', 528),
(21244, 'Nghĩa Thắng', 528),
(21247, 'Nghĩa Thuận', 528),
(21250, 'Nghĩa Kỳ', 528),
(21253, 'Nghĩa Phú', 522),
(21256, 'Nghĩa Hà', 522),
(21259, 'Nghĩa Sơn', 528),
(21262, 'Nghĩa An', 522),
(21268, 'Nghĩa Hòa', 528),
(21271, 'Nghĩa Điền', 528),
(21274, 'Nghĩa Thương', 528),
(21277, 'Nghĩa Trung', 528),
(21280, 'Nghĩa Hiệp', 528),
(21283, 'Nghĩa Phương', 528),
(21286, 'Nghĩa Mỹ', 528),
(21289, 'Di Lăng', 529),
(21292, 'Sơn Hạ', 529),
(21295, 'Sơn Thành', 529),
(21298, 'Sơn Nham', 529),
(21301, 'Sơn Bao', 529),
(21304, 'Sơn Linh', 529),
(21307, 'Sơn Giang', 529),
(21310, 'Sơn Trung', 529),
(21313, 'Sơn Thượng', 529),
(21316, 'Sơn Cao', 529),
(21319, 'Sơn Hải', 529),
(21322, 'Sơn Thủy', 529),
(21325, 'Sơn Kỳ', 529),
(21328, 'Sơn Ba', 529),
(21331, 'Sơn Bua', 530),
(21334, 'Sơn Mùa', 530),
(21335, 'Sơn Liên', 530),
(21337, 'Sơn Tân', 530),
(21338, 'Sơn Màu', 530),
(21340, 'Sơn Dung', 530),
(21341, 'Sơn Long', 530),
(21343, 'Sơn Tinh', 530),
(21346, 'Sơn Lập', 530),
(21349, 'Long Sơn', 531),
(21352, 'Long Mai', 531),
(21355, 'Thanh An', 531),
(21358, 'Long Môn', 531),
(21361, 'Long Hiệp', 531),
(21364, 'Chợ Chùa', 532),
(21367, 'Hành Thuận', 532),
(21370, 'Hành Dũng', 532),
(21373, 'Hành Trung', 532),
(21376, 'Hành Nhân', 532),
(21379, 'Hành Đức', 532),
(21382, 'Hành Minh', 532),
(21385, 'Hành Phước', 532),
(21388, 'Hành Thiện', 532),
(21391, 'Hành Thịnh', 532),
(21394, 'Hành Tín Tây', 532),
(21397, 'Hành Tín  Đông', 532),
(21400, 'Mộ Đức', 533),
(21403, 'Đức Lợi', 533),
(21406, 'Đức Thắng', 533),
(21409, 'Đức Nhuận', 533),
(21412, 'Đức Chánh', 533),
(21415, 'Đức Hiệp', 533),
(21418, 'Đức Minh', 533),
(21421, 'Đức Thạnh', 533),
(21424, 'Đức Hòa', 533),
(21427, 'Đức Tân', 533),
(21430, 'Đức Phú', 533),
(21433, 'Đức Phong', 533),
(21436, 'Đức Lân', 533),
(21439, 'Nguyễn Nghiêm', 534),
(21442, 'Phổ An', 534),
(21445, 'Phổ Phong', 534),
(21448, 'Phổ Thuận', 534),
(21451, 'Phổ Văn', 534),
(21454, 'Phổ Quang', 534),
(21457, 'Phổ Nhơn', 534),
(21460, 'Phổ Ninh', 534),
(21463, 'Phổ Minh', 534),
(21466, 'Phổ Vinh', 534),
(21469, 'Phổ Hòa', 534),
(21472, 'Phổ Cường', 534),
(21475, 'Phổ Khánh', 534),
(21478, 'Phổ Thạnh', 534),
(21481, 'Phổ Châu', 534),
(21484, 'Ba Tơ', 535),
(21487, 'Ba Điền', 535),
(21490, 'Ba Vinh', 535),
(21493, 'Ba Thành', 535),
(21496, 'Ba Động', 535),
(21499, 'Ba Dinh', 535),
(21500, 'Ba Giang', 535),
(21502, 'Ba Liên', 535),
(21505, 'Ba Ngạc', 535),
(21508, 'Ba Khâm', 535),
(21511, 'Ba Cung', 535),
(21517, 'Ba Tiêu', 535),
(21520, 'Ba Trang', 535),
(21523, 'Ba Tô', 535),
(21526, 'Ba Bích', 535),
(21529, 'Ba Vì', 535),
(21532, 'Ba Lế', 535),
(21535, 'Ba Nam', 535),
(21538, 'Ba Xa', 535),
(21550, 'Nhơn Bình', 540),
(21553, 'Nhơn Phú', 540),
(21556, 'Đống Đa', 540),
(21559, 'Trần Quang Diệu', 540),
(21562, 'Hải Cảng', 540),
(21565, 'Quang Trung', 540),
(21568, 'Thị Nại', 540),
(21571, 'Lê Hồng Phong', 540),
(21574, 'Trần Hưng Đạo', 540),
(21577, 'Ngô Mây', 540),
(21580, 'Lý Thường Kiệt', 540),
(21583, 'Lê Lợi', 540),
(21586, 'Trần Phú', 540),
(21589, 'Bùi Thị Xuân', 540),
(21592, 'Nguyễn Văn Cừ', 540),
(21595, 'Ghềnh Ráng', 540),
(21598, 'Nhơn Lý', 540),
(21601, 'Nhơn Hội', 540),
(21604, 'Nhơn Hải', 540),
(21607, 'Nhơn Châu', 540),
(21609, 'An Lão', 542),
(21610, 'An Hưng', 542),
(21613, 'An Trung', 542),
(21616, 'An Dũng', 542),
(21619, 'An Vinh', 542),
(21622, 'An Toàn', 542),
(21625, 'An Tân', 542),
(21628, 'An Hòa', 542),
(21631, 'An Quang', 542),
(21634, 'An Nghĩa', 542),
(21637, 'Tam Quan', 543),
(21640, 'Bồng Sơn', 543),
(21643, 'Hoài Sơn', 543),
(21646, 'Hoài Châu Bắc', 543),
(21649, 'Hoài Châu', 543),
(21652, 'Hoài Phú', 543),
(21655, 'Tam Quan Bắc', 543),
(21658, 'Tam Quan Nam', 543),
(21661, 'Hoài Hảo', 543),
(21664, 'Hoài Thanh Tây', 543),
(21667, 'Hoài Thanh', 543),
(21670, 'Hoài Hương', 543),
(21673, 'Hoài Tân', 543),
(21676, 'Hoài Hải', 543),
(21679, 'Hoài Xuân', 543),
(21682, 'Hoài Mỹ', 543),
(21685, 'Hoài Đức', 543),
(21688, 'Tăng Bạt Hổ', 544),
(21690, 'Ân Hảo Tây', 544),
(21691, 'Ân Hảo Đông', 544),
(21694, 'Ân Sơn', 544),
(21697, 'Ân Mỹ', 544),
(21700, 'Đak Mang', 544),
(21703, 'Ân Tín', 544),
(21706, 'Ân Thạnh', 544),
(21709, 'Ân Phong', 544),
(21712, 'Ân Đức', 544),
(21715, 'Ân Hữu', 544),
(21718, 'Bok Tới', 544),
(21721, 'Ân Tường Tây', 544),
(21724, 'Ân Tường Đông', 544),
(21727, 'Ân Nghĩa', 544),
(21730, 'Phù Mỹ', 545),
(21733, 'Bình Dương', 545),
(21736, 'Mỹ Đức', 545),
(21739, 'Mỹ Châu', 545),
(21742, 'Mỹ Thắng', 545),
(21745, 'Mỹ Lộc', 545),
(21748, 'Mỹ Lợi', 545),
(21751, 'Mỹ An', 545),
(21754, 'Mỹ Phong', 545),
(21757, 'Mỹ Trinh', 545),
(21760, 'Mỹ Thọ', 545),
(21763, 'Mỹ Hòa', 545),
(21766, 'Mỹ Thành', 545),
(21769, 'Mỹ Chánh', 545),
(21772, 'Mỹ Quang', 545),
(21775, 'Mỹ Hiệp', 545),
(21778, 'Mỹ Tài', 545),
(21781, 'Mỹ Cát', 545),
(21784, 'Mỹ Chánh Tây', 545),
(21786, 'Vĩnh Thạnh', 546),
(21787, 'Vĩnh Sơn', 546),
(21790, 'Vĩnh Kim', 546),
(21796, 'Vĩnh Hiệp', 546),
(21799, 'Vĩnh Hảo', 546),
(21801, 'Vĩnh Hòa', 546),
(21802, 'Vĩnh Thịnh', 546),
(21804, 'Vĩnh Thuận', 546),
(21805, 'Vĩnh Quang', 546),
(21808, 'Phú Phong', 547),
(21811, 'Bình Tân', 547),
(21814, 'Tây Thuận', 547),
(21817, 'Bình Thuận', 547),
(21820, 'Tây Giang', 547),
(21823, 'Bình Thành', 547),
(21826, 'Tây An', 547),
(21829, 'Bình Hòa', 547),
(21832, 'Tây Bình', 547),
(21835, 'Bình Tường', 547),
(21838, 'Tây Vinh', 547),
(21841, 'Vĩnh An', 547),
(21844, 'Tây Xuân', 547),
(21847, 'Bình Nghi', 547),
(21850, 'Tây Phú', 547),
(21853, 'Ngô Mây', 548),
(21856, 'Cát Sơn', 548),
(21859, 'Cát Minh', 548),
(21862, 'Cát Khánh', 548),
(21865, 'Cát Tài', 548),
(21868, 'Cát Lâm', 548),
(21871, 'Cát Hanh', 548),
(21874, 'Cát Thành', 548),
(21877, 'Cát Trinh', 548),
(21880, 'Cát Hải', 548),
(21883, 'Cát Hiệp', 548),
(21886, 'Cát Nhơn', 548),
(21889, 'Cát Hưng', 548),
(21892, 'Cát Tường', 548),
(21895, 'Cát Tân', 548),
(21898, 'Cát Tiến', 548),
(21901, 'Cát Thắng', 548),
(21904, 'Cát Chánh', 548),
(21907, 'Bình Định', 549),
(21910, 'Đập Đá', 549),
(21913, 'Nhơn Mỹ', 549),
(21916, 'Nhơn Thành', 549),
(21919, 'Nhơn Hạnh', 549),
(21922, 'Nhơn Hậu', 549),
(21925, 'Nhơn Phong', 549),
(21928, 'Nhơn An', 549),
(21931, 'Nhơn Phúc', 549),
(21934, 'Nhơn Hưng', 549),
(21937, 'Nhơn Khánh', 549),
(21940, 'Nhơn Lộc', 549),
(21943, 'Nhơn Hoà', 549),
(21946, 'Nhơn Tân', 549),
(21949, 'Nhơn Thọ', 549),
(21952, 'Tuy Phước', 550),
(21955, 'Diêu Trì', 550),
(21958, 'Phước Thắng', 550),
(21961, 'Phước Hưng', 550),
(21964, 'Phước Quang', 550),
(21967, 'Phước Hòa', 550),
(21970, 'Phước Sơn', 550),
(21973, 'Phước Hiệp', 550),
(21976, 'Phước Lộc', 550),
(21979, 'Phước Nghĩa', 550),
(21982, 'Phước Thuận', 550),
(21985, 'Phước An', 550),
(21988, 'Phước Thành', 550),
(21991, 'Phước Mỹ', 540),
(21994, 'Vân Canh', 551),
(21997, 'Canh Liên', 551),
(22000, 'Canh Hiệp', 551),
(22003, 'Canh Vinh', 551),
(22006, 'Canh Hiển', 551),
(22009, 'Canh Thuận', 551),
(22012, 'Canh Hòa', 551),
(22015, 'Phường 1', 555),
(22018, 'Phường 8', 555),
(22021, 'Phường 2', 555),
(22024, 'Phường 9', 555),
(22027, 'Phường 3', 555),
(22030, 'Phường 4', 555),
(22033, 'Phường 5', 555),
(22036, 'Phường 7', 555),
(22039, 'Phường 6', 555),
(22040, 'Phú Thạnh', 555),
(22041, 'Phú Đông', 555),
(22042, 'Hòa Kiến', 555),
(22045, 'Bình Kiến', 555),
(22048, 'Bình Ngọc', 555),
(22051, 'Xuân Phú', 557),
(22052, 'Xuân Lâm', 557),
(22053, 'Xuân Thành', 557),
(22054, 'Xuân Hải', 557),
(22057, 'Xuân Lộc', 557),
(22060, 'Xuân Bình', 557),
(22066, 'Xuân Cảnh', 557),
(22069, 'Xuân Thịnh', 557),
(22072, 'Xuân Phương', 557),
(22073, 'Xuân Yên', 557),
(22075, 'Xuân Thọ 1', 557),
(22076, 'Xuân Đài', 557),
(22078, 'Xuân Thọ 2', 557),
(22081, 'La Hai', 558),
(22084, 'Đa Lộc', 558),
(22087, 'Phú Mỡ', 558),
(22090, 'Xuân Lãnh', 558),
(22093, 'Xuân Long', 558),
(22096, 'Xuân Quang 1', 558),
(22099, 'Xuân Sơn Bắc', 558),
(22102, 'Xuân Quang 2', 558),
(22105, 'Xuân Sơn Nam', 558),
(22108, 'Xuân Quang 3', 558),
(22111, 'Xuân Phước', 558),
(22114, 'Chí Thạnh', 559),
(22117, 'An Dân', 559),
(22120, 'An Ninh Tây', 559),
(22123, 'An Ninh Đông', 559),
(22126, 'An Thạch', 559),
(22129, 'An Định', 559),
(22132, 'An Nghiệp', 559),
(22138, 'An Cư', 559),
(22141, 'An Xuân', 559),
(22144, 'An Lĩnh', 559),
(22147, 'An Hòa Hải', 559),
(22150, 'An Hiệp', 559),
(22153, 'An Mỹ', 559),
(22156, 'An Chấn', 559),
(22159, 'An Thọ', 559),
(22162, 'An Phú', 555),
(22165, 'Củng Sơn', 560),
(22168, 'Phước Tân', 560),
(22171, 'Sơn Hội', 560),
(22174, 'Sơn Định', 560),
(22177, 'Sơn Long', 560),
(22180, 'Cà Lúi', 560),
(22183, 'Sơn Phước', 560),
(22186, 'Sơn Xuân', 560),
(22189, 'Sơn Nguyên', 560),
(22192, 'Eachà Rang', 560),
(22195, 'Krông Pa', 560),
(22198, 'Suối Bạc', 560),
(22201, 'Sơn Hà', 560),
(22204, 'Suối Trai', 560),
(22207, 'Hai Riêng', 561),
(22210, 'Ea Lâm', 561),
(22213, 'Đức Bình Tây', 561),
(22216, 'Ea Bá', 561),
(22219, 'Sơn Giang', 561),
(22222, 'Đức Bình Đông', 561),
(22225, 'EaBar', 561),
(22228, 'EaBia', 561),
(22231, 'EaTrol', 561),
(22234, 'Sông Hinh', 561),
(22237, 'Ealy', 561),
(22240, 'Phú Lâm', 555),
(22243, 'Hòa Thành', 564),
(22246, 'Hòa Hiệp Bắc', 564),
(22249, 'Sơn Thành Tây', 562),
(22250, 'Sơn Thành Đông', 562),
(22252, 'Hòa Bình 1', 562),
(22255, 'Phú Thứ', 562),
(22258, 'Hoà Vinh', 564),
(22261, 'Hoà Hiệp Trung', 564),
(22264, 'Hòa Phong', 562),
(22267, 'Hòa Tân Đông', 564),
(22270, 'Hòa Phú', 562),
(22273, 'Hòa Tân Tây', 562),
(22276, 'Hòa Đồng', 562),
(22279, 'Hòa Xuân Tây', 564),
(22282, 'Hòa Hiệp Nam', 564),
(22285, 'Hòa Mỹ Đông', 562),
(22288, 'Hòa Mỹ Tây', 562),
(22291, 'Hòa Xuân Đông', 564),
(22294, 'Hòa Thịnh', 562),
(22297, 'Hòa Tâm', 564),
(22300, 'Hòa Xuân Nam', 564),
(22303, 'Hòa Quang Bắc', 563),
(22306, 'Hòa Quang Nam', 563),
(22309, 'Hòa Hội', 563),
(22312, 'Hòa Trị', 563),
(22315, 'Hòa An', 563),
(22318, 'Hòa Định Đông', 563),
(22319, 'Phú Hoà', 563),
(22321, 'Hòa Định Tây', 563),
(22324, 'Hòa Thắng', 563),
(22327, 'Vĩnh Hòa', 568),
(22330, 'Vĩnh Hải', 568),
(22333, 'Vĩnh Phước', 568),
(22336, 'Ngọc Hiệp', 568),
(22339, 'Vĩnh Thọ', 568),
(22342, 'Xương Huân', 568),
(22345, 'Vạn Thắng', 568),
(22348, 'Vạn Thạnh', 568),
(22351, 'Phương Sài', 568),
(22354, 'Phương Sơn', 568),
(22357, 'Phước Hải', 568),
(22360, 'Phước Tân', 568),
(22363, 'Lộc Thọ', 568),
(22366, 'Phước Tiến', 568),
(22369, 'Tân Lập', 568),
(22372, 'Phước Hòa', 568),
(22375, 'Vĩnh Nguyên', 568),
(22378, 'Phước Long', 568),
(22381, 'Vĩnh Trường', 568),
(22384, 'Vĩnh Lương', 568),
(22387, 'Vĩnh Phương', 568),
(22390, 'Vĩnh Ngọc', 568),
(22393, 'Vĩnh Thạnh', 568),
(22396, 'Vĩnh Trung', 568),
(22399, 'Vĩnh Hiệp', 568),
(22402, 'Vĩnh Thái', 568),
(22405, 'Phước Đồng', 568),
(22408, 'Cam Nghĩa', 569),
(22411, 'Cam Phúc Bắc', 569),
(22414, 'Cam Phúc Nam', 569),
(22417, 'Cam Lộc', 569),
(22420, 'Cam Phú', 569),
(22423, 'Ba Ngòi', 569),
(22426, 'Cam Thuận', 569),
(22429, 'Cam Lợi', 569),
(22432, 'Cam Linh', 569),
(22435, 'Cam Tân', 570),
(22438, 'Cam Hòa', 570),
(22441, 'Cam Hải Đông', 570),
(22444, 'Cam Hải Tây', 570),
(22447, 'Sơn Tân', 570),
(22450, 'Cam Hiệp Bắc', 570),
(22453, 'Cam Đức', 570),
(22456, 'Cam Hiệp Nam', 570),
(22459, 'Cam Phước Tây', 570),
(22462, 'Cam Thành Bắc', 570),
(22465, 'Cam An Bắc', 570),
(22468, 'Cam Thành Nam', 569),
(22471, 'Cam An Nam', 570),
(22474, 'Cam Phước Đông', 569),
(22477, 'Cam Thịnh Tây', 569),
(22480, 'Cam Thịnh Đông', 569),
(22483, 'Cam Lập', 569),
(22486, 'Cam Bình', 569),
(22489, 'Vạn Giã', 571),
(22492, 'Đại Lãnh', 571),
(22495, 'Vạn Phước', 571),
(22498, 'Vạn Long', 571),
(22501, 'Vạn Bình', 571),
(22504, 'Vạn Thọ', 571),
(22507, 'Vạn Khánh', 571),
(22510, 'Vạn Phú', 571),
(22513, 'Vạn Lương', 571),
(22516, 'Vạn Thắng', 571),
(22519, 'Vạn Thạnh', 571),
(22522, 'Xuân Sơn', 571),
(22525, 'Vạn Hưng', 571),
(22528, 'Ninh Hiệp', 572),
(22531, 'Ninh Sơn', 572),
(22534, 'Ninh Tây', 572),
(22537, 'Ninh Thượng', 572),
(22540, 'Ninh An', 572),
(22543, 'Ninh Hải', 572),
(22546, 'Ninh Thọ', 572),
(22549, 'Ninh Trung', 572),
(22552, 'Ninh Sim', 572),
(22555, 'Ninh Xuân', 572),
(22558, 'Ninh Thân', 572),
(22561, 'Ninh Diêm', 572),
(22564, 'Ninh Đông', 572),
(22567, 'Ninh Thủy', 572),
(22570, 'Ninh Đa', 572),
(22573, 'Ninh Phụng', 572),
(22576, 'Ninh Bình', 572),
(22579, 'Ninh Phước', 572),
(22582, 'Ninh Phú', 572),
(22585, 'Ninh Tân', 572),
(22588, 'Ninh Quang', 572),
(22591, 'Ninh Giang', 572),
(22594, 'Ninh Hà', 572),
(22597, 'Ninh Hưng', 572),
(22600, 'Ninh Lộc', 572),
(22603, 'Ninh Ích', 572),
(22606, 'Ninh Vân', 572),
(22609, 'Khánh Vĩnh', 573),
(22612, 'Khánh Hiệp', 573),
(22615, 'Khánh Bình', 573),
(22618, 'Khánh Trung', 573),
(22621, 'Khánh Đông', 573),
(22624, 'Khánh Thượng', 573),
(22627, 'Khánh Nam', 573),
(22630, 'Sông Cầu', 573),
(22633, 'Giang Ly', 573),
(22636, 'Cầu Bà', 573),
(22639, 'Liên Sang', 573),
(22642, 'Khánh Thành', 573),
(22645, 'Khánh Phú', 573),
(22648, 'Sơn Thái', 573),
(22651, 'Diên Khánh', 574),
(22654, 'Diên Lâm', 574),
(22657, 'Diên Điền', 574),
(22660, 'Diên Xuân', 574),
(22663, 'Diên Sơn', 574),
(22666, 'Diên Đồng', 574),
(22669, 'Diên Phú', 574),
(22672, 'Diên Thọ', 574),
(22675, 'Diên Phước', 574),
(22678, 'Diên Lạc', 574),
(22681, 'Diên Tân', 574),
(22684, 'Diên Hòa', 574),
(22687, 'Diên Thạnh', 574),
(22690, 'Diên Toàn', 574),
(22693, 'Diên An', 574),
(22696, 'Bình Lộc', 574),
(22702, 'Suối Hiệp', 574),
(22705, 'Suối Tiên', 574),
(22708, 'Suối Cát', 570),
(22711, 'Suối Tân', 570),
(22714, 'Tô Hạp', 575),
(22717, 'Thành Sơn', 575),
(22720, 'Sơn Lâm', 575),
(22723, 'Sơn Hiệp', 575),
(22726, 'Sơn Bình', 575),
(22729, 'Sơn Trung', 575),
(22732, 'Ba Cụm Bắc', 575),
(22735, 'Ba Cụm Nam', 575),
(22736, 'Trường Sa', 576),
(22737, 'Song Tử Tây', 576),
(22738, 'Đô Vinh', 582),
(22739, 'Sinh Tồn', 576),
(22741, 'Phước Mỹ', 582),
(22744, 'Bảo An', 582),
(22747, 'Phủ Hà', 582),
(22750, 'Thanh Sơn', 582),
(22753, 'Mỹ Hương', 582),
(22756, 'Tấn Tài', 582),
(22759, 'Kinh Dinh', 582),
(22762, 'Đạo Long', 582),
(22765, 'Đài Sơn', 582),
(22768, 'Đông Hải', 582),
(22771, 'Mỹ Đông', 582),
(22774, 'Thành Hải', 582),
(22777, 'Văn Hải', 582),
(22779, 'Mỹ Bình', 582),
(22780, 'Mỹ Hải', 582),
(22783, 'Phước Bình', 584),
(22786, 'Phước Hòa', 584),
(22789, 'Phước Tân', 584),
(22792, 'Phước Tiến', 584),
(22795, 'Phước Thắng', 584),
(22798, 'Phước Thành', 584),
(22801, 'Phước Đại', 584),
(22804, 'Phước Chính', 584),
(22807, 'Phước Trung', 584),
(22810, 'Tân Sơn', 585),
(22813, 'Lâm Sơn', 585),
(22816, 'Lương Sơn', 585),
(22819, 'Quảng Sơn', 585),
(22822, 'Mỹ Sơn', 585),
(22825, 'Hòa Sơn', 585),
(22828, 'Ma Nới', 585),
(22831, 'Nhơn Sơn', 585),
(22834, 'Khánh Hải', 586),
(22837, 'Phước Chiến', 588),
(22840, 'Công Hải', 588),
(22843, 'Phước Kháng', 588),
(22846, 'Vĩnh Hải', 586),
(22849, 'Lợi Hải', 588),
(22852, 'Phương Hải', 586),
(22853, 'Bắc Sơn', 588),
(22855, 'Tân Hải', 586),
(22856, 'Bắc Phong', 588),
(22858, 'Xuân Hải', 586),
(22861, 'Hộ Hải', 586),
(22864, 'Tri Hải', 586),
(22867, 'Nhơn Hải', 586),
(22868, 'Thanh Hải', 586),
(22870, 'Phước Dân', 587),
(22873, 'Phước Sơn', 587),
(22876, 'Phước Thái', 587),
(22879, 'Phước Hậu', 587),
(22882, 'Phước Thuận', 587),
(22885, 'Phước Hà', 589),
(22888, 'An Hải', 587),
(22891, 'Phước Hữu', 587),
(22894, 'Phước Hải', 587),
(22897, 'Phước Nam', 589),
(22898, 'Phước Ninh', 589),
(22900, 'Nhị Hà', 589),
(22903, 'Phước Dinh', 589),
(22906, 'Phước Minh', 589),
(22909, 'Phước Diêm', 589),
(22910, 'Cà Ná', 589),
(22912, 'Phước Vinh', 587),
(22915, 'Mũi Né', 593),
(22918, 'Hàm Tiến', 593),
(22921, 'Phú Hài', 593),
(22924, 'Phú Thủy', 593),
(22927, 'Phú Tài', 593),
(22930, 'Phú Trinh', 593),
(22933, 'Xuân An', 593),
(22936, 'Thanh Hải', 593),
(22939, 'Bình Hưng', 593),
(22942, 'Đức Nghĩa', 593),
(22945, 'Lạc Đạo', 593),
(22948, 'Đức Thắng', 593),
(22951, 'Hưng Long', 593),
(22954, 'Đức Long', 593),
(22957, 'Thiện Nghiệp', 593),
(22960, 'Phong Nẫm', 593),
(22963, 'Tiến Lợi', 593),
(22966, 'Tiến Thành', 593),
(22969, 'Liên Hương', 595),
(22972, 'Phan Rí Cửa', 595),
(22975, 'Phan Dũng', 595),
(22978, 'Phong Phú', 595),
(22981, 'Vĩnh Hảo', 595),
(22984, 'Vĩnh Tân', 595),
(22987, 'Phú Lạc', 595),
(22990, 'Phước Thể', 595),
(22993, 'Hòa Minh', 595),
(22996, 'Chí Công', 595),
(22999, 'Bình Thạnh', 595),
(23005, 'Chợ Lầu', 596),
(23008, 'Phan Sơn', 596),
(23011, 'Phan Lâm', 596),
(23014, 'Bình An', 596),
(23017, 'Phan Điền', 596),
(23020, 'Hải Ninh', 596),
(23023, 'Sông Lũy', 596),
(23026, 'Phan Tiến', 596),
(23029, 'Sông Bình', 596),
(23032, 'Lương Sơn', 596),
(23035, 'Phan Hòa', 596),
(23038, 'Phan Thanh', 596),
(23041, 'Hồng Thái', 596),
(23044, 'Phan Hiệp', 596),
(23047, 'Bình Tân', 596),
(23050, 'Phan Rí Thành', 596),
(23053, 'Hòa Thắng', 596),
(23056, 'Hồng Phong', 596),
(23059, 'Ma Lâm', 597),
(23062, 'Phú Long', 597),
(23065, 'La Dạ', 597),
(23068, 'Đông Tiến', 597),
(23071, 'Thuận Hòa', 597),
(23074, 'Đông Giang', 597),
(23077, 'Hàm Phú', 597),
(23080, 'Hồng Liêm', 597),
(23083, 'Thuận Minh', 597),
(23086, 'Hồng Sơn', 597),
(23089, 'Hàm Trí', 597),
(23092, 'Hàm Đức', 597),
(23095, 'Hàm Liêm', 597),
(23098, 'Hàm Chính', 597),
(23101, 'Hàm Hiệp', 597),
(23104, 'Hàm Thắng', 597),
(23107, 'Đa Mi', 597),
(23110, 'Thuận Nam', 598),
(23113, 'Mỹ Thạnh', 598),
(23116, 'Hàm Cần', 598),
(23119, 'Mương Mán', 598),
(23122, 'Hàm Thạnh', 598),
(23125, 'Hàm Kiệm', 598),
(23128, 'Hàm Cường', 598),
(23131, 'Hàm Mỹ', 598),
(23134, 'Tân Lập', 598),
(23137, 'Hàm Minh', 598),
(23140, 'Thuận Quí', 598),
(23143, 'Tân Thuận', 598),
(23146, 'Tân Thành', 598),
(23149, 'Lạc Tánh', 599),
(23152, 'Bắc Ruộng', 599),
(23158, 'Nghị Đức', 599),
(23161, 'La Ngâu', 599),
(23164, 'Huy Khiêm', 599),
(23167, 'Măng Tố', 599),
(23170, 'Đức Phú', 599),
(23173, 'Đồng Kho', 599),
(23176, 'Gia An', 599),
(23179, 'Đức Bình', 599),
(23182, 'Gia Huynh', 599),
(23185, 'Đức Thuận', 599),
(23188, 'Suối Kiết', 599),
(23191, 'Võ Xu', 600),
(23194, 'Đức Tài', 600),
(23197, 'Đa Kai', 600),
(23200, 'Sùng Nhơn', 600),
(23203, 'Mê Pu', 600),
(23206, 'Nam Chính', 600),
(23212, 'Đức Hạnh', 600),
(23215, 'Đức Tín', 600),
(23218, 'Vũ Hoà', 600),
(23221, 'Tân Hà', 600),
(23224, 'Đông Hà', 600),
(23227, 'Trà Tân', 600),
(23230, 'Tân Minh', 601),
(23231, 'Phước Hội', 594),
(23232, 'Phước Lộc', 594),
(23234, 'Tân Thiện', 594),
(23235, 'Tân An', 594),
(23236, 'Tân Nghĩa', 601),
(23237, 'Bình Tân', 594),
(23239, 'Sông Phan', 601),
(23242, 'Tân Phúc', 601),
(23245, 'Tân Hải', 594),
(23246, 'Tân Tiến', 594),
(23248, 'Tân Bình', 594),
(23251, 'Tân Đức', 601),
(23254, 'Tân Thắng', 601),
(23255, 'Thắng Hải', 601),
(23257, 'Tân Hà', 601),
(23260, 'Tân Xuân', 601),
(23266, 'Sơn Mỹ', 601),
(23268, 'Tân Phước', 594),
(23272, 'Ngũ Phụng', 602),
(23275, 'Long Hải', 602),
(23278, 'Tam Thanh', 602),
(23281, 'Quang Trung', 608),
(23284, 'Duy Tân', 608),
(23287, 'Quyết Thắng', 608),
(23290, 'Trường Chinh', 608),
(23293, 'Thắng Lợi', 608),
(23296, 'Ngô Mây', 608),
(23299, 'Thống Nhất', 608),
(23302, 'Lê Lợi', 608),
(23305, 'Nguyễn Trãi', 608),
(23308, 'Trần Hưng Đạo', 608),
(23311, 'Đắk Cấm', 608),
(23314, 'Kroong', 608),
(23317, 'Ngọk Bay', 608),
(23320, 'Vinh Quang', 608),
(23323, 'Đắk Blà', 608),
(23326, 'Ia Chim', 608),
(23327, 'Đăk Năng', 608),
(23329, 'Đoàn Kết', 608),
(23332, 'Chư Hreng', 608),
(23335, 'Đắk Rơ Wa', 608),
(23338, 'Hòa Bình', 608),
(23341, 'Đắk Glei', 610),
(23344, 'Đắk Blô', 610),
(23347, 'Đắk Man', 610),
(23350, 'Đắk Nhoong', 610),
(23353, 'Đắk Pék', 610),
(23356, 'Đắk Choong', 610),
(23359, 'Xốp', 610),
(23362, 'Mường Hoong', 610),
(23365, 'Ngọc Linh', 610),
(23368, 'Đắk Long', 610),
(23371, 'Đắk KRoong', 610),
(23374, 'Đắk Môn', 610),
(23377, 'Plei Kần', 611),
(23380, 'Đắk Ang', 611),
(23383, 'Đắk Dục', 611),
(23386, 'Đắk Nông', 611),
(23389, 'Đắk Xú', 611),
(23392, 'Đắk Kan', 611),
(23395, 'Bờ Y', 611),
(23398, 'Sa Loong', 611),
(23401, 'Đắk Tô', 612),
(23404, 'Ngọc Lây', 617),
(23407, 'Đắk Na', 617),
(23410, 'Măng Ri', 617),
(23413, 'Ngọc Yêu', 617),
(23416, 'Đắk Sao', 617),
(23417, 'Đắk Rơ Ông', 617),
(23419, 'Đắk Tờ Kan', 617),
(23422, 'Tu Mơ Rông', 617),
(23425, 'Đắk Hà', 617),
(23427, 'Đắk Rơ Nga', 612),
(23428, 'Ngọk Tụ', 612),
(23430, 'Đắk Trăm', 612),
(23431, 'Văn Lem', 612),
(23434, 'Kon Đào', 612),
(23437, 'Tân Cảnh', 612),
(23440, 'Diên Bình', 612),
(23443, 'Pô Kô', 612),
(23446, 'Tê Xăng', 617),
(23449, 'Văn Xuôi', 617),
(23452, 'Đắk Nên', 613),
(23455, 'Đắk Ring', 613),
(23458, 'Măng Buk', 613),
(23461, 'Đắk Tăng', 613),
(23464, 'Ngok Tem', 613),
(23467, 'Pờ Ê', 613),
(23470, 'Măng Cành', 613),
(23473, 'Măng Đen', 613),
(23476, 'Hiếu', 613),
(23479, 'Đắk Rve', 614),
(23482, 'Đắk Kôi', 614),
(23485, 'Đắk Tơ Lung', 614),
(23488, 'Đắk Ruồng', 614),
(23491, 'Đắk Pne', 614),
(23494, 'Đắk Tờ Re', 614),
(23497, 'Tân Lập', 614),
(23500, 'Đắk Hà', 615),
(23503, 'Đắk PXi', 615),
(23504, 'Đăk Long', 615),
(23506, 'Đắk HRing', 615),
(23509, 'Đắk Ui', 615),
(23510, 'Đăk Ngọk', 615),
(23512, 'Đắk Mar', 615),
(23515, 'Ngok Wang', 615),
(23518, 'Ngok Réo', 615),
(23521, 'Hà Mòn', 615),
(23524, 'Đắk La', 615),
(23527, 'Sa Thầy', 616),
(23530, 'Rơ Kơi', 616),
(23533, 'Sa Nhơn', 616),
(23534, 'Hơ Moong', 616),
(23535, 'Ia Đal', 618),
(23536, 'Mô Rai', 616),
(23537, 'Ia Dom', 618),
(23538, 'Ia Tơi', 618),
(23539, 'Sa Sơn', 616),
(23542, 'Sa Nghĩa', 616),
(23545, 'Sa Bình', 616),
(23548, 'Ya Xiêr', 616),
(23551, 'Ya Tăng', 616),
(23554, 'Ya ly', 616),
(23557, 'Yên Đỗ', 622),
(23560, 'Diên Hồng', 622),
(23563, 'Ia Kring', 622),
(23566, 'Hội Thương', 622),
(23569, 'Hội Phú', 622),
(23570, 'Phù Đổng', 622),
(23572, 'Hoa Lư', 622),
(23575, 'Tây Sơn', 622),
(23578, 'Thống Nhất', 622),
(23579, 'Đống Đa', 622),
(23581, 'Trà Bá', 622),
(23582, 'Thắng Lợi', 622),
(23584, 'Yên Thế', 622),
(23586, 'Chi Lăng', 622),
(23590, 'Biển Hồ', 622),
(23593, 'Tân Sơn', 622),
(23596, 'Trà Đa', 622),
(23599, 'Chư Á', 622),
(23602, 'An Phú', 622),
(23605, 'Diên Phú', 622),
(23608, 'Ia Kênh', 622),
(23611, 'Gào', 622),
(23614, 'An Bình', 623),
(23617, 'Tây Sơn', 623),
(23620, 'An Phú', 623),
(23623, 'An Tân', 623),
(23626, 'Tú An', 623),
(23627, 'Xuân An', 623),
(23629, 'Cửu An', 623),
(23630, 'An Phước', 623),
(23632, 'Song An', 623),
(23633, 'Ngô Mây', 623),
(23635, 'Thành An', 623),
(23638, 'KBang', 625),
(23641, 'Kon Pne', 625),
(23644, 'Đăk Roong', 625),
(23647, 'Sơn Lang', 625),
(23650, 'KRong', 625),
(23653, 'Sơ Pai', 625),
(23656, 'Lơ Ku', 625),
(23659, 'Đông', 625),
(23660, 'Đak SMar', 625),
(23662, 'Nghĩa An', 625),
(23665, 'Tơ Tung', 625),
(23668, 'Kông Lơng Khơng', 625),
(23671, 'Kông Pla', 625),
(23674, 'Đăk HLơ', 625),
(23677, 'Đăk Đoa', 626),
(23680, 'Hà Đông', 626),
(23683, 'Đăk Sơmei', 626),
(23684, 'Đăk Krong', 626),
(23686, 'Hải Yang', 626),
(23689, 'Kon Gang', 626),
(23692, 'Hà Bầu', 626),
(23695, 'Nam Yang', 626),
(23698, 'K', 626),
(23701, 'H', 626),
(23704, 'Tân Bình', 626),
(23707, 'Glar', 626),
(23710, 'A Dơk', 626),
(23713, 'Trang', 626),
(23714, 'HNol', 626),
(23716, 'Ia Pết', 626),
(23719, 'Ia Băng', 626),
(23722, 'Phú Hòa', 627),
(23725, 'Hà Tây', 627),
(23728, 'Ia Khươl', 627),
(23731, 'Ia Phí', 627),
(23734, 'Ia Ly', 627),
(23737, 'Ia Mơ Nông', 627),
(23738, 'Ia Kreng', 627),
(23740, 'Đăk Tơ Ver', 627),
(23743, 'Hòa Phú', 627),
(23746, 'Chư Đăng Ya', 627),
(23749, 'Ia Ka', 627),
(23752, 'Ia Nhin', 627),
(23755, 'Nghĩa Hòa', 627),
(23761, 'Nghĩa Hưng', 627),
(23764, 'Ia Kha', 628),
(23767, 'Ia Sao', 628),
(23768, 'Ia Yok', 628),
(23770, 'Ia Hrung', 628),
(23771, 'Ia Bă', 628),
(23773, 'Ia Khai', 628),
(23776, 'Ia KRai', 628),
(23778, 'Ia Grăng', 628),
(23779, 'Ia Tô', 628),
(23782, 'Ia O', 628),
(23785, 'Ia Dêr', 628),
(23788, 'Ia Chia', 628),
(23791, 'Ia Pếch', 628),
(23794, 'Kon Dơng', 629),
(23797, 'Ayun', 629),
(23798, 'Đak Jơ Ta', 629),
(23799, 'Đak Ta Ley', 629),
(23800, 'Hra', 629),
(23803, 'Đăk Yă', 629),
(23806, 'Đăk Djrăng', 629),
(23809, 'Lơ Pang', 629),
(23812, 'Kon Thụp', 629),
(23815, 'Đê Ar', 629),
(23818, 'Kon Chiêng', 629),
(23821, 'Đăk Trôi', 629),
(23824, 'Kông Chro', 630),
(23827, 'Chư Krêy', 630),
(23830, 'An Trung', 630),
(23833, 'Kông Yang', 630),
(23836, 'Đăk Tơ Pang', 630),
(23839, 'SRó', 630),
(23840, 'Đắk Kơ Ning', 630),
(23842, 'Đăk Song', 630),
(23843, 'Đăk Pling', 630),
(23845, 'Yang Trung', 630),
(23846, 'Đăk Pơ Pho', 630),
(23848, 'Ya Ma', 630),
(23851, 'Chơ Long', 630),
(23854, 'Yang Nam', 630),
(23857, 'Chư Ty', 631),
(23860, 'Ia Dơk', 631),
(23863, 'Ia Krêl', 631),
(23866, 'Ia Din', 631),
(23869, 'Ia Kla', 631),
(23872, 'Ia Dom', 631),
(23875, 'Ia Lang', 631),
(23878, 'Ia Kriêng', 631),
(23881, 'Ia Pnôn', 631),
(23884, 'Ia Nan', 631),
(23887, 'Chư Prông', 632),
(23888, 'Ia Kly', 632),
(23890, 'Bình Giáo', 632),
(23893, 'Ia Drăng', 632),
(23896, 'Thăng Hưng', 632),
(23899, 'Bàu Cạn', 632),
(23902, 'Ia Phìn', 632),
(23905, 'Ia Băng', 632),
(23908, 'Ia Tôr', 632),
(23911, 'Ia Boòng', 632),
(23914, 'Ia O', 632),
(23917, 'Ia Púch', 632),
(23920, 'Ia Me', 632),
(23923, 'Ia Vê', 632),
(23924, 'Ia Bang', 632),
(23926, 'Ia Pia', 632),
(23929, 'Ia Ga', 632),
(23932, 'Ia Lâu', 632),
(23935, 'Ia Piơr', 632),
(23938, 'Ia Mơ', 632),
(23941, 'Chư Sê', 633),
(23942, 'Nhơn Hoà', 639),
(23944, 'Ia Tiêm', 633),
(23945, 'Chư Pơng', 633),
(23946, 'Bar Măih', 633),
(23947, 'Bờ Ngoong', 633),
(23950, 'Ia Glai', 633),
(23953, 'AL Bá', 633),
(23954, 'Kông HTok', 633),
(23956, 'AYun', 633),
(23959, 'Ia HLốp', 633),
(23962, 'Ia Blang', 633),
(23965, 'Dun', 633),
(23966, 'Ia Pal', 633),
(23968, 'H Bông', 633),
(23971, 'Ia Hrú', 639),
(23972, 'Ia Rong', 639),
(23974, 'Ia Dreng', 639),
(23977, 'Ia Ko', 633),
(23978, 'Ia Hla', 639),
(23980, 'Chư Don', 639),
(23983, 'Ia Phang', 639),
(23986, 'Ia Le', 639),
(23987, 'Ia BLứ', 639),
(23989, 'Hà Tam', 634),
(23992, 'An Thành', 634),
(23995, 'Đak Pơ', 634),
(23998, 'Yang Bắc', 634),
(24001, 'Cư An', 634),
(24004, 'Tân An', 634),
(24007, 'Phú An', 634),
(24010, 'Ya Hội', 634),
(24013, 'Pờ Tó', 635),
(24016, 'Chư Răng', 635),
(24019, 'Ia KDăm', 635),
(24022, 'Kim Tân', 635),
(24025, 'Chư Mố', 635),
(24028, 'Ia Tul', 635),
(24031, 'Ia Ma Rơn', 635),
(24034, 'Ia Broăi', 635),
(24037, 'Ia Trok', 635),
(24041, 'Cheo Reo', 624),
(24042, 'Hòa Bình', 624),
(24043, 'Phú Thiện', 638),
(24044, 'Đoàn Kết', 624),
(24045, 'Sông Bờ', 624),
(24046, 'Chư A Thai', 638),
(24048, 'Ayun Hạ', 638),
(24049, 'Ia Ake', 638),
(24052, 'Ia Sol', 638),
(24055, 'Ia Piar', 638),
(24058, 'Ia Peng', 638),
(24060, 'Chrôh Pơnan', 638),
(24061, 'Ia Hiao', 638),
(24064, 'Ia RBol', 624),
(24065, 'Chư Băh', 624),
(24067, 'Ia Yeng', 638),
(24070, 'Ia RTô', 624),
(24073, 'Ia Sao', 624),
(24076, 'Phú Túc', 637),
(24079, 'Ia RSai', 637),
(24082, 'Ia RSươm', 637),
(24085, 'Chư Gu', 637),
(24088, 'Đất Bằng', 637),
(24091, 'Ia Mláh', 637),
(24094, 'Chư Drăng', 637),
(24097, 'Phú Cần', 637),
(24100, 'Ia HDreh', 637),
(24103, 'Ia RMok', 637),
(24106, 'Chư Ngọc', 637),
(24109, 'Uar', 637),
(24112, 'Chư Rcăm', 637),
(24115, 'Krông Năng', 637),
(24118, 'Tân Lập', 643),
(24121, 'Tân Hòa', 643),
(24124, 'Tân An', 643),
(24127, 'Thống Nhất', 643),
(24130, 'Thành Nhất', 643),
(24133, 'Thắng Lợi', 643),
(24136, 'Tân Lợi', 643),
(24139, 'Thành Công', 643),
(24142, 'Tân Thành', 643),
(24145, 'Tân Tiến', 643),
(24148, 'Tự An', 643),
(24151, 'Ea Tam', 643),
(24154, 'Khánh Xuân', 643),
(24157, 'Hòa Thuận', 643),
(24160, 'Cư ÊBur', 643),
(24163, 'Ea Tu', 643),
(24166, 'Hòa Thắng', 643),
(24169, 'Ea Kao', 643),
(24172, 'Hòa Phú', 643),
(24175, 'Hòa Khánh', 643),
(24178, 'Hòa Xuân', 643),
(24181, 'Ea Drăng', 645),
(24184, 'Ea H', 645),
(24187, 'Ea Sol', 645),
(24190, 'Ea Ral', 645),
(24193, 'Ea Wy', 645),
(24194, 'Cư A Mung', 645),
(24196, 'Cư Mốt', 645),
(24199, 'Ea Hiao', 645),
(24202, 'Ea Khal', 645),
(24205, 'Dliê Yang', 645),
(24207, 'Ea Tir', 645),
(24208, 'Ea Nam', 645),
(24211, 'Ea Súp', 646),
(24214, 'Ia Lốp', 646),
(24215, 'Ia JLơi', 646),
(24217, 'Ea Rốk', 646),
(24220, 'Ya Tờ Mốt', 646),
(24221, 'Ia RVê', 646),
(24223, 'Ea Lê', 646),
(24226, 'Cư KBang', 646),
(24229, 'Ea Bung', 646),
(24232, 'Cư M', 646),
(24235, 'Krông Na', 647),
(24238, 'Ea Huar', 647),
(24241, 'Ea Wer', 647),
(24244, 'Tân Hoà', 647),
(24247, 'Cuôr KNia', 647),
(24250, 'Ea Bar', 647),
(24253, 'Ea Nuôl', 647),
(24256, 'Ea Pốk', 648),
(24259, 'Quảng Phú', 648),
(24262, 'Quảng Tiến', 648),
(24264, 'Ea Kuêh', 648),
(24265, 'Ea Kiết', 648),
(24268, 'Ea Tar', 648),
(24271, 'Cư Dliê M', 648),
(24274, 'Ea H', 648),
(24277, 'Ea Tul', 648),
(24280, 'Ea KPam', 648),
(24283, 'Ea M', 648),
(24286, 'Quảng Hiệp', 648),
(24289, 'Cư M', 648),
(24292, 'Ea D', 648),
(24295, 'Ea M', 648),
(24298, 'Cư Suê', 648),
(24301, 'Cuor Đăng', 648),
(24305, 'An Lạc', 644),
(24307, 'Cư Né', 649),
(24308, 'An Bình', 644),
(24310, 'Chư KBô', 649),
(24311, 'Thiện An', 644),
(24313, 'Cư Pơng', 649),
(24314, 'Ea Sin', 649),
(24316, 'Pơng Drang', 649),
(24317, 'Tân Lập', 649),
(24318, 'Đạt Hiếu', 644),
(24319, 'Ea Ngai', 649),
(24322, 'Đoàn Kết', 644),
(24325, 'Ea Blang', 644),
(24328, 'Ea Drông', 644),
(24331, 'Thống Nhất', 644),
(24332, 'Bình Tân', 644),
(24334, 'Ea Siên', 644),
(24337, 'Bình Thuận', 644),
(24340, 'Cư Bao', 644),
(24343, 'Krông Năng', 650),
(24346, 'ĐLiê Ya', 650),
(24349, 'Ea Tóh', 650),
(24352, 'Ea Tam', 650),
(24355, 'Phú Lộc', 650),
(24358, 'Tam Giang', 650),
(24359, 'Ea Puk', 650),
(24360, 'Ea Dăh', 650),
(24361, 'Ea Hồ', 650),
(24364, 'Phú Xuân', 650),
(24367, 'Cư Klông', 650),
(24370, 'Ea Tân', 650),
(24373, 'Ea Kar', 651),
(24376, 'Ea Knốp', 651),
(24379, 'Ea Sô', 651),
(24380, 'Ea Sar', 651),
(24382, 'Xuân Phú', 651),
(24385, 'Cư Huê', 651),
(24388, 'Ea Tih', 651),
(24391, 'Ea Đar', 651),
(24394, 'Ea Kmút', 651),
(24397, 'Cư Ni', 651),
(24400, 'Ea Păl', 651),
(24401, 'Cư Prông', 651),
(24403, 'Ea Ô', 651),
(24404, 'Cư ELang', 651),
(24406, 'Cư Bông', 651),
(24409, 'Cư Jang', 651),
(24412, 'M', 652),
(24415, 'Cư Prao', 652),
(24418, 'Ea Pil', 652),
(24421, 'Ea Lai', 652),
(24424, 'Ea H', 652),
(24427, 'Krông Jing', 652),
(24430, 'Ea M', 652),
(24433, 'Ea Riêng', 652),
(24436, 'Cư M', 652),
(24439, 'Cư K Róa', 652),
(24442, 'Krông Á', 652),
(24444, 'Cư San', 652),
(24445, 'Ea Trang', 652),
(24448, 'Krông Kmar', 653),
(24451, 'Dang Kang', 653),
(24454, 'Cư KTy', 653),
(24457, 'Hòa Thành', 653),
(24460, 'Hòa Tân', 653),
(24463, 'Hòa Phong', 653),
(24466, 'Hòa Lễ', 653),
(24469, 'Yang Reh', 653),
(24472, 'Ea Trul', 653),
(24475, 'Khuê Ngọc Điền', 653),
(24478, 'Cư Pui', 653),
(24481, 'Hòa Sơn', 653),
(24484, 'Cư Drăm', 653),
(24487, 'Yang Mao', 653),
(24490, 'Phước An', 654),
(24493, 'KRông Búk', 654),
(24496, 'Ea Kly', 654),
(24499, 'Ea Kênh', 654),
(24502, 'Ea Phê', 654),
(24505, 'Ea KNuec', 654),
(24508, 'Ea Yông', 654),
(24511, 'Hòa An', 654),
(24514, 'Ea Kuăng', 654),
(24517, 'Hòa Đông', 654),
(24520, 'Ea Hiu', 654),
(24523, 'Hòa Tiến', 654),
(24526, 'Tân Tiến', 654),
(24529, 'Vụ Bổn', 654),
(24532, 'Ea Uy', 654),
(24535, 'Ea Yiêng', 654),
(24538, 'Buôn Trấp', 655),
(24540, 'Ea Ning', 657),
(24541, 'Cư Ê Wi', 657),
(24544, 'Ea Ktur', 657),
(24547, 'Ea Tiêu', 657),
(24550, 'Ea BHốk', 657),
(24553, 'Ea Hu', 657),
(24556, 'Dray Sáp', 655),
(24559, 'Ea Na', 655),
(24561, 'Dray Bhăng', 657),
(24562, 'Hòa Hiệp', 657),
(24565, 'Ea Bông', 655),
(24568, 'Băng A Drênh', 655),
(24571, 'Dur KMăl', 655),
(24574, 'Bình Hòa', 655),
(24577, 'Quảng Điền', 655),
(24580, 'Liên Sơn', 656),
(24583, 'Yang Tao', 656),
(24586, 'Bông Krang', 656),
(24589, 'Đắk Liêng', 656),
(24592, 'Buôn Triết', 656),
(24595, 'Buôn Tría', 656),
(24598, 'Đắk Phơi', 656),
(24601, 'Đắk Nuê', 656),
(24604, 'Krông Nô', 656),
(24607, 'Nam Ka', 656),
(24610, 'Ea R', 656),
(24611, 'Nghĩa Đức', 660),
(24612, 'Nghĩa Thành', 660),
(24614, 'Nghĩa Phú', 660),
(24615, 'Nghĩa Tân', 660),
(24616, 'Quảng Sơn', 661),
(24617, 'Nghĩa Trung', 660),
(24618, 'Đăk R', 660),
(24619, 'Quảng Thành', 660),
(24620, 'Quảng Hoà', 661),
(24622, 'Đắk Ha', 661),
(24625, 'Đắk R', 661),
(24628, 'Đắk Nia', 660),
(24631, 'Quảng Khê', 661),
(24634, 'Đắk Plao', 661),
(24637, 'Đắk Som', 661),
(24640, 'Ea T', 662),
(24643, 'Đắk Wil', 662),
(24646, 'Ea Pô', 662),
(24649, 'Nam Dong', 662),
(24652, 'Đắk DRông', 662),
(24655, 'Tâm Thắng', 662),
(24658, 'Cư Knia', 662),
(24661, 'Trúc Sơn', 662),
(24664, 'Đắk Mil', 663),
(24667, ' Đắk Lao', 663),
(24670, 'Đắk R', 663),
(24673, 'Đắk Gằn', 663),
(24676, 'Đức Mạnh', 663),
(24677, 'Đắk N', 663),
(24678, 'Long Sơn', 663),
(24679, 'Đắk Sắk', 663),
(24682, 'Thuận An', 663),
(24685, 'Đức Minh', 663),
(24688, 'Đắk Mâm', 664),
(24691, 'Đắk Sôr', 664),
(24692, 'Nam Xuân', 664),
(24694, 'Buôn Choah', 664),
(24697, 'Nam Đà', 664),
(24699, 'Tân Thành', 664),
(24700, 'Đắk Drô', 664),
(24703, 'Nâm Nung', 664),
(24706, 'Đức Xuyên', 664),
(24709, 'Đắk Nang', 664),
(24712, 'Quảng Phú', 664),
(24715, 'Nâm N', 664),
(24717, 'Đức An', 665),
(24718, 'Đắk Môl', 665),
(24719, 'Đắk Hòa', 665),
(24721, 'Nam Bình', 665),
(24722, 'Thuận Hà', 665),
(24724, 'Thuận Hạnh', 665),
(24727, 'Đắk N', 665),
(24728, 'Nâm N', 665),
(24730, 'Trường Xuân', 665),
(24733, 'Kiến Đức', 666),
(24736, 'Quảng Trực', 667),
(24739, 'Đắk Búk So', 667),
(24740, 'Quảng Tâm', 667),
(24742, 'Đắk R', 667),
(24745, 'Quảng Tín', 666),
(24746, 'Đắk Ngo', 667),
(24748, 'Quảng Tân', 667),
(24750, 'Đắk Wer', 666),
(24751, 'Nhân Cơ', 666),
(24754, 'Kiến Thành', 666),
(24756, 'Nghĩa Thắng', 666),
(24757, 'Đạo Nghĩa', 666),
(24760, 'Đắk Sin', 666),
(24761, 'Hưng Bình', 666),
(24763, 'Đắk Ru', 666),
(24766, 'Nhân Đạo', 666),
(24769, 'Phường 7', 672),
(24772, 'Phường 8', 672),
(24775, 'Phường 12', 672),
(24778, 'Phường 9', 672),
(24781, 'Phường 2', 672),
(24784, 'Phường 1', 672),
(24787, 'Phường 6', 672),
(24790, 'Phường 5', 672),
(24793, 'Phường 4', 672),
(24796, 'Phường 10', 672),
(24799, 'Phường 11', 672),
(24802, 'Phường 3', 672),
(24805, 'Xuân Thọ', 672),
(24808, 'Tà Nung', 672),
(24810, 'Trạm Hành', 672),
(24811, 'Xuân Trường', 672),
(24814, 'Lộc Phát', 673),
(24817, 'Lộc Tiến', 673),
(24820, 'Phường 2', 673),
(24823, 'Phường 1', 673),
(24826, 'B', 673),
(24829, 'Lộc Sơn', 673),
(24832, 'Đạm Bri', 673),
(24835, 'Lộc Thanh', 673),
(24838, 'Lộc Nga', 673),
(24841, 'Lộc Châu', 673),
(24844, 'Đại Lào', 673),
(24846, 'Lạc Dương', 675),
(24847, 'Đạ Chais', 675),
(24848, 'Đạ Nhim', 675),
(24850, 'Đưng KNớ', 675),
(24853, 'Đạ Tông', 674),
(24856, 'Đạ Long', 674),
(24859, 'Đạ M', 674),
(24862, 'Lát', 675),
(24865, 'Đạ Sar', 675),
(24868, 'Nam Ban', 676),
(24871, 'Đinh Văn', 676),
(24874, 'Liêng Srônh', 674),
(24875, 'Đạ Rsal', 674),
(24877, 'Rô Men', 674),
(24880, 'Phú Sơn', 676),
(24883, 'Phi Tô', 676),
(24886, 'Phi Liêng', 674),
(24889, 'Đạ K', 674),
(24892, 'Mê Linh', 676),
(24895, 'Đạ Đờn', 676),
(24898, 'Phúc Thọ', 676),
(24901, 'Đông Thanh', 676),
(24904, 'Gia Lâm', 676),
(24907, 'Tân Thanh', 676),
(24910, 'Tân Văn', 676),
(24913, 'Hoài Đức', 676),
(24916, 'Tân Hà', 676),
(24919, 'Liên Hà', 676),
(24922, 'Đan Phượng', 676),
(24925, 'Nam Hà', 676),
(24928, 'D', 677),
(24931, 'Thạnh Mỹ', 677),
(24934, 'Lạc Xuân', 677),
(24937, 'Đạ Ròn', 677),
(24940, 'Lạc Lâm', 677),
(24943, 'Ka Đô', 677),
(24946, 'Quảng Lập', 677),
(24949, 'Ka Đơn', 677),
(24952, 'Tu Tra', 677),
(24955, 'Pró', 677),
(24958, 'Liên Nghĩa', 678),
(24961, 'Hiệp An', 678),
(24964, 'Liên Hiệp', 678),
(24967, 'Hiệp Thạnh', 678),
(24970, 'Bình Thạnh', 678),
(24973, 'N', 678),
(24976, 'Tân Hội', 678),
(24979, 'Tân Thành', 678),
(24982, 'Phú Hội', 678),
(24985, 'Ninh Gia', 678),
(24988, 'Tà Năng', 678),
(24989, 'Đa Quyn', 678),
(24991, 'Tà Hine', 678),
(24994, 'Đà Loan', 678),
(24997, 'Ninh Loan', 678),
(25000, 'Di Linh', 679),
(25003, 'Đinh Trang Thượng', 679),
(25006, 'Tân Thượng', 679),
(25007, 'Tân Lâm', 679),
(25009, 'Tân Châu', 679),
(25012, 'Tân Nghĩa', 679),
(25015, 'Gia Hiệp', 679),
(25018, 'Đinh Lạc', 679),
(25021, 'Tam Bố', 679),
(25024, 'Đinh Trang Hòa', 679),
(25027, 'Liên Đầm', 679),
(25030, 'Gung Ré', 679),
(25033, 'Bảo Thuận', 679),
(25036, 'Hòa Ninh', 679),
(25039, 'Hòa Trung', 679),
(25042, 'Hòa Nam', 679),
(25045, 'Hòa Bắc', 679),
(25048, 'Sơn Điền', 679),
(25051, 'Gia Bắc', 679),
(25054, 'Lộc Thắng', 680),
(25057, 'Lộc Bảo', 680),
(25060, 'Lộc Lâm', 680),
(25063, 'Lộc Phú', 680),
(25066, 'Lộc Bắc', 680),
(25069, 'B', 680),
(25072, 'Lộc Ngãi', 680),
(25075, 'Lộc Quảng', 680),
(25078, 'Lộc Tân', 680),
(25081, 'Lộc Đức', 680),
(25084, 'Lộc An', 680),
(25087, 'Tân Lạc', 680),
(25090, 'Lộc Thành', 680),
(25093, 'Lộc Nam', 680),
(25096, 'Đạ M', 681),
(25099, 'Ma Đa Guôi', 681),
(25105, 'Hà Lâm', 681),
(25108, 'Đạ Tồn', 681),
(25111, 'Đạ Oai', 681),
(25114, 'Đạ Ploa', 681),
(25117, 'Ma Đa Guôi', 681),
(25120, 'Đoàn Kết', 681),
(25123, 'Phước Lộc', 681),
(25126, 'Đạ Tẻh', 682),
(25129, 'An Nhơn', 682),
(25132, 'Quốc Oai', 682),
(25135, 'Mỹ Đức', 682),
(25138, 'Quảng Trị', 682),
(25141, 'Đạ Lây', 682),
(25147, 'Triệu Hải', 682),
(25153, 'Đạ Kho', 682),
(25156, 'Đạ Pal', 682),
(25159, 'Cát Tiên', 683),
(25162, 'Tiên Hoàng', 683),
(25165, 'Phước Cát 2', 683),
(25168, 'Gia Viễn', 683),
(25171, 'Nam Ninh', 683),
(25180, 'Phước Cát ', 683),
(25183, 'Đức Phổ', 683),
(25189, 'Quảng Ngãi', 683),
(25192, 'Đồng Nai Thượng', 683),
(25195, 'Tân Phú', 689),
(25198, 'Tân Đồng', 689),
(25201, 'Tân Bình', 689),
(25204, 'Tân Xuân', 689),
(25205, 'Tân Thiện', 689),
(25207, 'Tân Thành', 689),
(25210, 'Tiến Thành', 689),
(25213, 'Tiến Hưng', 689),
(25216, 'Thác Mơ', 688),
(25217, 'Long Thủy', 688),
(25219, 'Phước Bình', 688),
(25220, 'Long Phước', 688),
(25222, 'Bù Gia Mập', 691),
(25225, 'Đak Ơ', 691),
(25228, 'Đức Hạnh', 691),
(25229, 'Phú Văn', 691),
(25231, 'Đa Kia', 691),
(25232, 'Phước Minh', 691),
(25234, 'Bình Thắng', 691),
(25237, 'Sơn Giang', 688),
(25240, 'Long Bình', 698),
(25243, 'Bình Tân', 698),
(25244, 'Bình Sơn', 698),
(25245, 'Long Giang', 688),
(25246, 'Long Hưng', 698),
(25249, 'Phước Tín', 688),
(25250, 'Phước Tân', 698),
(25252, 'Bù Nho', 698),
(25255, 'Long Hà', 698),
(25258, 'Long Tân', 698),
(25261, 'Phú Trung', 698),
(25264, 'Phú Riềng', 698),
(25267, 'Phú Nghĩa', 691),
(25270, 'Lộc Ninh', 692),
(25273, 'Lộc Hòa', 692),
(25276, 'Lộc An', 692),
(25279, 'Lộc Tấn', 692),
(25280, 'Lộc Thạnh', 692),
(25282, 'Lộc Hiệp', 692),
(25285, 'Lộc Thiện', 692),
(25288, 'Lộc Thuận', 692),
(25291, 'Lộc Quang', 692),
(25292, 'Lộc Phú', 692),
(25294, 'Lộc Thành', 692),
(25297, 'Lộc Thái', 692),
(25300, 'Lộc Điền', 692),
(25303, 'Lộc Hưng', 692),
(25305, 'Lộc Thịnh', 692),
(25306, 'Lộc Khánh', 692),
(25308, 'Thanh Bình', 693),
(25309, 'Hưng Phước', 693),
(25310, 'Phước Thiện', 693),
(25312, 'Thiện Hưng', 693),
(25315, 'Thanh Hòa', 693),
(25318, 'Tân Thành', 693),
(25320, 'Hưng Chiến', 690),
(25321, 'Tân Tiến', 693),
(25324, 'An Lộc', 690),
(25325, 'Phú Thịnh', 690),
(25326, 'Phú Đức', 690),
(25327, 'Thanh An', 694),
(25330, 'An Khương', 694),
(25333, 'Thanh Lương', 690),
(25336, 'Thanh Phú', 690),
(25339, 'An Phú', 694),
(25342, 'Tân Lợi', 694),
(25345, 'Tân Hưng', 694),
(25348, 'Minh Đức', 694),
(25349, 'Minh Tâm', 694),
(25351, 'Phước An', 694),
(25354, 'Thanh Bình', 694),
(25357, 'Tân Khai', 694),
(25360, 'Đồng Nơ', 694),
(25361, 'Tân Hiệp', 694),
(25363, 'Tân Phú', 695),
(25366, 'Thuận Lợi', 695),
(25369, 'Đồng Tâm', 695),
(25372, 'Tân Phước', 695),
(25375, 'Tân Hưng', 695),
(25378, 'Tân Lợi', 695),
(25381, 'Tân Lập', 695),
(25384, 'Tân Hòa', 695),
(25387, 'Thuận Phú', 695),
(25390, 'Đồng Tiến', 695),
(25393, 'Tân Tiến', 695),
(25396, 'Đức Phong', 696),
(25398, 'Đường 10', 696),
(25399, 'Đak Nhau', 696),
(25400, 'Phú Sơn', 696),
(25402, 'Thọ Sơn', 696),
(25404, 'Bình Minh', 696),
(25405, 'Bom Bo', 696),
(25408, 'Minh Hưng', 696),
(25411, 'Đoàn Kết', 696),
(25414, 'Đồng Nai', 696),
(25417, 'Đức Liễu', 696),
(25420, 'Thống Nhất', 696),
(25423, 'Nghĩa Trung', 696),
(25424, 'Nghĩa Bình', 696),
(25426, 'Đăng Hà', 696),
(25429, 'Phước Sơn', 696),
(25432, 'Hưng Long', 697),
(25433, 'Thành Tâm', 697),
(25435, 'Minh Lập', 697),
(25438, 'Tân Quan', 694),
(25439, 'Quang Minh', 697),
(25441, 'Minh Hưng', 697),
(25444, 'Minh Long', 697),
(25447, 'Minh Thành', 697),
(25450, 'Nha Bích', 697),
(25453, 'Minh Thắng', 697),
(25456, 'Phường 1', 703),
(25459, 'Phường 3', 703),
(25462, 'Phường 4', 703),
(25465, 'Hiệp Ninh', 703),
(25468, 'Phường 2', 703),
(25471, 'Thạnh Tân', 703),
(25474, 'Tân Bình', 703),
(25477, 'Bình Minh', 703),
(25480, 'Ninh Sơn', 703),
(25483, 'Ninh Thạnh', 703),
(25486, 'Tân Biên', 705),
(25489, 'Tân Lập', 705),
(25492, 'Thạnh Bắc', 705),
(25495, 'Tân Bình', 705),
(25498, 'Thạnh Bình', 705),
(25501, 'Thạnh Tây', 705),
(25504, 'Hòa Hiệp', 705),
(25507, 'Tân Phong', 705),
(25510, 'Mỏ Công', 705),
(25513, 'Trà Vong', 705),
(25516, 'Tân Châu', 706),
(25519, 'Tân Hà', 706),
(25522, 'Tân Đông', 706),
(25525, 'Tân Hội', 706),
(25528, 'Tân Hòa', 706),
(25531, 'Suối Ngô', 706),
(25534, 'Suối Dây', 706),
(25537, 'Tân Hiệp', 706),
(25540, 'Thạnh Đông', 706),
(25543, 'Tân Thành', 706),
(25546, 'Tân Phú', 706),
(25549, 'Tân Hưng', 706),
(25552, 'Dương Minh Châu', 707),
(25555, 'Suối Đá', 707),
(25558, 'Phan', 707),
(25561, 'Phước Ninh', 707),
(25564, 'Phước Minh', 707),
(25567, 'Bàu Năng', 707),
(25570, 'Chà Là', 707),
(25573, 'Cầu Khởi', 707),
(25576, 'Bến Củi', 707),
(25579, 'Lộc Ninh', 707),
(25582, 'Truông Mít', 707),
(25585, 'Châu Thành', 708),
(25588, 'Hảo Đước', 708),
(25591, 'Phước Vinh', 708),
(25594, 'Đồng Khởi', 708),
(25597, 'Thái Bình', 708),
(25600, 'An Cơ', 708),
(25603, 'Biên Giới', 708),
(25606, 'Hòa Thạnh', 708),
(25609, 'Trí Bình', 708),
(25612, 'Hòa Hội', 708),
(25615, 'An Bình', 708),
(25618, 'Thanh Điền', 708),
(25621, 'Thành Long', 708),
(25624, 'Ninh Điền', 708),
(25627, 'Long Vĩnh', 708),
(25630, 'Long Hoa', 709),
(25633, 'Hiệp Tân', 709),
(25636, 'Long Thành Bắc', 709),
(25639, 'Trường Hòa', 709),
(25642, 'Trường Đông', 709),
(25645, 'Long Thành Trung', 709),
(25648, 'Trường Tây', 709),
(25651, 'Long Thành Nam', 709),
(25654, 'Gò Dầu', 710),
(25657, 'Thạnh Đức', 710),
(25660, 'Cẩm Giang', 710),
(25663, 'Hiệp Thạnh', 710),
(25666, 'Bàu Đồn', 710),
(25669, 'Phước Thạnh', 710),
(25672, 'Phước Đông', 710),
(25675, 'Phước Trạch', 710),
(25678, 'Thanh Phước', 710),
(25681, 'Bến Cầu', 711),
(25684, 'Long Chữ', 711),
(25687, 'Long Phước', 711),
(25690, 'Long Giang', 711),
(25693, 'Tiên Thuận', 711),
(25696, 'Long Khánh', 711),
(25699, 'Lợi Thuận', 711),
(25702, 'Long Thuận', 711),
(25705, 'An Thạnh', 711),
(25708, 'Trảng Bàng', 712),
(25711, 'Đôn Thuận', 712),
(25714, 'Hưng Thuận', 712),
(25717, 'Lộc Hưng', 712),
(25720, 'Gia Lộc', 712),
(25723, 'Gia Bình', 712),
(25729, 'Phước Bình', 712),
(25732, 'An Tịnh', 712),
(25735, 'An Hòa', 712),
(25738, 'Phước Chỉ', 712),
(25741, 'Hiệp Thành', 718),
(25744, 'Phú Lợi', 718),
(25747, 'Phú Cường', 718),
(25750, 'Phú Hòa', 718),
(25753, 'Phú Thọ', 718),
(25756, 'Chánh Nghĩa', 718),
(25759, 'Định Hoà', 718),
(25760, 'Hoà Phú', 718),
(25762, 'Phú Mỹ', 718),
(25763, 'Phú Tân', 718),
(25765, 'Tân An', 718),
(25768, 'Hiệp An', 718),
(25771, 'Tương Bình Hiệp', 718),
(25774, 'Chánh Mỹ', 718),
(25777, 'Dầu Tiếng', 720),
(25780, 'Minh Hoà', 720),
(25783, 'Minh Thạnh', 720),
(25786, 'Minh Tân', 720),
(25789, 'Định An', 720),
(25792, 'Long Hoà', 720),
(25795, 'Định Thành', 720),
(25798, 'Định Hiệp', 720),
(25801, 'An Lập', 720),
(25804, 'Long Tân', 720),
(25807, 'Thanh An', 720),
(25810, 'Thanh Tuyền', 720),
(25813, 'Mỹ Phước', 721),
(25816, 'Trừ Văn Thố', 719),
(25819, 'Cây Trường II', 719),
(25822, 'Lai Uyên', 719),
(25825, 'Tân Hưng', 719),
(25828, 'Long Nguyên', 719),
(25831, 'Hưng Hòa', 719),
(25834, 'Lai Hưng', 719),
(25837, 'Chánh Phú Hòa', 721),
(25840, 'An Điền', 721),
(25843, 'An Tây', 721),
(25846, 'Thới Hòa', 721),
(25849, 'Hòa Lợi', 721),
(25852, 'Tân Định', 721),
(25855, 'Phú An', 721),
(25858, 'Phước Vĩnh', 722),
(25861, 'An Linh', 722),
(25864, 'Phước Sang', 722),
(25865, 'An Thái', 722),
(25867, 'An Long', 722),
(25870, 'An Bình', 722),
(25873, 'Tân Hiệp', 722),
(25876, 'Tam Lập', 722);
INSERT INTO `sub_districts` (`id`, `name`, `district_id`) VALUES
(25879, 'Tân Long', 722),
(25882, 'Vĩnh Hoà', 722),
(25885, 'Phước Hoà', 722),
(25888, 'Uyên Hưng', 723),
(25891, 'Tân Phước Khánh', 723),
(25894, 'Tân Định', 726),
(25897, 'Bình Mỹ', 726),
(25900, 'Tân Bình', 726),
(25903, 'Tân Lập', 726),
(25906, 'Tân Thành', 726),
(25907, 'Đất Cuốc', 726),
(25908, 'Hiếu Liêm', 726),
(25909, 'Lạc An', 726),
(25912, 'Vĩnh Tân', 723),
(25915, 'Hội Nghĩa', 723),
(25918, 'Tân Mỹ', 726),
(25920, 'Tân Hiệp', 723),
(25921, 'Khánh Bình', 723),
(25924, 'Phú Chánh', 723),
(25927, 'Thường Tân', 726),
(25930, 'Bạch Đằng', 723),
(25933, 'Tân Vĩnh Hiệp', 723),
(25936, 'Thạnh Phước', 723),
(25937, 'Thạnh Hội', 723),
(25939, 'Thái Hòa', 723),
(25942, 'Dĩ An', 724),
(25945, 'Tân Bình', 724),
(25948, 'Tân Đông Hiệp', 724),
(25951, 'Bình An', 724),
(25954, 'Bình Thắng', 724),
(25957, 'Đông Hòa', 724),
(25960, 'An Bình', 724),
(25963, 'An Thạnh', 725),
(25966, 'Lái Thiêu', 725),
(25969, 'Bình Chuẩn', 725),
(25972, 'Thuận Giao', 725),
(25975, 'An Phú', 725),
(25978, 'Hưng Định', 725),
(25981, 'An Sơn', 725),
(25984, 'Bình Nhâm', 725),
(25987, 'Bình Hòa', 725),
(25990, 'Vĩnh Phú', 725),
(25993, 'Trảng Dài', 731),
(25996, 'Tân Phong', 731),
(25999, 'Tân Biên', 731),
(26002, 'Hố Nai', 731),
(26005, 'Tân Hòa', 731),
(26008, 'Tân Hiệp', 731),
(26011, 'Bửu Long', 731),
(26014, 'Tân Tiến', 731),
(26017, 'Tam Hiệp', 731),
(26020, 'Long Bình', 731),
(26023, 'Quang Vinh', 731),
(26026, 'Tân Mai', 731),
(26029, 'Thống Nhất', 731),
(26032, 'Trung Dũng', 731),
(26035, 'Tam Hòa', 731),
(26038, 'Hòa Bình', 731),
(26041, 'Quyết Thắng', 731),
(26044, 'Thanh Bình', 731),
(26047, 'Bình Đa', 731),
(26050, 'An Bình', 731),
(26053, 'Bửu Hòa', 731),
(26056, 'Long Bình Tân', 731),
(26059, 'Tân Vạn', 731),
(26062, 'Tân Hạnh', 731),
(26065, 'Hiệp Hòa', 731),
(26068, 'Hóa An', 731),
(26071, 'Xuân Trung', 732),
(26074, 'Xuân Thanh', 732),
(26077, 'Xuân Bình', 732),
(26080, 'Xuân An', 732),
(26083, 'Xuân Hoà', 732),
(26086, 'Phú Bình', 732),
(26089, 'Bình Lộc', 732),
(26092, 'Bảo Quang', 732),
(26095, 'Suối Tre', 732),
(26098, 'Bảo Vinh', 732),
(26101, 'Xuân Lập', 732),
(26104, 'Bàu Sen', 732),
(26107, 'Bàu Trâm', 732),
(26110, 'Xuân Tân', 732),
(26113, 'Hàng Gòn', 732),
(26116, 'Tân Phú', 734),
(26119, 'Dak Lua', 734),
(26122, 'Nam Cát Tiên', 734),
(26125, 'Phú An', 734),
(26128, 'Núi Tượng', 734),
(26131, 'Tà Lài', 734),
(26134, 'Phú Lập', 734),
(26137, 'Phú Sơn', 734),
(26140, 'Phú Thịnh', 734),
(26143, 'Thanh Sơn', 734),
(26146, 'Phú Trung', 734),
(26149, 'Phú Xuân', 734),
(26152, 'Phú Lộc', 734),
(26155, 'Phú Lâm', 734),
(26158, 'Phú Bình', 734),
(26161, 'Phú Thanh', 734),
(26164, 'Trà Cổ', 734),
(26167, 'Phú Điền', 734),
(26170, 'Vĩnh An', 735),
(26173, 'Phú Lý', 735),
(26176, 'Trị An', 735),
(26179, 'Tân An', 735),
(26182, 'Vĩnh Tân', 735),
(26185, 'Bình Lợi', 735),
(26188, 'Thạnh Phú', 735),
(26191, 'Thiện Tân', 735),
(26194, 'Tân Bình', 735),
(26197, 'Bình Hòa', 735),
(26200, 'Mã Đà', 735),
(26203, 'Hiếu Liêm', 735),
(26206, 'Định Quán', 736),
(26209, 'Thanh Sơn', 736),
(26212, 'Phú Tân', 736),
(26215, 'Phú Vinh', 736),
(26218, 'Phú Lợi', 736),
(26221, 'Phú Hòa', 736),
(26224, 'Ngọc Định', 736),
(26227, 'La Ngà', 736),
(26230, 'Gia Canh', 736),
(26233, 'Phú Ngọc', 736),
(26236, 'Phú Cường', 736),
(26239, 'Túc Trưng', 736),
(26242, 'Phú Túc', 736),
(26245, 'Suối Nho', 736),
(26248, 'Trảng Bom', 737),
(26251, 'Thanh Bình', 737),
(26254, 'Cây Gáo', 737),
(26257, 'Bàu Hàm', 737),
(26260, 'Sông Thao', 737),
(26263, 'Sông Trầu', 737),
(26266, 'Đông Hoà', 737),
(26269, 'Bắc Sơn', 737),
(26272, 'Hố Nai 3', 737),
(26275, 'Tây Hoà', 737),
(26278, 'Bình Minh', 737),
(26281, 'Trung Hoà', 737),
(26284, 'Đồi 61', 737),
(26287, 'Hưng Thịnh', 737),
(26290, 'Quảng Tiến', 737),
(26293, 'Giang Điền', 737),
(26296, 'An Viễn', 737),
(26299, 'Gia Tân 1', 738),
(26302, 'Gia Tân 2', 738),
(26305, 'Gia Tân 3', 738),
(26308, 'Gia Kiệm', 738),
(26311, 'Quang Trung', 738),
(26314, 'Bàu Hàm 2', 738),
(26317, 'Hưng Lộc', 738),
(26320, 'Lộ 25', 738),
(26323, 'Xuân Thiện', 738),
(26326, 'Dầu Giây', 738),
(26329, 'Sông Nhạn', 739),
(26332, 'Xuân Quế', 739),
(26335, 'Nhân Nghĩa', 739),
(26338, 'Xuân Đường', 739),
(26341, 'Long Giao', 739),
(26344, 'Xuân Mỹ', 739),
(26347, 'Thừa Đức', 739),
(26350, 'Bảo Bình', 739),
(26353, 'Xuân Bảo', 739),
(26356, 'Xuân Tây', 739),
(26359, 'Xuân Đông', 739),
(26362, 'Sông Ray', 739),
(26365, 'Lâm San', 739),
(26368, 'Long Thành', 740),
(26371, 'An Hòa', 731),
(26374, 'Tam Phước', 731),
(26377, 'Phước Tân', 731),
(26380, 'Long Hưng', 731),
(26383, 'An Phước', 740),
(26386, 'Bình An', 740),
(26389, 'Long Đức', 740),
(26392, 'Lộc An', 740),
(26395, 'Bình Sơn', 740),
(26398, 'Tam An', 740),
(26401, 'Cẩm Đường', 740),
(26404, 'Long An', 740),
(26410, 'Bàu Cạn', 740),
(26413, 'Long Phước', 740),
(26416, 'Phước Bình', 740),
(26419, 'Tân Hiệp', 740),
(26422, 'Phước Thái', 740),
(26425, 'Gia Ray', 741),
(26428, 'Xuân Bắc', 741),
(26431, 'Suối Cao', 741),
(26434, 'Xuân Thành', 741),
(26437, 'Xuân Thọ', 741),
(26440, 'Xuân Trường', 741),
(26443, 'Xuân Hòa', 741),
(26446, 'Xuân Hưng', 741),
(26449, 'Xuân Tâm', 741),
(26452, 'Suối Cát', 741),
(26455, 'Xuân Hiệp', 741),
(26458, 'Xuân Phú', 741),
(26461, 'Xuân Định', 741),
(26464, 'Bảo Hoà', 741),
(26467, 'Lang Minh', 741),
(26470, 'Phước Thiền', 742),
(26473, 'Long Tân', 742),
(26476, 'Đại Phước', 742),
(26479, 'Hiệp Phước', 742),
(26482, 'Phú Hữu', 742),
(26485, 'Phú Hội', 742),
(26488, 'Phú Thạnh', 742),
(26491, 'Phú Đông', 742),
(26494, 'Long Thọ', 742),
(26497, 'Vĩnh Thanh', 742),
(26500, 'Phước Khánh', 742),
(26503, 'Phước An', 742),
(26506, 'Phường 1', 747),
(26508, 'Thắng Tam', 747),
(26509, 'Phường 2', 747),
(26512, 'Phường 3', 747),
(26515, 'Phường 4', 747),
(26518, 'Phường 5', 747),
(26521, 'Thắng Nhì', 747),
(26524, 'Phường 7', 747),
(26526, 'Nguyễn An Ninh', 747),
(26527, 'Phường 8', 747),
(26530, 'Phường 9', 747),
(26533, 'Thắng Nhất', 747),
(26535, 'Rạch Dừa', 747),
(26536, 'Phường 10', 747),
(26539, 'Phường 11', 747),
(26542, 'Phường 12', 747),
(26545, 'Long Sơn', 747),
(26548, 'Phước Hưng', 748),
(26551, 'Phước Hiệp', 748),
(26554, 'Phước Nguyên', 748),
(26557, 'Long Toàn', 748),
(26558, 'Long Tâm', 748),
(26560, 'Phước Trung', 748),
(26563, 'Long Hương', 748),
(26566, 'Kim Dinh', 748),
(26567, 'Tân Hưng', 748),
(26569, 'Long Phước', 748),
(26572, 'Hoà Long', 748),
(26574, 'Bàu Chinh', 750),
(26575, 'Ngãi Giao', 750),
(26578, 'Bình Ba', 750),
(26581, 'Suối Nghệ', 750),
(26584, 'Xuân Sơn', 750),
(26587, 'Sơn Bình', 750),
(26590, 'Bình Giã', 750),
(26593, 'Bình Trung', 750),
(26596, 'Xà Bang', 750),
(26599, 'Cù Bị', 750),
(26602, 'Láng Lớn', 750),
(26605, 'Quảng Thành', 750),
(26608, 'Kim Long', 750),
(26611, 'Suối Rao', 750),
(26614, 'Đá Bạc', 750),
(26617, 'Nghĩa Thành', 750),
(26620, 'Phước Bửu', 751),
(26623, 'Phước Thuận', 751),
(26626, 'Phước Tân', 751),
(26629, 'Xuyên Mộc', 751),
(26632, 'Bông Trang', 751),
(26635, 'Tân Lâm', 751),
(26638, 'Bàu Lâm', 751),
(26641, 'Hòa Bình', 751),
(26644, 'Hòa Hưng', 751),
(26647, 'Hòa Hiệp', 751),
(26650, 'Hòa Hội', 751),
(26653, 'Bưng Riềng', 751),
(26656, 'Bình Châu', 751),
(26659, 'Long Điền', 752),
(26662, 'Long Hải', 752),
(26665, 'An Ngãi', 752),
(26668, 'Tam Phước', 752),
(26671, 'An Nhứt', 752),
(26674, 'Phước Tỉnh', 752),
(26677, 'Phước Hưng', 752),
(26680, 'Đất Đỏ', 753),
(26683, 'Phước Long Thọ', 753),
(26686, 'Phước Hội', 753),
(26689, 'Long Mỹ', 753),
(26692, 'Phước Hải', 753),
(26695, 'Long Tân', 753),
(26698, 'Láng Dài', 753),
(26701, 'Lộc An', 753),
(26704, 'Phú Mỹ', 754),
(26707, 'Tân Hoà', 754),
(26710, 'Tân Hải', 754),
(26713, 'Phước Hoà', 754),
(26716, 'Tân Phước', 754),
(26719, 'Mỹ Xuân', 754),
(26722, 'Sông Xoài', 754),
(26725, 'Hắc Dịch', 754),
(26728, 'Châu Pha', 754),
(26731, 'Tóc Tiên', 754),
(26734, 'Tân Định', 760),
(26737, 'Đa Kao', 760),
(26740, 'Bến Nghé', 760),
(26743, 'Bến Thành', 760),
(26746, 'Nguyễn Thái Bình', 760),
(26749, 'Phạm Ngũ Lão', 760),
(26752, 'Cầu Ông Lãnh', 760),
(26755, 'Cô Giang', 760),
(26758, 'Nguyễn Cư Trinh', 760),
(26761, 'Cầu Kho', 760),
(26764, 'Thạnh Xuân', 761),
(26767, 'Thạnh Lộc', 761),
(26770, 'Hiệp Thành', 761),
(26773, 'Thới An', 761),
(26776, 'Tân Chánh Hiệp', 761),
(26779, 'An Phú Đông', 761),
(26782, 'Tân Thới Hiệp', 761),
(26785, 'Trung Mỹ Tây', 761),
(26787, 'Tân Hưng Thuận', 761),
(26788, 'Đông Hưng Thuận', 761),
(26791, 'Tân Thới Nhất', 761),
(26794, 'Linh Xuân', 769),
(26797, 'Bình Chiểu', 769),
(26800, 'Linh Trung', 769),
(26803, 'Tam Bình', 769),
(26806, 'Tam Phú', 769),
(26809, 'Hiệp Bình Phước', 769),
(26812, 'Hiệp Bình Chánh', 769),
(26815, 'Linh Chiểu', 769),
(26818, 'Linh Tây', 769),
(26821, 'Linh Đông', 769),
(26824, 'Bình Thọ', 769),
(26827, 'Trường Thọ', 769),
(26830, 'Long Bình', 769),
(26833, 'Long Thạnh Mỹ', 769),
(26836, 'Tân Phú', 769),
(26839, 'Hiệp Phú', 769),
(26842, 'Tăng Nhơn Phú A', 769),
(26845, 'Tăng Nhơn Phú B', 769),
(26848, 'Phước Long B', 769),
(26851, 'Phước Long A', 769),
(26854, 'Trường Thạnh', 769),
(26857, 'Long Phước', 769),
(26860, 'Long Trường', 769),
(26863, 'Phước Bình', 769),
(26866, 'Phú Hữu', 769),
(26869, 'Phường 15', 764),
(26872, 'Phường 13', 764),
(26875, 'Phường 17', 764),
(26876, 'Phường 6', 764),
(26878, 'Phường 16', 764),
(26881, 'Phường 12', 764),
(26882, 'Phường 14', 764),
(26884, 'Phường 10', 764),
(26887, 'Phường 05', 764),
(26890, 'Phường 07', 764),
(26893, 'Phường 04', 764),
(26896, 'Phường 01', 764),
(26897, 'Phường 9', 764),
(26898, 'Phường 8', 764),
(26899, 'Phường 11', 764),
(26902, 'Phường 03', 764),
(26905, 'Phường 13', 765),
(26908, 'Phường 11', 765),
(26911, 'Phường 27', 765),
(26914, 'Phường 26', 765),
(26917, 'Phường 12', 765),
(26920, 'Phường 25', 765),
(26923, 'Phường 05', 765),
(26926, 'Phường 07', 765),
(26929, 'Phường 24', 765),
(26932, 'Phường 06', 765),
(26935, 'Phường 14', 765),
(26938, 'Phường 15', 765),
(26941, 'Phường 02', 765),
(26944, 'Phường 01', 765),
(26947, 'Phường 03', 765),
(26950, 'Phường 17', 765),
(26953, 'Phường 21', 765),
(26956, 'Phường 22', 765),
(26959, 'Phường 19', 765),
(26962, 'Phường 28', 765),
(26965, 'Phường 02', 766),
(26968, 'Phường 04', 766),
(26971, 'Phường 12', 766),
(26974, 'Phường 13', 766),
(26977, 'Phường 01', 766),
(26980, 'Phường 03', 766),
(26983, 'Phường 11', 766),
(26986, 'Phường 07', 766),
(26989, 'Phường 05', 766),
(26992, 'Phường 10', 766),
(26995, 'Phường 06', 766),
(26998, 'Phường 08', 766),
(27001, 'Phường 09', 766),
(27004, 'Phường 14', 766),
(27007, 'Phường 15', 766),
(27010, 'Tân Sơn Nhì', 767),
(27013, 'Tây Thạnh', 767),
(27016, 'Sơn Kỳ', 767),
(27019, 'Tân Quý', 767),
(27022, 'Tân Thành', 767),
(27025, 'Phú Thọ Hòa', 767),
(27028, 'Phú Thạnh', 767),
(27031, 'Phú Trung', 767),
(27034, 'Hòa Thạnh', 767),
(27037, 'Hiệp Tân', 767),
(27040, 'Tân Thới Hòa', 767),
(27043, 'Phường 04', 768),
(27046, 'Phường 05', 768),
(27049, 'Phường 09', 768),
(27052, 'Phường 07', 768),
(27055, 'Phường 03', 768),
(27058, 'Phường 01', 768),
(27061, 'Phường 02', 768),
(27064, 'Phường 08', 768),
(27067, 'Phường 15', 768),
(27070, 'Phường 10', 768),
(27073, 'Phường 11', 768),
(27076, 'Phường 17', 768),
(27085, 'Phường 13', 768),
(27088, 'Thảo Điền', 769),
(27091, 'An Phú', 769),
(27094, 'An Khánh', 769),
(27097, 'Bình Trưng Đông', 769),
(27100, 'Bình Trưng Tây', 769),
(27109, 'Cát Lái', 769),
(27112, 'Thạnh Mỹ Lợi', 769),
(27115, 'An Lợi Đông', 769),
(27118, 'Thủ Thiêm', 769),
(27127, 'Phường 14', 770),
(27130, 'Phường 12', 770),
(27133, 'Phường 11', 770),
(27136, 'Phường 13', 770),
(27139, 'Võ Thị Sáu', 770),
(27142, 'Phường 09', 770),
(27145, 'Phường 10', 770),
(27148, 'Phường 04', 770),
(27151, 'Phường 05', 770),
(27154, 'Phường 03', 770),
(27157, 'Phường 02', 770),
(27160, 'Phường 01', 770),
(27163, 'Phường 15', 771),
(27166, 'Phường 13', 771),
(27169, 'Phường 14', 771),
(27172, 'Phường 12', 771),
(27175, 'Phường 11', 771),
(27178, 'Phường 10', 771),
(27181, 'Phường 09', 771),
(27184, 'Phường 01', 771),
(27187, 'Phường 08', 771),
(27190, 'Phường 02', 771),
(27193, 'Phường 04', 771),
(27196, 'Phường 07', 771),
(27199, 'Phường 05', 771),
(27202, 'Phường 06', 771),
(27208, 'Phường 15', 772),
(27211, 'Phường 05', 772),
(27214, 'Phường 14', 772),
(27217, 'Phường 11', 772),
(27220, 'Phường 03', 772),
(27223, 'Phường 10', 772),
(27226, 'Phường 13', 772),
(27229, 'Phường 08', 772),
(27232, 'Phường 09', 772),
(27235, 'Phường 12', 772),
(27238, 'Phường 07', 772),
(27241, 'Phường 06', 772),
(27244, 'Phường 04', 772),
(27247, 'Phường 01', 772),
(27250, 'Phường 02', 772),
(27253, 'Phường 16', 772),
(27259, 'Phường 13', 773),
(27262, 'Phường 09', 773),
(27265, 'Phường 06', 773),
(27268, 'Phường 08', 773),
(27271, 'Phường 10', 773),
(27277, 'Phường 18', 773),
(27280, 'Phường 14', 773),
(27283, 'Phường 04', 773),
(27286, 'Phường 03', 773),
(27289, 'Phường 16', 773),
(27292, 'Phường 02', 773),
(27295, 'Phường 15', 773),
(27298, 'Phường 01', 773),
(27301, 'Phường 04', 774),
(27304, 'Phường 09', 774),
(27307, 'Phường 03', 774),
(27310, 'Phường 12', 774),
(27313, 'Phường 02', 774),
(27316, 'Phường 08', 774),
(27322, 'Phường 07', 774),
(27325, 'Phường 01', 774),
(27328, 'Phường 11', 774),
(27331, 'Phường 14', 774),
(27334, 'Phường 05', 774),
(27337, 'Phường 06', 774),
(27340, 'Phường 10', 774),
(27343, 'Phường 13', 774),
(27346, 'Phường 14', 775),
(27349, 'Phường 13', 775),
(27352, 'Phường 09', 775),
(27355, 'Phường 06', 775),
(27358, 'Phường 12', 775),
(27361, 'Phường 05', 775),
(27364, 'Phường 11', 775),
(27367, 'Phường 02', 775),
(27370, 'Phường 01', 775),
(27373, 'Phường 04', 775),
(27376, 'Phường 08', 775),
(27379, 'Phường 03', 775),
(27382, 'Phường 07', 775),
(27385, 'Phường 10', 775),
(27388, 'Phường 08', 776),
(27391, 'Phường 02', 776),
(27394, 'Phường 01', 776),
(27397, 'Phường 03', 776),
(27400, 'Phường 11', 776),
(27403, 'Phường 09', 776),
(27406, 'Phường 10', 776),
(27409, 'Phường 04', 776),
(27412, 'Phường 13', 776),
(27415, 'Phường 12', 776),
(27418, 'Phường 05', 776),
(27421, 'Phường 14', 776),
(27424, 'Phường 06', 776),
(27427, 'Phường 15', 776),
(27430, 'Phường 16', 776),
(27433, 'Phường 07', 776),
(27436, 'Bình Hưng Hòa', 777),
(27439, 'Bình Hưng Hoà A', 777),
(27442, 'Bình Hưng Hoà B', 777),
(27445, 'Bình Trị Đông', 777),
(27448, 'Bình Trị Đông A', 777),
(27451, 'Bình Trị Đông B', 777),
(27454, 'Tân Tạo', 777),
(27457, 'Tân Tạo A', 777),
(27460, ' An Lạc', 777),
(27463, 'An Lạc A', 777),
(27466, 'Tân Thuận Đông', 778),
(27469, 'Tân Thuận Tây', 778),
(27472, 'Tân Kiểng', 778),
(27475, 'Tân Hưng', 778),
(27478, 'Bình Thuận', 778),
(27481, 'Tân Quy', 778),
(27484, 'Phú Thuận', 778),
(27487, 'Tân Phú', 778),
(27490, 'Tân Phong', 778),
(27493, 'Phú Mỹ', 778),
(27496, 'Củ Chi', 783),
(27499, 'Phú Mỹ Hưng', 783),
(27502, 'An Phú', 783),
(27505, 'Trung Lập Thượng', 783),
(27508, 'An Nhơn Tây', 783),
(27511, 'Nhuận Đức', 783),
(27514, 'Phạm Văn Cội', 783),
(27517, 'Phú Hòa Đông', 783),
(27520, 'Trung Lập Hạ', 783),
(27523, 'Trung An', 783),
(27526, 'Phước Thạnh', 783),
(27529, 'Phước Hiệp', 783),
(27532, 'Tân An Hội', 783),
(27535, 'Phước Vĩnh An', 783),
(27538, 'Thái Mỹ', 783),
(27541, 'Tân Thạnh Tây', 783),
(27544, 'Hòa Phú', 783),
(27547, 'Tân Thạnh Đông', 783),
(27550, 'Bình Mỹ', 783),
(27553, 'Tân Phú Trung', 783),
(27556, 'Tân Thông Hội', 783),
(27559, 'Hóc Môn', 784),
(27562, 'Tân Hiệp', 784),
(27565, 'Nhị Bình', 784),
(27568, 'Đông Thạnh', 784),
(27571, 'Tân Thới Nhì', 784),
(27574, 'Thới Tam Thôn', 784),
(27577, 'Xuân Thới Sơn', 784),
(27580, 'Tân Xuân', 784),
(27583, 'Xuân Thới Đông', 784),
(27586, 'Trung Chánh', 784),
(27589, 'Xuân Thới Thượng', 784),
(27592, 'Bà Điểm', 784),
(27595, 'Tân Túc', 785),
(27598, 'Phạm Văn Hai', 785),
(27601, 'Vĩnh Lộc A', 785),
(27604, 'Vĩnh Lộc B', 785),
(27607, 'Bình Lợi', 785),
(27610, 'Lê Minh Xuân', 785),
(27613, 'Tân Nhựt', 785),
(27616, 'Tân Kiên', 785),
(27619, 'Bình Hưng', 785),
(27622, 'Phong Phú', 785),
(27625, 'An Phú Tây', 785),
(27628, 'Hưng Long', 785),
(27631, 'Đa Phước', 785),
(27634, 'Tân Quý Tây', 785),
(27637, 'Bình Chánh', 785),
(27640, 'Quy Đức', 785),
(27643, 'Nhà Bè', 786),
(27646, 'Phước Kiển', 786),
(27649, 'Phước Lộc', 786),
(27652, 'Nhơn Đức', 786),
(27655, 'Phú Xuân', 786),
(27658, 'Long Thới', 786),
(27661, 'Hiệp Phước', 786),
(27664, 'Cần Thạnh', 787),
(27667, 'Bình Khánh', 787),
(27670, 'Tam Thôn Hiệp', 787),
(27673, 'An Thới Đông', 787),
(27676, 'Thạnh An', 787),
(27679, 'Long Hòa', 787),
(27682, 'Lý Nhơn', 787),
(27685, 'Phường 5', 794),
(27688, 'Phường 2', 794),
(27691, 'Phường 4', 794),
(27692, 'Tân Khánh', 794),
(27694, 'Phường 1', 794),
(27697, 'Phường 3', 794),
(27698, 'Phường 7', 794),
(27700, 'Phường 6', 794),
(27703, 'Hướng Thọ Phú', 794),
(27706, 'Nhơn Thạnh Trung', 794),
(27709, 'Lợi Bình Nhơn', 794),
(27712, 'Bình Tâm', 794),
(27715, 'Khánh Hậu', 794),
(27718, 'An Vĩnh Ngãi', 794),
(27721, 'Tân Hưng', 796),
(27724, 'Hưng Hà', 796),
(27727, 'Hưng Điền B', 796),
(27730, 'Hưng Điền', 796),
(27733, 'Thạnh Hưng', 796),
(27736, 'Hưng Thạnh', 796),
(27739, 'Vĩnh Thạnh', 796),
(27742, 'Vĩnh Châu B', 796),
(27745, 'Vĩnh Lợi', 796),
(27748, 'Vĩnh Đại', 796),
(27751, 'Vĩnh Châu A', 796),
(27754, 'Vĩnh Bửu', 796),
(27757, 'Vĩnh Hưng', 797),
(27760, 'Hưng Điền A', 797),
(27763, 'Khánh Hưng', 797),
(27766, 'Thái Trị', 797),
(27769, 'Vĩnh Trị', 797),
(27772, 'Thái Bình Trung', 797),
(27775, 'Vĩnh Bình', 797),
(27778, 'Vĩnh Thuận', 797),
(27781, 'Tuyên Bình', 797),
(27784, 'Tuyên Bình Tây', 797),
(27787, 'Phường 1', 795),
(27788, 'Phường 2', 795),
(27790, 'Thạnh Trị', 795),
(27793, 'Bình Hiệp', 795),
(27796, 'Bình Hòa Tây', 798),
(27799, 'Bình Tân', 795),
(27802, 'Bình Thạnh', 798),
(27805, 'Tuyên Thạnh', 795),
(27806, 'Phường 3', 795),
(27808, 'Bình Hòa Trung', 798),
(27811, 'Bình Hòa Đông', 798),
(27814, 'Bình Phong Thạnh', 798),
(27817, 'Thạnh Hưng', 795),
(27820, 'Tân Lập', 798),
(27823, 'Tân Thành', 798),
(27826, 'Tân Thạnh', 799),
(27829, 'Bắc Hòa', 799),
(27832, 'Hậu Thạnh Tây', 799),
(27835, 'Nhơn Hòa Lập', 799),
(27838, 'Tân Lập', 799),
(27841, 'Hậu Thạnh Đông', 799),
(27844, 'Nhơn Hoà', 799),
(27847, 'Kiến Bình', 799),
(27850, 'Tân Thành', 799),
(27853, 'Tân Bình', 799),
(27856, 'Tân Ninh', 799),
(27859, 'Nhơn Ninh', 799),
(27862, 'Tân Hòa', 799),
(27865, 'Thạnh Hóa', 800),
(27868, 'Tân Hiệp', 800),
(27871, 'Thuận Bình', 800),
(27874, 'Thạnh Phước', 800),
(27877, 'Thạnh Phú', 800),
(27880, 'Thuận Nghĩa Hòa', 800),
(27883, 'Thủy Đông', 800),
(27886, 'Thủy Tây', 800),
(27889, 'Tân Tây', 800),
(27892, 'Tân Đông', 800),
(27895, 'Thạnh An', 800),
(27898, 'Đông Thành', 801),
(27901, 'Mỹ Quý Đông', 801),
(27904, 'Mỹ Thạnh Bắc', 801),
(27907, 'Mỹ Quý Tây', 801),
(27910, 'Mỹ Thạnh Tây', 801),
(27913, 'Mỹ Thạnh Đông', 801),
(27916, 'Bình Thành', 801),
(27919, 'Bình Hòa Bắc', 801),
(27922, 'Bình Hòa Hưng', 801),
(27925, 'Bình Hòa Nam', 801),
(27928, 'Mỹ Bình', 801),
(27931, 'Hậu Nghĩa', 802),
(27934, 'Hiệp Hòa', 802),
(27937, 'Đức Hòa', 802),
(27940, 'Lộc Giang', 802),
(27943, 'An Ninh Đông', 802),
(27946, 'An Ninh Tây', 802),
(27949, 'Tân Mỹ', 802),
(27952, 'Hiệp Hòa', 802),
(27955, 'Đức Lập Thượng', 802),
(27958, 'Đức Lập Hạ', 802),
(27961, 'Tân Phú', 802),
(27964, 'Mỹ Hạnh Bắc', 802),
(27967, 'Đức Hòa Thượng', 802),
(27970, 'Hòa Khánh Tây', 802),
(27973, 'Hòa Khánh Đông', 802),
(27976, 'Mỹ Hạnh Nam', 802),
(27979, 'Hòa Khánh Nam', 802),
(27982, 'Đức Hòa Đông', 802),
(27985, 'Đức Hòa Hạ', 802),
(27988, 'Hựu Thạnh', 802),
(27991, 'Bến Lức', 803),
(27994, 'Thạnh Lợi', 803),
(27997, 'Lương Bình', 803),
(28000, 'Thạnh Hòa', 803),
(28003, 'Lương Hòa', 803),
(28006, 'Tân Hòa', 803),
(28009, 'Tân Bửu', 803),
(28012, 'An Thạnh', 803),
(28015, 'Bình Đức', 803),
(28018, 'Mỹ Yên', 803),
(28021, 'Thanh Phú', 803),
(28024, 'Long Hiệp', 803),
(28027, 'Thạnh Đức', 803),
(28030, 'Phước Lợi', 803),
(28033, 'Nhựt Chánh', 803),
(28036, 'Thủ Thừa', 804),
(28039, 'Long Thạnh', 804),
(28042, 'Tân Thành', 804),
(28045, 'Long Thuận', 804),
(28048, 'Mỹ Lạc', 804),
(28051, 'Mỹ Thạnh', 804),
(28054, 'Bình An', 804),
(28057, 'Nhị Thành', 804),
(28060, 'Mỹ An', 804),
(28063, 'Bình Thạnh', 804),
(28066, 'Mỹ Phú', 804),
(28072, 'Tân Long', 804),
(28075, 'Tân Trụ', 805),
(28078, 'Tân Bình', 805),
(28084, 'Quê Mỹ Thạnh', 805),
(28087, 'Lạc Tấn', 805),
(28090, 'Bình Trinh Đông', 805),
(28093, 'Tân Phước Tây', 805),
(28096, 'Bình Lãng', 805),
(28099, 'Bình Tịnh', 805),
(28102, 'Đức Tân', 805),
(28105, 'Nhựt Ninh', 805),
(28108, 'Cần Đước', 806),
(28111, 'Long Trạch', 806),
(28114, 'Long Khê', 806),
(28117, 'Long Định', 806),
(28120, 'Phước Vân', 806),
(28123, 'Long Hòa', 806),
(28126, 'Long Cang', 806),
(28129, 'Long Sơn', 806),
(28132, 'Tân Trạch', 806),
(28135, 'Mỹ Lệ', 806),
(28138, 'Tân Lân', 806),
(28141, 'Phước Tuy', 806),
(28144, 'Long Hựu Đông', 806),
(28147, 'Tân Ân', 806),
(28150, 'Phước Đông', 806),
(28153, 'Long Hựu Tây', 806),
(28156, 'Tân Chánh', 806),
(28159, 'Cần Giuộc', 807),
(28162, 'Phước Lý', 807),
(28165, 'Long Thượng', 807),
(28168, 'Long Hậu', 807),
(28174, 'Phước Hậu', 807),
(28177, 'Mỹ Lộc', 807),
(28180, 'Phước Lại', 807),
(28183, 'Phước Lâm', 807),
(28189, 'Thuận Thành', 807),
(28192, 'Phước Vĩnh Tây', 807),
(28195, 'Phước Vĩnh Đông', 807),
(28198, 'Long An', 807),
(28201, 'Long Phụng', 807),
(28204, 'Đông Thạnh', 807),
(28207, 'Tân Tập', 807),
(28210, 'Tầm Vu', 808),
(28213, 'Bình Quới', 808),
(28216, 'Hòa Phú', 808),
(28219, 'Phú Ngãi Trị', 808),
(28222, 'Vĩnh Công', 808),
(28225, 'Thuận Mỹ', 808),
(28228, 'Hiệp Thạnh', 808),
(28231, 'Phước Tân Hưng', 808),
(28234, 'Thanh Phú Long', 808),
(28237, 'Dương Xuân Hội', 808),
(28240, 'An Lục Long', 808),
(28243, 'Long Trì', 808),
(28246, 'Thanh Vĩnh Đông', 808),
(28249, 'Phường 5', 815),
(28252, 'Phường 4', 815),
(28255, 'Phường 7', 815),
(28258, 'Phường 3', 815),
(28261, 'Phường 1', 815),
(28264, 'Phường 2', 815),
(28267, 'Phường 8', 815),
(28270, 'Phường 6', 815),
(28273, 'Phường 9', 815),
(28276, 'Phường 10', 815),
(28279, 'Tân Long', 815),
(28282, 'Đạo Thạnh', 815),
(28285, 'Trung An', 815),
(28288, 'Mỹ Phong', 815),
(28291, 'Tân Mỹ Chánh', 815),
(28294, 'Phường 3', 816),
(28297, 'Phường 2', 816),
(28300, 'Phường 4', 816),
(28303, 'Phường 1', 816),
(28306, 'Phường 5', 816),
(28309, 'Long Hưng', 816),
(28312, 'Long Thuận', 816),
(28315, 'Long Chánh', 816),
(28318, 'Long Hòa', 816),
(28321, 'Mỹ Phước', 818),
(28324, 'Tân Hòa Đông', 818),
(28327, 'Thạnh Tân', 818),
(28330, 'Thạnh Mỹ', 818),
(28333, 'Thạnh Hoà', 818),
(28336, 'Phú Mỹ', 818),
(28339, 'Tân Hòa Thành', 818),
(28342, 'Hưng Thạnh', 818),
(28345, 'Tân Lập 1', 818),
(28348, 'Tân Hòa Tây', 818),
(28354, 'Tân Lập 2', 818),
(28357, 'Phước Lập', 818),
(28360, 'Cái Bè', 819),
(28363, 'Hậu Mỹ Bắc B', 819),
(28366, 'Hậu Mỹ Bắc A', 819),
(28369, 'Mỹ Trung', 819),
(28372, 'Hậu Mỹ Trinh', 819),
(28375, 'Hậu Mỹ Phú', 819),
(28378, 'Mỹ Tân', 819),
(28381, 'Mỹ Lợi B', 819),
(28384, 'Thiện Trung', 819),
(28387, 'Mỹ Hội', 819),
(28390, 'An Cư', 819),
(28393, 'Hậu Thành', 819),
(28396, 'Mỹ Lợi A', 819),
(28399, 'Hòa Khánh', 819),
(28402, 'Thiện Trí', 819),
(28405, 'Mỹ Đức Đông', 819),
(28408, 'Mỹ Đức Tây', 819),
(28411, 'Đông Hòa Hiệp', 819),
(28414, 'An Thái Đông', 819),
(28417, 'Tân Hưng', 819),
(28420, 'Mỹ Lương', 819),
(28423, 'Tân Thanh', 819),
(28426, 'An Thái Trung', 819),
(28429, 'An Hữu', 819),
(28432, 'Hòa Hưng', 819),
(28435, 'Phường 1', 817),
(28436, 'Phường 2', 817),
(28437, 'Phường 3', 817),
(28438, 'Thạnh Lộc', 820),
(28439, 'Phường 4', 817),
(28440, 'Phường 5', 817),
(28441, 'Mỹ Thành Bắc', 820),
(28444, 'Phú Cường', 820),
(28447, 'Mỹ Phước Tây', 817),
(28450, 'Mỹ Hạnh Đông', 817),
(28453, 'Mỹ Hạnh Trung', 817),
(28456, 'Mỹ Thành Nam', 820),
(28459, 'Tân Phú', 817),
(28462, 'Tân Bình', 817),
(28465, 'Phú Nhuận', 820),
(28468, 'Tân Hội', 817),
(28471, 'Bình Phú', 820),
(28474, 'Nhị Mỹ', 817),
(28477, 'Nhị Quý', 817),
(28480, 'Thanh Hòa', 817),
(28483, 'Phú Quý', 817),
(28486, 'Long Khánh', 817),
(28489, 'Cẩm Sơn', 820),
(28492, 'Phú An', 820),
(28495, 'Mỹ Long', 820),
(28498, 'Long Tiên', 820),
(28501, 'Hiệp Đức', 820),
(28504, 'Long Trung', 820),
(28507, 'Hội Xuân', 820),
(28510, 'Tân Phong', 820),
(28513, 'Tam Bình', 820),
(28516, 'Ngũ Hiệp', 820),
(28519, 'Tân Hiệp', 821),
(28522, 'Tân Hội Đông', 821),
(28525, 'Tân Hương', 821),
(28528, 'Tân Lý Đông', 821),
(28531, 'Tân Lý Tây', 821),
(28534, 'Thân Cửu Nghĩa', 821),
(28537, 'Tam Hiệp', 821),
(28540, 'Điềm Hy', 821),
(28543, 'Nhị Bình', 821),
(28546, 'Dưỡng Điềm', 821),
(28549, 'Đông Hòa', 821),
(28552, 'Long Định', 821),
(28555, 'Hữu Đạo', 821),
(28558, 'Long An', 821),
(28561, 'Long Hưng', 821),
(28564, 'Bình Trưng', 821),
(28567, 'Phước Thạnh', 815),
(28570, 'Thạnh Phú', 821),
(28573, 'Bàn Long', 821),
(28576, 'Vĩnh Kim', 821),
(28579, 'Bình Đức', 821),
(28582, 'Song Thuận', 821),
(28585, 'Kim Sơn', 821),
(28588, 'Phú Phong', 821),
(28591, 'Thới Sơn', 815),
(28594, 'Chợ Gạo', 822),
(28597, 'Trung Hòa', 822),
(28600, 'Hòa Tịnh', 822),
(28603, 'Mỹ Tịnh An', 822),
(28606, 'Tân Bình Thạnh', 822),
(28609, 'Phú Kiết', 822),
(28612, 'Lương Hòa Lạc', 822),
(28615, 'Thanh Bình', 822),
(28618, 'Quơn Long', 822),
(28621, 'Bình Phục Nhứt', 822),
(28624, 'Đăng Hưng Phước', 822),
(28627, 'Tân Thuận Bình', 822),
(28630, 'Song Bình', 822),
(28633, 'Bình Phan', 822),
(28636, 'Long Bình Điền', 822),
(28639, 'An Thạnh Thủy', 822),
(28642, 'Xuân Đông', 822),
(28645, 'Hòa Định', 822),
(28648, 'Bình Ninh', 822),
(28651, 'Vĩnh Bình', 823),
(28654, 'Đồng Sơn', 823),
(28657, 'Bình Phú', 823),
(28660, 'Đồng Thạnh', 823),
(28663, 'Thành Công', 823),
(28666, 'Bình Nhì', 823),
(28669, 'Yên Luông', 823),
(28672, 'Thạnh Trị', 823),
(28675, 'Thạnh Nhựt', 823),
(28678, 'Long Vĩnh', 823),
(28681, 'Bình Tân', 823),
(28684, 'Vĩnh Hựu', 823),
(28687, 'Long Bình', 823),
(28690, 'Tân Thới', 825),
(28693, 'Tân Phú', 825),
(28696, 'Phú Thạnh', 825),
(28699, 'Tân Thạnh', 825),
(28702, 'Tân Hòa', 824),
(28705, 'Tăng Hoà', 824),
(28708, 'Bình Đông', 816),
(28711, 'Tân Phước', 824),
(28714, 'Gia Thuận', 824),
(28717, 'Bình Xuân', 816),
(28720, 'Vàm Láng', 824),
(28723, 'Tân Tây', 824),
(28726, 'Kiểng Phước', 824),
(28729, 'Tân Trung', 816),
(28732, 'Tân Đông', 824),
(28735, 'Bình Ân', 824),
(28738, 'Tân Điền', 824),
(28741, 'Bình Nghị', 824),
(28744, 'Phước Trung', 824),
(28747, 'Tân Thành', 824),
(28750, 'Phú Đông', 825),
(28753, 'Phú Tân', 825),
(28756, 'Phú Khương', 829),
(28757, 'Phú Tân', 829),
(28759, 'Phường 8', 829),
(28762, 'Phường 6', 829),
(28765, 'Phường 4', 829),
(28768, 'Phường 5', 829),
(28777, 'An Hội', 829),
(28780, 'Phường 7', 829),
(28783, 'Sơn Đông', 829),
(28786, 'Phú Hưng', 829),
(28789, 'Bình Phú', 829),
(28792, 'Mỹ Thạnh An', 829),
(28795, 'Nhơn Thạnh', 829),
(28798, 'Phú Nhuận', 829),
(28801, 'Châu Thành', 831),
(28804, 'Tân Thạch', 831),
(28807, 'Qưới Sơn', 831),
(28810, 'An Khánh', 831),
(28813, 'Giao Long', 831),
(28819, 'Phú Túc', 831),
(28822, 'Phú Đức', 831),
(28825, 'Phú An Hòa', 831),
(28828, 'An Phước', 831),
(28831, 'Tam Phước', 831),
(28834, 'Thành Triệu', 831),
(28837, 'Tường Đa', 831),
(28840, 'Tân Phú', 831),
(28843, 'Quới Thành', 831),
(28846, 'Phước Thạnh', 831),
(28849, 'An Hóa', 831),
(28852, 'Tiên Long', 831),
(28855, 'An Hiệp', 831),
(28858, 'Hữu Định', 831),
(28861, 'Tiên Thủy', 831),
(28864, 'Sơn Hòa', 831),
(28870, 'Chợ Lách', 832),
(28873, 'Phú Phụng', 832),
(28876, 'Sơn Định', 832),
(28879, 'Vĩnh Bình', 832),
(28882, 'Hòa Nghĩa', 832),
(28885, 'Long Thới', 832),
(28888, 'Phú Sơn', 832),
(28889, 'Phú Mỹ', 838),
(28891, 'Tân Thiềng', 832),
(28894, 'Vĩnh Thành', 832),
(28897, 'Vĩnh Hòa', 832),
(28900, 'Hưng Khánh Trung B', 832),
(28901, 'Hưng Khánh Trung A', 838),
(28903, 'Mỏ Cày', 833),
(28906, 'Thanh Tân', 838),
(28909, 'Thạnh Ngãi', 838),
(28912, 'Tân Phú Tây', 838),
(28915, 'Phước Mỹ Trung', 838),
(28918, 'Tân Thành Bình', 838),
(28921, 'Thành An', 838),
(28924, 'Hòa Lộc', 838),
(28927, 'Tân Thanh Tây', 838),
(28930, 'Định Thủy', 833),
(28933, 'Tân Bình', 838),
(28936, 'Nhuận Phú Tân', 838),
(28939, 'Đa Phước Hội', 833),
(28940, 'Tân Hội', 833),
(28942, 'Phước Hiệp', 833),
(28945, 'Bình Khánh ', 833),
(28948, 'Khánh Thạnh Tân', 838),
(28951, 'An Thạnh', 833),
(28957, 'An Định', 833),
(28960, 'Thành Thới B', 833),
(28963, 'Tân Trung', 833),
(28966, 'An Thới', 833),
(28969, 'Thành Thới A', 833),
(28972, 'Minh Đức', 833),
(28975, 'Ngãi Đăng', 833),
(28978, 'Cẩm Sơn', 833),
(28981, 'Hương Mỹ', 833),
(28984, 'Giồng Trôm', 834),
(28987, 'Phong Nẫm', 834),
(28993, 'Mỹ Thạnh', 834),
(28996, 'Châu Hòa', 834),
(28999, 'Lương Hòa', 834),
(29002, 'Lương Quới', 834),
(29005, 'Lương Phú', 834),
(29008, 'Châu Bình', 834),
(29011, 'Thuận Điền', 834),
(29014, 'Sơn Phú', 834),
(29017, 'Bình Hoà', 834),
(29020, 'Phước Long', 834),
(29023, 'Hưng Phong', 834),
(29026, 'Long Mỹ', 834),
(29029, 'Tân Hào', 834),
(29032, 'Bình Thành', 834),
(29035, 'Tân Thanh', 834),
(29038, 'Tân Lợi Thạnh', 834),
(29041, 'Thạnh Phú Đông', 834),
(29044, 'Hưng Nhượng', 834),
(29047, 'Hưng Lễ', 834),
(29050, 'Bình Đại', 835),
(29053, 'Tam Hiệp', 835),
(29056, 'Long Định', 835),
(29059, 'Long Hòa', 835),
(29062, 'Phú Thuận', 835),
(29065, 'Vang Quới Tây', 835),
(29068, 'Vang Quới Đông', 835),
(29071, 'Châu Hưng', 835),
(29074, 'Phú Vang', 835),
(29077, 'Lộc Thuận', 835),
(29080, 'Định Trung', 835),
(29083, 'Thới Lai', 835),
(29086, 'Bình Thới', 835),
(29089, 'Phú Long', 835),
(29092, 'Bình Thắng', 835),
(29095, 'Thạnh Trị', 835),
(29098, 'Đại Hòa Lộc', 835),
(29101, 'Thừa Đức', 835),
(29104, 'Thạnh Phước', 835),
(29107, 'Thới Thuận', 835),
(29110, 'Ba Tri', 836),
(29113, 'Tân Mỹ', 836),
(29116, 'Mỹ Hòa', 836),
(29119, 'Tân Xuân', 836),
(29122, 'Mỹ Chánh', 836),
(29125, 'Bảo Thạnh', 836),
(29128, 'An Phú Trung', 836),
(29131, 'Mỹ Thạnh', 836),
(29134, 'Mỹ Nhơn', 836),
(29137, 'Phước Ngãi', 836),
(29143, 'An Ngãi Trung', 836),
(29146, 'Phú Lễ', 836),
(29149, 'An Bình Tây', 836),
(29152, 'Bảo Thuận', 836),
(29155, 'Tân Hưng', 836),
(29158, 'An Ngãi Tây', 836),
(29161, 'An Hiệp', 836),
(29164, 'Vĩnh Hòa', 836),
(29167, 'Tân Thủy', 836),
(29170, 'Vĩnh An', 836),
(29173, 'An Đức', 836),
(29176, 'An Hòa Tây', 836),
(29179, 'An Thủy', 836),
(29182, 'Thạnh Phú', 837),
(29185, 'Phú Khánh', 837),
(29188, 'Đại Điền', 837),
(29191, 'Quới Điền', 837),
(29194, 'Tân Phong', 837),
(29197, 'Mỹ Hưng', 837),
(29200, 'An Thạnh', 837),
(29203, 'Thới Thạnh', 837),
(29206, 'Hòa Lợi', 837),
(29209, 'An Điền', 837),
(29212, 'Bình Thạnh', 837),
(29215, 'An Thuận', 837),
(29218, 'An Quy', 837),
(29221, 'Thạnh Hải', 837),
(29224, 'An Nhơn', 837),
(29227, 'Giao Thạnh', 837),
(29230, 'Thạnh Phong', 837),
(29233, 'Mỹ An', 837),
(29236, 'Phường 4', 842),
(29239, 'Phường 1', 842),
(29242, 'Phường 3', 842),
(29245, 'Phường 2', 842),
(29248, 'Phường 5', 842),
(29251, 'Phường 6', 842),
(29254, 'Phường 7', 842),
(29257, 'Phường 8', 842),
(29260, 'Phường 9', 842),
(29263, 'Long Đức', 842),
(29266, 'Càng Long', 844),
(29269, 'Mỹ Cẩm', 844),
(29272, 'An Trường A', 844),
(29275, 'An Trường', 844),
(29278, 'Huyền Hội', 844),
(29281, 'Tân An', 844),
(29284, 'Tân Bình', 844),
(29287, 'Bình Phú', 844),
(29290, 'Phương Thạnh', 844),
(29293, 'Đại Phúc', 844),
(29296, 'Đại Phước', 844),
(29299, 'Nhị Long Phú', 844),
(29302, 'Nhị Long', 844),
(29305, 'Đức Mỹ', 844),
(29308, 'Cầu Kè', 845),
(29311, 'Hòa Ân', 845),
(29314, 'Châu Điền', 845),
(29317, 'An Phú Tân', 845),
(29320, 'Hoà Tân', 845),
(29323, 'Ninh Thới', 845),
(29326, 'Phong Phú', 845),
(29329, 'Phong Thạnh', 845),
(29332, 'Tam Ngãi', 845),
(29335, 'Thông Hòa', 845),
(29338, 'Thạnh Phú', 845),
(29341, 'Tiểu Cần', 846),
(29344, 'Cầu Quan', 846),
(29347, 'Phú Cần', 846),
(29350, 'Hiếu Tử', 846),
(29353, 'Hiếu Trung', 846),
(29356, 'Long Thới', 846),
(29359, 'Hùng Hòa', 846),
(29362, 'Tân Hùng', 846),
(29365, 'Tập Ngãi', 846),
(29368, 'Ngãi Hùng', 846),
(29371, 'Tân Hòa', 846),
(29374, 'Châu Thành', 847),
(29377, 'Đa Lộc', 847),
(29380, 'Mỹ Chánh', 847),
(29383, 'Thanh Mỹ', 847),
(29386, 'Lương Hoà A', 847),
(29389, 'Lương Hòa', 847),
(29392, 'Song Lộc', 847),
(29395, 'Nguyệt Hóa', 847),
(29398, 'Hòa Thuận', 847),
(29401, 'Hòa Lợi', 847),
(29404, 'Phước Hảo', 847),
(29407, 'Hưng Mỹ', 847),
(29410, 'Hòa Minh', 847),
(29413, 'Long Hòa', 847),
(29416, 'Cầu Ngang', 848),
(29419, 'Mỹ Long', 848),
(29422, 'Mỹ Long Bắc', 848),
(29425, 'Mỹ Long Nam', 848),
(29428, 'Mỹ Hòa', 848),
(29431, 'Vĩnh Kim', 848),
(29434, 'Kim Hòa', 848),
(29437, 'Hiệp Hòa', 848),
(29440, 'Thuận Hòa', 848),
(29443, 'Long Sơn', 848),
(29446, 'Nhị Trường', 848),
(29449, 'Trường Thọ', 848),
(29452, 'Hiệp Mỹ Đông', 848),
(29455, 'Hiệp Mỹ Tây', 848),
(29458, 'Thạnh Hòa Sơn', 848),
(29461, 'Trà Cú', 849),
(29462, 'Định An', 849),
(29464, 'Phước Hưng', 849),
(29467, 'Tập Sơn', 849),
(29470, 'Tân Sơn', 849),
(29473, 'An Quảng Hữu', 849),
(29476, 'Lưu Nghiệp Anh', 849),
(29479, 'Ngãi Xuyên', 849),
(29482, 'Kim Sơn', 849),
(29485, 'Thanh Sơn', 849),
(29488, 'Hàm Giang', 849),
(29489, 'Hàm Tân', 849),
(29491, 'Đại An', 849),
(29494, 'Định An', 849),
(29497, 'Đôn Xuân', 850),
(29500, 'Đôn Châu', 850),
(29503, 'Ngọc Biên', 849),
(29506, 'Long Hiệp', 849),
(29509, 'Tân Hiệp', 849),
(29512, 'Phường 1', 851),
(29513, 'Long Thành', 850),
(29515, 'Long Toàn', 851),
(29516, 'Phường 2', 851),
(29518, 'Long Hữu', 851),
(29521, 'Long Khánh', 850),
(29524, 'Dân Thành', 851),
(29527, 'Trường Long Hòa', 851),
(29530, 'Ngũ Lạc', 850),
(29533, 'Long Vĩnh', 850),
(29536, 'Đông Hải', 850),
(29539, 'Hiệp Thạnh', 851),
(29542, 'Phường 9', 855),
(29545, 'Phường 5', 855),
(29548, 'Phường 1', 855),
(29551, 'Phường 2', 855),
(29554, 'Phường 4', 855),
(29557, 'Phường 3', 855),
(29560, 'Phường 8', 855),
(29563, 'Tân Ngãi', 855),
(29566, 'Tân Hòa', 855),
(29569, 'Tân Hội', 855),
(29572, 'Trường An', 855),
(29575, 'Long Hồ', 857),
(29578, 'Đồng Phú', 857),
(29581, 'Bình Hòa Phước', 857),
(29584, 'Hòa Ninh', 857),
(29587, 'An Bình', 857),
(29590, 'Thanh Đức', 857),
(29593, 'Tân Hạnh', 857),
(29596, 'Phước Hậu', 857),
(29599, 'Long Phước', 857),
(29602, 'Phú Đức', 857),
(29605, 'Lộc Hòa', 857),
(29608, 'Long An', 857),
(29611, 'Phú Quới', 857),
(29614, 'Thạnh Quới', 857),
(29617, 'Hòa Phú', 857),
(29623, 'Mỹ An', 858),
(29626, 'Mỹ Phước', 858),
(29629, 'An Phước', 858),
(29632, 'Nhơn Phú', 858),
(29635, 'Long Mỹ', 858),
(29638, 'Hòa Tịnh', 858),
(29641, 'Cái Nhum', 858),
(29644, 'Bình Phước', 858),
(29647, 'Chánh An', 858),
(29650, 'Tân An Hội', 858),
(29653, 'Tân Long', 858),
(29656, 'Tân Long Hội', 858),
(29659, 'Vũng Liêm', 859),
(29662, 'Tân Quới Trung', 859),
(29665, 'Quới Thiện', 859),
(29668, 'Quới An', 859),
(29671, 'Trung Chánh', 859),
(29674, 'Tân An Luông', 859),
(29677, 'Thanh Bình', 859),
(29680, 'Trung Thành Tây', 859),
(29683, 'Trung Hiệp', 859),
(29686, 'Hiếu Phụng', 859),
(29689, 'Trung Thành Đông', 859),
(29692, 'Trung Thành', 859),
(29695, 'Trung Hiếu', 859),
(29698, 'Trung Ngãi', 859),
(29701, 'Hiếu Thuận', 859),
(29704, 'Trung Nghĩa', 859),
(29707, 'Trung An', 859),
(29710, 'Hiếu Nhơn', 859),
(29713, 'Hiếu Thành', 859),
(29716, 'Hiếu Nghĩa', 859),
(29719, 'Tam Bình', 860),
(29722, 'Tân Lộc', 860),
(29725, 'Phú Thịnh', 860),
(29728, 'Hậu Lộc', 860),
(29731, 'Hòa Thạnh', 860),
(29734, 'Hoà Lộc', 860),
(29737, 'Phú Lộc', 860),
(29740, 'Song Phú', 860),
(29743, 'Hòa Hiệp', 860),
(29746, 'Mỹ Lộc', 860),
(29749, 'Tân Phú', 860),
(29752, 'Long Phú', 860),
(29755, 'Mỹ Thạnh Trung', 860),
(29758, 'Tường Lộc', 860),
(29761, 'Loan Mỹ', 860),
(29764, 'Ngãi Tứ', 860),
(29767, 'Bình Ninh', 860),
(29770, 'Cái Vồn', 861),
(29771, 'Thành Phước', 861),
(29773, 'Tân Hưng', 863),
(29776, 'Tân Thành', 863),
(29779, 'Thành Trung', 863),
(29782, 'Tân An Thạnh', 863),
(29785, 'Tân Lược', 863),
(29788, 'Nguyễn Văn Thảnh', 863),
(29791, 'Thành Lợi', 863),
(29794, 'Mỹ Thuận', 863),
(29797, 'Tân Bình', 863),
(29800, 'Tân Quới', 863),
(29806, 'Thuận An', 861),
(29809, 'Đông Thạnh', 861),
(29812, 'Đông Bình', 861),
(29813, 'Đông Thuận', 861),
(29815, 'Mỹ Hòa', 861),
(29818, 'Đông Thành', 861),
(29821, 'Trà Ôn', 862),
(29824, 'Xuân Hiệp', 862),
(29827, 'Nhơn Bình', 862),
(29830, 'Hòa Bình', 862),
(29833, 'Thới Hòa', 862),
(29836, 'Trà Côn', 862),
(29839, 'Tân Mỹ', 862),
(29842, 'Hựu Thành', 862),
(29845, 'Vĩnh Xuân', 862),
(29848, 'Thuận Thới', 862),
(29851, 'Phú Thành', 862),
(29854, 'Thiện Mỹ', 862),
(29857, 'Lục Sỹ Thành', 862),
(29860, 'Tích Thiện', 862),
(29863, 'Phường 11', 866),
(29866, 'Phường 1', 866),
(29869, 'Phường 2', 866),
(29872, 'Phường 4', 866),
(29875, 'Phường 3', 866),
(29878, 'Phường 6', 866),
(29881, 'Mỹ Ngãi', 866),
(29884, 'Mỹ Tân', 866),
(29887, 'Mỹ Trà', 866),
(29888, 'Mỹ Phú', 866),
(29890, 'Tân Thuận Tây', 866),
(29892, 'Hoà Thuận', 866),
(29893, 'Hòa An', 866),
(29896, 'Tân Thuận Đông', 866),
(29899, 'Tịnh Thới', 866),
(29902, 'Phường 3', 867),
(29905, 'Phường 1', 867),
(29908, 'Phường 4', 867),
(29911, 'Phường 2', 867),
(29914, 'Tân Khánh Đông', 867),
(29917, 'Tân Quy Đông', 867),
(29919, 'An Hoà', 867),
(29920, 'Tân Quy Tây', 867),
(29923, 'Tân Phú Đông', 867),
(29926, 'Sa Rài', 869),
(29929, 'Tân Hộ Cơ', 869),
(29932, 'Thông Bình', 869),
(29935, 'Bình Phú', 869),
(29938, 'Tân Thành A', 869),
(29941, 'Tân Thành B', 869),
(29944, 'Tân Phước', 869),
(29947, 'Tân Công Chí', 869),
(29950, 'An Phước', 869),
(29954, 'An Lộc', 868),
(29955, 'An Thạnh', 868),
(29956, 'Thường Phước 1', 870),
(29959, 'Bình Thạnh', 868),
(29962, 'Thường Thới Hậu A', 870),
(29965, 'Tân Hội', 868),
(29971, 'Thường Thới Tiền', 870),
(29974, 'Thường Phước 2', 870),
(29977, 'Thường Lạc', 870),
(29978, 'An Lạc', 868),
(29980, 'Long Khánh A', 870),
(29983, 'Long Khánh B', 870),
(29986, 'An Bình B', 868),
(29989, 'An Bình A', 868),
(29992, 'Long Thuận', 870),
(29995, 'Phú Thuận B', 870),
(29998, 'Phú Thuận A', 870),
(30001, 'Tràm Chim', 871),
(30004, 'Hoà Bình', 871),
(30007, 'Tân Công Sính', 871),
(30010, 'Phú Hiệp', 871),
(30013, 'Phú Đức', 871),
(30016, 'Phú Thành B', 871),
(30019, 'An Hòa', 871),
(30022, 'An Long', 871),
(30025, 'Phú Cường', 871),
(30028, 'Phú Ninh', 871),
(30031, 'Phú Thọ', 871),
(30034, 'Phú Thành A', 871),
(30037, 'Mỹ An', 872),
(30040, 'Thạnh Lợi', 872),
(30043, 'Hưng Thạnh', 872),
(30046, 'Trường Xuân', 872),
(30049, 'Tân Kiều', 872),
(30052, 'Mỹ Hòa', 872),
(30055, 'Mỹ Quý', 872),
(30058, 'Mỹ Đông', 872),
(30061, 'Đốc Binh Kiều', 872),
(30064, 'Mỹ An', 872),
(30067, 'Phú Điền', 872),
(30070, 'Láng Biển', 872),
(30073, 'Thanh Mỹ', 872),
(30076, 'Mỹ Thọ', 873),
(30079, 'Gáo Giồng', 873),
(30082, 'Phương Thịnh', 873),
(30085, 'Ba Sao', 873),
(30088, 'Phong Mỹ', 873),
(30091, 'Tân Nghĩa', 873),
(30094, 'Phương Trà', 873),
(30097, 'Nhị Mỹ', 873),
(30100, 'Mỹ Thọ', 873),
(30103, 'Tân Hội Trung', 873),
(30106, 'An Bình', 873),
(30109, 'Mỹ Hội', 873),
(30112, 'Mỹ Hiệp', 873),
(30115, 'Mỹ Long', 873),
(30118, 'Bình Hàng Trung', 873),
(30121, 'Mỹ Xương', 873),
(30124, 'Bình Hàng Tây', 873),
(30127, 'Bình Thạnh', 873),
(30130, 'Thanh Bình', 874),
(30133, 'Tân Quới', 874),
(30136, 'Tân Hòa', 874),
(30139, 'An Phong', 874),
(30142, 'Phú Lợi', 874),
(30145, 'Tân Mỹ', 874),
(30148, 'Bình Tấn', 874),
(30151, 'Tân Huề', 874),
(30154, 'Tân Bình', 874),
(30157, 'Tân Thạnh', 874),
(30160, 'Tân Phú', 874),
(30163, 'Bình Thành', 874),
(30166, 'Tân Long', 874),
(30169, 'Lấp Vò', 875),
(30172, 'Mỹ An Hưng A', 875),
(30175, 'Tân Mỹ', 875),
(30178, 'Mỹ An Hưng B', 875),
(30181, 'Tân  Khánh Trung', 875),
(30184, 'Long Hưng A', 875),
(30187, 'Vĩnh Thạnh', 875),
(30190, 'Long Hưng B', 875),
(30193, 'Bình Thành', 875),
(30196, 'Định An', 875),
(30199, 'Định Yên', 875),
(30202, 'Hội An Đông', 875),
(30205, 'Bình Thạnh Trung', 875),
(30208, 'Lai Vung', 876),
(30211, 'Tân Dương', 876),
(30214, 'Hòa Thành', 876),
(30217, 'Long Hậu', 876),
(30220, 'Tân Phước', 876),
(30223, 'Hòa Long', 876),
(30226, 'Tân Thành', 876),
(30229, 'Long Thắng', 876),
(30232, 'Vĩnh Thới', 876),
(30235, 'Tân Hòa', 876),
(30238, 'Định Hòa', 876),
(30241, 'Phong Hòa', 876),
(30244, 'Cái Tàu Hạ', 877),
(30247, 'An Hiệp', 877),
(30250, 'An Nhơn', 877),
(30253, 'Tân Nhuận Đông', 877),
(30256, 'Tân Bình', 877),
(30259, 'Tân Phú Trung', 877),
(30262, 'Phú Long', 877),
(30265, 'An Phú Thuận', 877),
(30268, 'Phú Hựu', 877),
(30271, 'An Khánh', 877),
(30274, 'Tân Phú', 877),
(30277, 'Hòa Tân', 877),
(30280, 'Mỹ Bình', 883),
(30283, 'Mỹ Long', 883),
(30285, 'Đông Xuyên', 883),
(30286, 'Mỹ Xuyên', 883),
(30289, 'Bình Đức', 883),
(30292, 'Bình Khánh', 883),
(30295, 'Mỹ Phước', 883),
(30298, 'Mỹ Quý', 883),
(30301, 'Mỹ Thới', 883),
(30304, 'Mỹ Thạnh', 883),
(30307, 'Mỹ Hòa', 883),
(30310, 'Mỹ Khánh', 883),
(30313, 'Mỹ Hoà Hưng', 883),
(30316, 'Châu Phú B', 884),
(30319, 'Châu Phú A', 884),
(30322, 'Vĩnh Mỹ', 884),
(30325, 'Núi Sam', 884),
(30328, 'Vĩnh Ngươn', 884),
(30331, 'Vĩnh Tế', 884),
(30334, 'Vĩnh Châu', 884),
(30337, 'An Phú', 886),
(30340, 'Khánh An', 886),
(30341, 'Long Bình', 886),
(30343, 'Khánh Bình', 886),
(30346, 'Quốc Thái', 886),
(30349, 'Nhơn Hội', 886),
(30352, 'Phú Hữu', 886),
(30355, 'Phú Hội', 886),
(30358, 'Phước Hưng', 886),
(30361, 'Vĩnh Lộc', 886),
(30364, 'Vĩnh Hậu', 886),
(30367, 'Vĩnh Trường', 886),
(30370, 'Vĩnh Hội Đông', 886),
(30373, 'Đa Phước', 886),
(30376, 'Long Thạnh', 887),
(30377, 'Long Hưng', 887),
(30378, 'Long Châu', 887),
(30379, 'Phú Lộc', 887),
(30382, 'Vĩnh Xương', 887),
(30385, 'Vĩnh Hòa', 887),
(30387, 'Tân Thạnh', 887),
(30388, 'Tân An', 887),
(30391, 'Long An', 887),
(30394, 'Long Phú', 887),
(30397, 'Châu Phong', 887),
(30400, 'Phú Vĩnh', 887),
(30403, 'Lê Chánh', 887),
(30406, 'Phú Mỹ', 888),
(30409, 'Chợ Vàm', 888),
(30412, 'Long Sơn', 887),
(30415, 'Long Hoà', 888),
(30418, 'Phú Long', 888),
(30421, 'Phú Lâm', 888),
(30424, 'Phú Hiệp', 888),
(30427, 'Phú Thạnh', 888),
(30430, 'Hoà Lạc', 888),
(30433, 'Phú Thành', 888),
(30436, 'Phú An', 888),
(30439, 'Phú Xuân', 888),
(30442, 'Hiệp Xương', 888),
(30445, 'Phú Bình', 888),
(30448, 'Phú Thọ', 888),
(30451, 'Phú Hưng', 888),
(30454, 'Bình Thạnh Đông', 888),
(30457, 'Tân Hòa', 888),
(30460, 'Tân Trung', 888),
(30463, 'Cái Dầu', 889),
(30466, 'Khánh Hòa', 889),
(30469, 'Mỹ Đức', 889),
(30472, 'Mỹ Phú', 889),
(30475, 'Ô Long Vỹ', 889),
(30478, 'Vĩnh Thạnh Trung', 889),
(30481, 'Thạnh Mỹ Tây', 889),
(30484, 'Bình Long', 889),
(30487, 'Bình Mỹ', 889),
(30490, 'Bình Thủy', 889),
(30493, 'Đào Hữu Cảnh', 889),
(30496, 'Bình Phú', 889),
(30499, 'Bình Chánh', 889),
(30502, 'Nhà Bàng', 890),
(30505, 'Chi Lăng', 890),
(30508, 'Núi Voi', 890),
(30511, 'Nhơn Hưng', 890),
(30514, 'An Phú', 890),
(30517, 'Thới Sơn', 890),
(30520, 'Tịnh Biên', 890),
(30523, 'Văn Giáo', 890),
(30526, 'An Cư', 890),
(30529, 'An Nông', 890),
(30532, 'Vĩnh Trung', 890),
(30535, 'Tân Lợi', 890),
(30538, 'An Hảo', 890),
(30541, 'Tân Lập', 890),
(30544, 'Tri Tôn', 891),
(30547, 'Ba Chúc', 891),
(30550, 'Lạc Quới', 891),
(30553, 'Lê Trì', 891),
(30556, 'Vĩnh Gia', 891),
(30559, 'Vĩnh Phước', 891),
(30562, 'Châu Lăng', 891),
(30565, 'Lương Phi', 891),
(30568, 'Lương An Trà', 891),
(30571, 'Tà Đảnh', 891),
(30574, 'Núi Tô', 891),
(30577, 'An Tức', 891),
(30580, 'Cô Tô', 891),
(30583, 'Tân Tuyến', 891),
(30586, 'Ô Lâm', 891),
(30589, 'An Châu', 892),
(30592, 'An Hòa', 892),
(30595, 'Cần Đăng', 892),
(30598, 'Vĩnh Hanh', 892),
(30601, 'Bình Thạnh', 892),
(30604, 'Vĩnh Bình', 892),
(30607, 'Bình Hòa', 892),
(30610, 'Vĩnh An', 892),
(30613, 'Hòa Bình Thạnh', 892),
(30616, 'Vĩnh Lợi', 892),
(30619, 'Vĩnh Nhuận', 892),
(30622, 'Tân Phú', 892),
(30625, 'Vĩnh Thành', 892),
(30628, 'Chợ Mới', 893),
(30631, 'Mỹ Luông', 893),
(30634, 'Kiến An', 893),
(30637, 'Mỹ Hội Đông', 893),
(30640, 'Long Điền A', 893),
(30643, 'Tấn Mỹ', 893),
(30646, 'Long Điền B', 893),
(30649, 'Kiến Thành', 893),
(30652, 'Mỹ Hiệp', 893),
(30655, 'Mỹ An', 893),
(30658, 'Nhơn Mỹ', 893),
(30661, 'Long Giang', 893),
(30664, 'Long Kiến', 893),
(30667, 'Bình Phước Xuân', 893),
(30670, 'An Thạnh Trung', 893),
(30673, 'Hội An', 893),
(30676, 'Hòa Bình', 893),
(30679, 'Hòa An', 893),
(30682, 'Núi Sập', 894),
(30685, 'Phú Hoà', 894),
(30688, 'Óc Eo', 894),
(30691, 'Tây Phú', 894),
(30692, 'An Bình', 894),
(30694, 'Vĩnh Phú', 894),
(30697, 'Vĩnh Trạch', 894),
(30700, 'Phú Thuận', 894),
(30703, 'Vĩnh Chánh', 894),
(30706, 'Định Mỹ', 894),
(30709, 'Định Thành', 894),
(30712, 'Mỹ Phú Đông', 894),
(30715, 'Vọng Đông', 894),
(30718, 'Vĩnh Khánh', 894),
(30721, 'Thoại Giang', 894),
(30724, 'Bình Thành', 894),
(30727, 'Vọng Thê', 894),
(30730, 'Vĩnh Thanh Vân', 899),
(30733, 'Vĩnh Thanh', 899),
(30736, 'Vĩnh Quang', 899),
(30739, 'Vĩnh Hiệp', 899),
(30742, 'Vĩnh Bảo', 899),
(30745, 'Vĩnh Lạc', 899),
(30748, 'An Hòa', 899),
(30751, 'An Bình', 899),
(30754, 'Rạch Sỏi', 899),
(30757, 'Vĩnh Lợi', 899),
(30760, 'Vĩnh Thông', 899),
(30763, 'Phi Thông', 899),
(30766, 'Tô Châu', 900),
(30769, 'Đông Hồ', 900),
(30772, 'Bình San', 900),
(30775, 'Pháo Đài', 900),
(30778, 'Mỹ Đức', 900),
(30781, 'Tiên Hải', 900),
(30784, 'Thuận Yên', 900),
(30787, 'Kiên Lương', 902),
(30790, 'Kiên Bình', 902),
(30791, 'Vĩnh Phú', 914),
(30793, 'Vĩnh Điều', 914),
(30796, 'Tân Khánh Hòa', 914),
(30797, 'Phú Lợi', 914),
(30799, 'Phú Mỹ', 914),
(30802, 'Hòa Điền', 902),
(30805, 'Dương Hòa', 902),
(30808, 'Bình An', 902),
(30809, 'Bình Trị', 902),
(30811, 'Sơn Hải', 902),
(30814, 'Hòn Nghệ', 902),
(30817, 'Hòn Đất', 903),
(30820, 'Sóc Sơn', 903),
(30823, 'Bình Sơn', 903),
(30826, 'Bình Giang', 903),
(30828, 'Mỹ Thái', 903),
(30829, 'Nam Thái Sơn', 903),
(30832, 'Mỹ Hiệp Sơn', 903),
(30835, 'Sơn Kiên', 903),
(30836, 'Sơn Bình', 903),
(30838, 'Mỹ Thuận', 903),
(30840, 'Lình Huỳnh', 903),
(30841, 'Thổ Sơn', 903),
(30844, 'Mỹ Lâm', 903),
(30847, 'Mỹ Phước', 903),
(30850, 'Tân Hiệp', 904),
(30853, 'Tân Hội', 904),
(30856, 'Tân Thành', 904),
(30859, 'Tân Hiệp B', 904),
(30860, 'Tân Hoà', 904),
(30862, 'Thạnh Đông B', 904),
(30865, 'Thạnh Đông', 904),
(30868, 'Tân Hiệp A', 904),
(30871, 'Tân An', 904),
(30874, 'Thạnh Đông A', 904),
(30877, 'Thạnh Trị', 904),
(30880, 'Minh Lương', 905),
(30883, 'Mong Thọ A', 905),
(30886, 'Mong Thọ B', 905),
(30887, 'Mong Thọ', 905),
(30889, 'Giục Tượng', 905),
(30892, 'Vĩnh Hòa Hiệp', 905),
(30893, 'Vĩnh Hoà Phú', 905),
(30895, 'Minh Hòa', 905),
(30898, 'Bình An', 905),
(30901, 'Thạnh Lộc', 905),
(30904, 'Giồng Riềng', 906),
(30907, 'Thạnh Hưng', 906),
(30910, 'Thạnh Phước', 906),
(30913, 'Thạnh Lộc', 906),
(30916, 'Thạnh Hòa', 906),
(30917, 'Thạnh Bình', 906),
(30919, 'Bàn Thạch', 906),
(30922, 'Bàn Tân Định', 906),
(30925, 'Ngọc Thành', 906),
(30928, 'Ngọc Chúc', 906),
(30931, 'Ngọc Thuận', 906),
(30934, 'Hòa Hưng', 906),
(30937, 'Hoà Lợi', 906),
(30940, 'Hoà An', 906),
(30943, 'Long Thạnh', 906),
(30946, 'Vĩnh Thạnh', 906),
(30947, 'Vĩnh Phú', 906),
(30949, ' Hòa Thuận', 906),
(30950, 'Ngọc Hoà', 906),
(30952, 'Gò Quao', 907),
(30955, 'Vĩnh Hòa Hưng Bắc', 907),
(30958, 'Định Hòa', 907),
(30961, 'Thới Quản', 907),
(30964, 'Định An', 907),
(30967, 'Thủy Liễu', 907),
(30970, 'Vĩnh Hòa Hưng Nam', 907),
(30973, 'Vĩnh Phước A', 907),
(30976, 'Vĩnh Phước B', 907),
(30979, 'Vĩnh Tuy', 907),
(30982, 'Vĩnh Thắng', 907),
(30985, 'Thứ Ba', 908),
(30988, 'Tây Yên', 908),
(30991, 'Tây Yên A', 908),
(30994, 'Nam Yên', 908),
(30997, 'Hưng Yên', 908),
(31000, 'Nam Thái', 908),
(31003, 'Nam Thái A', 908),
(31006, 'Đông Thái', 908),
(31009, 'Đông Yên', 908),
(31012, 'Thạnh Yên', 913),
(31015, 'Thạnh Yên A', 913),
(31018, 'Thứ Mười Một', 909),
(31021, 'Thuận Hoà', 909),
(31024, 'Đông Hòa', 909),
(31027, 'An Minh Bắc', 913),
(31030, 'Đông Thạnh', 909),
(31031, 'Tân Thạnh', 909),
(31033, 'Đông Hưng', 909),
(31036, 'Đông Hưng A', 909),
(31039, 'Đông Hưng B', 909),
(31042, 'Vân Khánh', 909),
(31045, 'Vân Khánh Đông', 909),
(31048, 'Vân Khánh Tây', 909),
(31051, 'Vĩnh Thuận', 910),
(31054, 'Vĩnh Hòa', 913),
(31057, 'Hoà Chánh', 913),
(31060, 'Vĩnh Bình Bắc', 910),
(31063, 'Vĩnh Bình Nam', 910),
(31064, 'Bình Minh', 910),
(31066, 'Minh Thuận', 913),
(31069, 'Vĩnh Thuận', 910),
(31072, 'Tân Thuận', 910),
(31074, 'Phong Đông', 910),
(31075, 'Vĩnh Phong', 910),
(31078, 'Dương Đông', 911),
(31081, 'An Thới', 911),
(31084, 'Cửa Cạn', 911),
(31087, 'Gành Dầu', 911),
(31090, 'Cửa Dương', 911),
(31093, 'Hàm Ninh', 911),
(31096, 'Dương Tơ', 911),
(31102, 'Bãi Thơm', 911),
(31105, 'Thổ Châu', 911),
(31108, 'Hòn Tre', 912),
(31111, 'Lại Sơn', 912),
(31114, 'An Sơn', 912),
(31115, 'Nam Du', 912),
(31117, 'Cái Khế', 916),
(31120, 'An Hòa', 916),
(31123, 'Thới Bình', 916),
(31126, 'An Nghiệp', 916),
(31129, 'An Cư', 916),
(31135, 'Tân An', 916),
(31141, 'An Phú', 916),
(31144, 'Xuân Khánh', 916),
(31147, 'Hưng Lợi', 916),
(31149, 'An Khánh', 916),
(31150, 'An Bình', 916),
(31153, 'Châu Văn Liêm', 917),
(31154, 'Thới Hòa', 917),
(31156, 'Thới Long', 917),
(31157, 'Long Hưng', 917),
(31159, 'Thới An', 917),
(31162, 'Phước Thới', 917),
(31165, 'Trường Lạc', 917),
(31168, 'Bình Thủy', 918),
(31169, 'Trà An', 918),
(31171, 'Trà Nóc', 918),
(31174, 'Thới An Đông', 918),
(31177, 'An Thới', 918),
(31178, 'Bùi Hữu Nghĩa', 918),
(31180, 'Long Hòa', 918),
(31183, 'Long Tuyền', 918),
(31186, 'Lê Bình', 919),
(31189, 'Hưng Phú', 919),
(31192, 'Hưng Thạnh', 919),
(31195, 'Ba Láng', 919),
(31198, 'Thường Thạnh', 919),
(31201, 'Phú Thứ', 919),
(31204, 'Tân Phú', 919),
(31207, 'Thốt Nốt', 923),
(31210, 'Thới Thuận', 923),
(31211, 'Vĩnh Bình', 924),
(31212, 'Thuận An', 923),
(31213, 'Tân Lộc', 923),
(31216, 'Trung Nhứt', 923),
(31217, 'Thạnh Hoà', 923),
(31219, 'Trung Kiên', 923),
(31222, 'Trung An', 925),
(31225, 'Trung Thạnh', 925),
(31227, 'Tân Hưng', 923),
(31228, 'Thuận Hưng', 923),
(31231, 'Thanh An', 924),
(31232, 'Vĩnh Thạnh', 924),
(31234, 'Thạnh Mỹ', 924),
(31237, 'Vĩnh Trinh', 924),
(31240, 'Thạnh An', 924),
(31241, 'Thạnh Tiến', 924),
(31243, 'Thạnh Thắng', 924),
(31244, 'Thạnh Lợi', 924),
(31246, 'Thạnh Qưới', 924),
(31249, 'Thạnh Phú', 925),
(31252, 'Thạnh Lộc', 924),
(31255, 'Trung Hưng', 925),
(31258, 'Thới Lai', 927),
(31261, 'Cờ Đỏ', 925),
(31264, 'Thới Hưng', 925),
(31267, 'Thới Thạnh', 927),
(31268, 'Tân Thạnh', 927),
(31270, 'Xuân Thắng', 927),
(31273, 'Đông Hiệp', 925),
(31274, 'Đông Thắng', 925),
(31276, 'Thới Đông', 925),
(31277, 'Thới Xuân', 925),
(31279, 'Đông Bình', 927),
(31282, 'Đông Thuận', 927),
(31285, 'Thới Tân', 927),
(31286, 'Trường Thắng', 927),
(31288, 'Định Môn', 927),
(31291, 'Trường Thành', 927),
(31294, 'Trường Xuân', 927),
(31297, 'Trường Xuân A', 927),
(31298, 'Trường Xuân B', 927),
(31299, 'Phong Điền', 926),
(31300, 'Nhơn Ái', 926),
(31303, 'Giai Xuân', 926),
(31306, 'Tân Thới', 926),
(31309, 'Trường Long', 926),
(31312, 'Mỹ Khánh', 926),
(31315, 'Nhơn Nghĩa', 926),
(31318, 'I', 930),
(31321, 'III', 930),
(31324, 'IV', 930),
(31327, 'V', 930),
(31330, 'VII', 930),
(31333, 'Vị Tân', 930),
(31336, 'Hoả Lựu', 930),
(31338, 'Tân Tiến', 930),
(31339, 'Hoả Tiến', 930),
(31340, 'Ngã Bảy', 931),
(31341, 'Lái Hiếu', 931),
(31342, 'Một Ngàn', 932),
(31343, 'Hiệp Thành', 931),
(31344, 'Hiệp Lợi', 931),
(31345, 'Tân Hoà', 932),
(31346, 'Bảy Ngàn', 932),
(31348, 'Trường Long Tây', 932),
(31351, 'Trường Long A', 932),
(31357, 'Nhơn Nghĩa A', 932),
(31359, 'Rạch Gòi', 932),
(31360, 'Thạnh Xuân', 932),
(31362, 'Cái Tắc', 932),
(31363, 'Tân Phú Thạnh', 932),
(31366, 'Ngã Sáu', 933),
(31369, 'Đông Thạnh', 933),
(31375, 'Đông Phú', 933),
(31378, 'Phú Hữu', 933),
(31379, 'Phú Tân', 933),
(31381, 'Mái Dầm', 933),
(31384, 'Đông Phước', 933),
(31387, 'Đông Phước A', 933),
(31393, 'Kinh Cùng', 934),
(31396, 'Cây Dương', 934),
(31399, 'Tân Bình', 934),
(31402, 'Bình Thành', 934),
(31405, 'Thạnh Hòa', 934),
(31408, 'Long Thạnh', 934),
(31411, 'Đại Thành', 931),
(31414, 'Tân Thành', 931),
(31417, 'Phụng Hiệp', 934),
(31420, 'Hòa Mỹ', 934),
(31423, 'Hòa An', 934),
(31426, 'Phương Bình', 934),
(31429, 'Hiệp Hưng', 934),
(31432, 'Tân Phước Hưng', 934),
(31433, 'Búng Tàu', 934),
(31435, 'Phương Phú', 934),
(31438, 'Tân Long', 934),
(31441, 'Nàng Mau', 935),
(31444, 'Vị Trung', 935),
(31447, 'Vị Thuỷ', 935),
(31450, 'Vị Thắng', 935),
(31453, 'Vĩnh Thuận Tây', 935),
(31456, 'Vĩnh Trung', 935),
(31459, 'Vĩnh Tường', 935),
(31462, 'Vị Đông', 935),
(31465, 'Vị Thanh', 935),
(31468, 'Vị Bình', 935),
(31471, 'Thuận An', 937),
(31472, 'Trà Lồng', 937),
(31473, 'Bình Thạnh', 937),
(31474, 'Long Bình', 937),
(31475, 'Vĩnh Tường', 937),
(31477, 'Long Trị', 937),
(31478, 'Long Trị A', 937),
(31480, 'Long Phú', 937),
(31481, 'Tân Phú', 937),
(31483, 'Thuận Hưng', 936),
(31484, 'Thuận Hòa', 936),
(31486, 'Vĩnh Thuận Đông', 936),
(31489, 'Vĩnh Viễn', 936),
(31490, 'Vĩnh Viễn A', 936),
(31492, 'Lương Tâm', 936),
(31493, 'Lương Nghĩa', 936),
(31495, 'Xà Phiên', 936),
(31498, 'Phường 5', 941),
(31501, 'Phường 7', 941),
(31504, 'Phường 8', 941),
(31507, 'Phường 6', 941),
(31510, 'Phường 2', 941),
(31513, 'Phường 1', 941),
(31516, 'Phường 4', 941),
(31519, 'Phường 3', 941),
(31522, 'Phường 9', 941),
(31525, 'Phường 10', 941),
(31528, 'Kế Sách', 943),
(31531, 'An Lạc Thôn', 943),
(31534, 'Xuân Hòa', 943),
(31537, 'Phong Nẫm', 943),
(31540, 'An Lạc Tây', 943),
(31543, 'Trinh Phú', 943),
(31546, 'Ba Trinh', 943),
(31549, 'Thới An Hội', 943),
(31552, 'Nhơn Mỹ', 943),
(31555, 'Kế Thành', 943),
(31558, 'Kế An', 943),
(31561, 'Đại Hải', 943),
(31564, 'An Mỹ', 943),
(31567, 'Huỳnh Hữu Nghĩa', 944),
(31569, 'Châu Thành', 942),
(31570, 'Hồ Đắc Kiện', 942),
(31573, 'Phú Tâm', 942),
(31576, 'Thuận Hòa', 942),
(31579, 'Long Hưng', 944),
(31582, 'Phú Tân', 942),
(31585, 'Thiện Mỹ', 942),
(31588, 'Hưng Phú', 944),
(31591, 'Mỹ Hương', 944),
(31594, 'An Hiệp', 942),
(31597, 'Mỹ Tú', 944),
(31600, 'An Ninh', 942),
(31603, 'Mỹ Phước', 944),
(31606, 'Thuận Hưng', 944),
(31609, 'Mỹ Thuận', 944),
(31612, 'Phú Mỹ', 944),
(31615, 'Cù Lao Dung', 945),
(31618, 'An Thạnh 1', 945),
(31621, 'An Thạnh Tây', 945),
(31624, 'An Thạnh Đông', 945),
(31627, 'Đại Ân 1', 945),
(31630, 'An Thạnh 2', 945),
(31633, 'An Thạnh 3', 945),
(31636, 'An Thạnh Nam', 945),
(31639, 'Long Phú', 946),
(31642, 'Song Phụng', 946),
(31645, 'Đại Ngãi', 946),
(31648, 'Hậu Thạnh', 946),
(31651, 'Long Đức', 946),
(31654, 'Trường Khánh', 946),
(31657, 'Phú Hữu', 946),
(31660, 'Tân Hưng', 946),
(31663, 'Châu Khánh', 946),
(31666, 'Tân Thạnh', 946),
(31669, 'Long Phú', 946),
(31672, 'Đại Ân  2', 951),
(31673, 'Trần Đề', 951),
(31675, 'Liêu Tú', 951),
(31678, 'Lịch Hội Thượng', 951);
INSERT INTO `sub_districts` (`id`, `name`, `district_id`) VALUES
(31679, 'Lịch Hội Thượng', 951),
(31681, 'Trung Bình', 951),
(31684, 'Mỹ Xuyên', 947),
(31687, 'Tài Văn', 951),
(31690, 'Đại Tâm', 947),
(31693, 'Tham Đôn', 947),
(31696, 'Viên An', 951),
(31699, 'Thạnh Thới An', 951),
(31702, 'Thạnh Thới Thuận', 951),
(31705, 'Viên Bình', 951),
(31708, 'Thạnh Phú', 947),
(31711, 'Ngọc Đông', 947),
(31714, 'Thạnh Quới', 947),
(31717, 'Hòa Tú 1', 947),
(31720, 'Gia Hòa 1', 947),
(31723, 'Ngọc Tố', 947),
(31726, 'Gia Hòa 2', 947),
(31729, 'Hòa Tú II', 947),
(31732, 'Phường 1', 948),
(31735, 'Phường 2', 948),
(31738, 'Vĩnh Quới', 948),
(31741, 'Tân Long', 948),
(31744, 'Long Bình', 948),
(31747, 'Phường 3', 948),
(31750, 'Mỹ Bình', 948),
(31753, 'Mỹ Quới', 948),
(31756, 'Phú Lộc', 949),
(31757, 'Hưng Lợi', 949),
(31759, 'Lâm Tân', 949),
(31762, 'Thạnh Tân', 949),
(31765, 'Lâm Kiết', 949),
(31768, 'Tuân Tức', 949),
(31771, 'Vĩnh Thành', 949),
(31774, 'Thạnh Trị', 949),
(31777, 'Vĩnh Lợi', 949),
(31780, 'Châu Hưng', 949),
(31783, 'Phường 1', 950),
(31786, 'Hòa Đông', 950),
(31789, 'Khánh Hòa', 950),
(31792, 'Vĩnh Hiệp', 950),
(31795, 'Vĩnh Hải', 950),
(31798, 'Lạc Hòa', 950),
(31801, 'Phường 2', 950),
(31804, 'Vĩnh Phước', 950),
(31807, 'Vĩnh Tân', 950),
(31810, 'Lai Hòa', 950),
(31813, 'Phường 2', 954),
(31816, 'Phường 3', 954),
(31819, 'Phường 5', 954),
(31822, 'Phường 7', 954),
(31825, 'Phường 1', 954),
(31828, 'Phường 8', 954),
(31831, 'Nhà Mát', 954),
(31834, 'Vĩnh Trạch', 954),
(31837, 'Vĩnh Trạch Đông', 954),
(31840, 'Hiệp Thành', 954),
(31843, 'Ngan Dừa', 956),
(31846, 'Ninh Quới', 956),
(31849, 'Ninh Quới A', 956),
(31852, 'Ninh Hòa', 956),
(31855, 'Lộc Ninh', 956),
(31858, 'Vĩnh Lộc', 956),
(31861, 'Vĩnh Lộc A', 956),
(31863, 'Ninh Thạnh Lợi A', 956),
(31864, 'Ninh Thạnh Lợi', 956),
(31867, 'Phước Long', 957),
(31870, 'Vĩnh Phú Đông', 957),
(31873, 'Vĩnh Phú Tây', 957),
(31876, 'Phước Long', 957),
(31879, 'Hưng Phú', 957),
(31882, 'Vĩnh Thanh', 957),
(31885, 'Phong Thạnh Tây A', 957),
(31888, 'Phong Thạnh Tây B', 957),
(31891, 'Hòa Bình', 961),
(31894, 'Vĩnh Hưng', 958),
(31897, 'Vĩnh Hưng A', 958),
(31900, 'Châu Hưng', 958),
(31903, 'Châu Hưng A', 958),
(31906, 'Hưng Thành', 958),
(31909, 'Hưng Hội', 958),
(31912, 'Châu Thới', 958),
(31915, 'Minh Diệu', 961),
(31918, 'Vĩnh Bình', 961),
(31921, 'Long Thạnh', 958),
(31924, 'Vĩnh Mỹ B', 961),
(31927, 'Vĩnh Hậu', 961),
(31930, 'Vĩnh Hậu A', 961),
(31933, 'Vĩnh Mỹ A', 961),
(31936, 'Vĩnh Thịnh', 961),
(31942, 'Phường 1', 959),
(31945, 'Hộ Phòng', 959),
(31948, 'Phong Thạnh Đông', 959),
(31951, 'Láng Tròn', 959),
(31954, 'Phong Tân', 959),
(31957, 'Tân Phong', 959),
(31960, 'Phong Thạnh', 959),
(31963, 'Phong Thạnh A', 959),
(31966, 'Phong Thạnh Tây', 959),
(31969, 'Tân Thạnh', 959),
(31972, 'Gành Hào', 960),
(31975, 'Long Điền Đông', 960),
(31978, 'Long Điền Đông A', 960),
(31981, 'Long Điền', 960),
(31984, 'Long Điền Tây', 960),
(31985, 'Điền Hải', 960),
(31987, 'An Trạch', 960),
(31988, 'An Trạch A', 960),
(31990, 'An Phúc', 960),
(31993, 'Định Thành', 960),
(31996, 'Định Thành A', 960),
(31999, 'Phường 9', 964),
(32002, 'Phường 4', 964),
(32005, 'Phường 1', 964),
(32008, 'Phường 5', 964),
(32011, 'Phường 2', 964),
(32014, 'Phường 8', 964),
(32017, 'Phường 6', 964),
(32020, 'Phường 7', 964),
(32022, 'Tân Xuyên', 964),
(32023, 'An Xuyên', 964),
(32025, 'Tân Thành', 964),
(32026, 'Tân Thành', 964),
(32029, 'Tắc Vân', 964),
(32032, 'Lý Văn Lâm', 964),
(32035, 'Định Bình', 964),
(32038, 'Hòa Thành', 964),
(32041, 'Hòa Tân', 964),
(32044, 'U Minh', 966),
(32047, 'Khánh Hòa', 966),
(32048, 'Khánh Thuận', 966),
(32050, 'Khánh Tiến', 966),
(32053, 'Nguyễn Phích', 966),
(32056, 'Khánh Lâm', 966),
(32059, 'Khánh An', 966),
(32062, 'Khánh Hội', 966),
(32065, 'Thới Bình', 967),
(32068, 'Biển Bạch', 967),
(32069, 'Tân Bằng', 967),
(32071, 'Trí Phải', 967),
(32072, 'Trí Lực', 967),
(32074, 'Biển Bạch Đông', 967),
(32077, 'Thới Bình', 967),
(32080, 'Tân Phú', 967),
(32083, 'Tân Lộc Bắc', 967),
(32086, 'Tân Lộc', 967),
(32089, 'Tân Lộc Đông', 967),
(32092, 'Hồ Thị Kỷ', 967),
(32095, 'Trần Văn Thời', 968),
(32098, 'Sông Đốc', 968),
(32101, 'Khánh Bình Tây Bắc', 968),
(32104, 'Khánh Bình Tây', 968),
(32107, 'Trần Hợi', 968),
(32108, 'Khánh Lộc', 968),
(32110, 'Khánh Bình', 968),
(32113, 'Khánh Hưng', 968),
(32116, 'Khánh Bình Đông', 968),
(32119, 'Khánh Hải', 968),
(32122, 'Lợi An', 968),
(32124, 'Phong Điền', 968),
(32125, 'Phong Lạc', 968),
(32128, 'Cái Nước', 969),
(32130, 'Thạnh Phú', 969),
(32131, 'Lương Thế Trân', 969),
(32134, 'Phú Hưng', 969),
(32137, 'Tân Hưng', 969),
(32140, 'Hưng Mỹ', 969),
(32141, 'Hoà Mỹ', 969),
(32142, 'Đông Hưng', 969),
(32143, 'Đông Thới', 969),
(32146, 'Tân Hưng Đông', 969),
(32149, 'Trần Thới', 969),
(32152, 'Đầm Dơi', 970),
(32155, 'Tạ An Khương', 970),
(32158, 'Tạ An Khương  Đông', 970),
(32161, 'Trần Phán', 970),
(32162, 'Tân Trung', 970),
(32164, 'Tân Đức', 970),
(32167, 'Tân Thuận', 970),
(32170, 'Tạ An Khương  Nam', 970),
(32173, 'Tân Duyệt', 970),
(32174, 'Tân Dân', 970),
(32176, 'Tân Tiến', 970),
(32179, 'Quách Phẩm Bắc', 970),
(32182, 'Quách Phẩm', 970),
(32185, 'Thanh Tùng', 970),
(32186, 'Ngọc Chánh', 970),
(32188, 'Nguyễn Huân', 970),
(32191, 'Năm Căn', 971),
(32194, 'Hàm Rồng', 971),
(32197, 'Hiệp Tùng', 971),
(32200, 'Đất Mới', 971),
(32201, 'Lâm Hải', 971),
(32203, 'Hàng Vịnh', 971),
(32206, 'Tam Giang', 971),
(32209, 'Tam Giang Đông', 971),
(32212, 'Cái Đôi Vàm', 972),
(32214, 'Phú Thuận', 972),
(32215, 'Phú Mỹ', 972),
(32218, 'Phú Tân', 972),
(32221, 'Tân Hải', 972),
(32224, 'Việt Thắng', 972),
(32227, 'Tân Hưng Tây', 972),
(32228, 'Rạch Chèo', 972),
(32230, 'Nguyễn Việt Khái', 972),
(32233, 'Tam Giang Tây', 973),
(32236, 'Tân Ân Tây', 973),
(32239, 'Viên An Đông', 973),
(32242, 'Viên An', 973),
(32244, 'Rạch Gốc', 973),
(32245, 'Tân Ân', 973),
(32248, 'Đất Mũi', 973);

-- --------------------------------------------------------

--
-- Cấu trúc bảng cho bảng `type_filter_reviews`
--

CREATE TABLE `type_filter_reviews` (
  `id` bigint(20) UNSIGNED NOT NULL,
  `name` varchar(255) NOT NULL
) ENGINE=InnoDB DEFAULT CHARSET=utf8mb4 COLLATE=utf8mb4_unicode_ci;

--
-- Đang đổ dữ liệu cho bảng `type_filter_reviews`
--

INSERT INTO `type_filter_reviews` (`id`, `name`) VALUES
(1, 'All'),
(2, 'With Comment'),
(3, 'With Photos');

-- --------------------------------------------------------

--
-- Cấu trúc bảng cho bảng `type_rooms`
--

CREATE TABLE `type_rooms` (
  `id` bigint(20) UNSIGNED NOT NULL,
  `name` varchar(255) NOT NULL,
  `description` varchar(255) DEFAULT NULL,
  `price` double NOT NULL,
  `occupancy` int(11) NOT NULL,
  `hotel_id` bigint(20) UNSIGNED NOT NULL,
  `created_at` timestamp NULL DEFAULT NULL,
  `updated_at` timestamp NULL DEFAULT NULL,
  `number_of_beds` int(11) NOT NULL DEFAULT 1,
  `room_size` double NOT NULL DEFAULT 10
) ENGINE=InnoDB DEFAULT CHARSET=utf8mb4 COLLATE=utf8mb4_unicode_ci;

--
-- Đang đổ dữ liệu cho bảng `type_rooms`
--

INSERT INTO `type_rooms` (`id`, `name`, `description`, `price`, `occupancy`, `hotel_id`, `created_at`, `updated_at`, `number_of_beds`, `room_size`) VALUES
(1, 'Deluxe Room', 'Room is so good', 50, 2, 1, '2023-05-20 14:27:35', '2023-05-20 14:27:35', 1, 10),
(2, 'Standard Room', 'A comfortable room for a pleasant stay', 40, 2, 1, '2023-05-20 14:27:45', '2023-05-20 14:27:45', 1, 10),
(4, 'Family Room', 'Perfect for a family vacation with ample space and comfort', 90, 4, 1, '2023-05-20 14:27:57', '2023-05-20 14:27:57', 1, 10),
(5, 'Family Room', 'Perfect for a family vacation with ample space and comfort', 90, 4, 1, '2023-05-20 14:28:23', '2023-05-20 14:28:23', 1, 10),
(6, 'Ocean View Room', 'Enjoy breathtaking views of the ocean from this room', 120, 2, 1, '2023-05-20 14:28:30', '2023-05-20 14:28:30', 1, 10),
(7, 'Family Room', 'Perfect for a family vacation with ample space and comfort', 90, 4, 2, '2023-05-20 14:29:26', '2023-05-20 14:29:26', 1, 10),
(8, 'Deluxe Room', 'Experience luxury and elegance in this spacious room', 120, 2, 2, '2023-05-20 14:29:45', '2023-05-20 14:29:45', 1, 10),
(9, 'VIP Room', 'Experience luxury and elegance in this spacious room', 200, 2, 2, '2023-05-20 14:30:02', '2023-05-20 14:30:02', 1, 10),
(10, 'Relaxation Room', 'Unwind and rejuvenate in this tranquil room', 60, 1, 2, '2023-05-20 14:30:11', '2023-05-20 14:30:11', 1, 10),
(11, 'Relaxation Room', 'Unwind and rejuvenate in this tranquil room', 80, 2, 3, '2023-05-20 14:30:41', '2023-05-20 14:30:41', 1, 10),
(12, 'Premium Room', 'Experience luxury and comfort in this exclusive room', 100, 2, 3, '2023-05-20 14:30:48', '2023-05-20 14:30:48', 1, 10),
(13, 'Corner Room', 'Enjoy extra space and a unique view in this corner room', 80, 2, 3, '2023-05-20 14:30:54', '2023-05-20 14:30:54', 1, 10),
(14, 'Premium Family Room', 'Ideal for a luxurious family getaway with spacious accommodations', 150, 4, 3, '2023-05-20 14:30:59', '2023-05-20 14:30:59', 1, 10),
(15, 'High Floor Room', 'Enjoy stunning views from the higher floors of the hotel', 90, 2, 3, '2023-05-20 14:31:06', '2023-05-20 14:31:06', 1, 10),
(16, 'Spacious Room', 'Spread out and relax in this generously sized room', 80, 2, 4, '2023-05-20 14:31:25', '2023-05-20 14:31:25', 1, 10),
(17, 'Double Bed Room', 'Cozy room with a comfortable double bed', 55, 2, 4, '2023-05-20 14:31:29', '2023-05-20 14:31:29', 1, 10),
(18, 'Spacious Family Room', 'Perfect for a large family with ample space and multiple beds', 120, 6, 4, '2023-05-20 14:31:33', '2023-05-20 14:31:33', 1, 10),
(19, 'River View Room', 'Enjoy beautiful views of the river from this room', 90, 2, 5, '2023-05-20 14:31:47', '2023-05-20 14:31:47', 1, 10),
(20, 'VIP Room', 'Indulge in the ultimate luxury experience with our VIP Room', 200, 2, 5, '2023-05-20 14:31:51', '2023-05-20 14:31:51', 1, 10),
(21, 'Luxury Suite', 'Indulge in opulence and grandeur in our exquisite luxury suite', 300, 2, 6, '2023-05-20 14:32:09', '2023-05-20 14:32:09', 1, 10),
(22, 'City Center Room', 'Stay at the heart of the city in this convenient and comfortable room', 120, 2, 6, '2023-05-20 14:32:14', '2023-05-20 14:32:14', 1, 10),
(23, 'Countryside Room', 'Escape to the peaceful countryside in this charming room', 80, 2, 6, '2023-05-20 14:32:20', '2023-05-20 14:32:20', 1, 10),
(24, 'Apartment Room', 'Experience the comforts of home in our spacious apartment-style room', 150, 4, 7, '2023-05-20 14:32:33', '2023-05-20 14:32:33', 1, 10),
(25, 'Sea View Corner Room', 'Enjoy panoramic views of the sea from this exclusive corner room', 180, 2, 7, '2023-05-20 14:32:38', '2023-05-20 14:32:38', 1, 10),
(26, 'Sea View Corner Room', 'Enjoy panoramic views of the sea from this exclusive corner room', 180, 2, 7, '2023-05-20 14:32:45', '2023-05-20 14:32:45', 1, 10),
(27, 'Special Room', 'Experience a unique and extraordinary stay in this special room', 150, 2, 8, '2023-05-20 14:32:59', '2023-05-20 14:32:59', 1, 10),
(28, 'High Floor Room', 'Enjoy breathtaking views from this room located on a high floor', 180, 2, 8, '2023-05-20 14:33:02', '2023-05-20 14:33:02', 1, 10),
(29, 'Ocean-facing Room', 'Wake up to stunning views of the ocean in this room', 200, 2, 8, '2023-05-20 14:33:07', '2023-05-20 14:33:07', 1, 10),
(30, 'Business Room', 'Perfect for business travelers with dedicated workspace and amenities', 130, 1, 9, '2023-05-20 14:33:22', '2023-05-20 14:33:22', 1, 10),
(31, 'Executive Suite', 'Experience luxury and sophistication in our executive suite', 250, 2, 9, '2023-05-20 14:33:27', '2023-05-20 14:33:27', 1, 10),
(32, 'Standard Room', 'A comfortable room for a pleasant stay', 40, 2, 10, '2023-05-20 14:33:47', '2023-05-20 14:33:47', 1, 10),
(33, 'Deluxe Room', 'Experience luxury and elegance in this spacious room', 70, 2, 10, '2023-05-20 14:33:51', '2023-05-20 14:33:51', 1, 10),
(34, 'Family Room', 'Perfect for a family vacation with ample space and comfort', 90, 4, 10, '2023-05-20 14:33:54', '2023-05-20 14:33:54', 1, 10),
(35, 'Ocean View Room', 'Enjoy breathtaking views of the ocean from this room', 120, 2, 11, '2023-05-20 14:34:02', '2023-05-20 14:34:02', 1, 10),
(36, 'Relaxation Room', 'Unwind and rejuvenate in this tranquil room', 60, 1, 11, '2023-05-20 14:34:07', '2023-05-20 14:34:07', 1, 10),
(37, 'Premium Room', 'Experience luxury and comfort in this exclusive room', 100, 2, 11, '2023-05-20 14:34:11', '2023-05-20 14:34:11', 1, 10),
(38, 'Corner Room', 'Enjoy extra space and a unique view in this corner room', 80, 2, 12, '2023-05-20 14:41:07', '2023-05-20 14:41:07', 1, 10),
(39, 'Premium Family Room', 'Ideal for a luxurious family getaway with spacious accommodations', 150, 4, 12, '2023-05-20 14:41:15', '2023-05-20 14:41:15', 1, 10),
(40, 'High Floor Room', 'Enjoy stunning views from the higher floors of the hotel', 90, 2, 12, '2023-05-20 14:41:19', '2023-05-20 14:41:19', 1, 10),
(41, 'Spacious Room', 'Spread out and relax in this generously sized room', 80, 2, 13, '2023-05-20 14:41:26', '2023-05-20 14:41:26', 1, 10),
(42, 'Double Bed Room', 'Cozy room with a comfortable double bed', 55, 2, 13, '2023-05-20 14:41:31', '2023-05-20 14:41:31', 1, 10),
(43, 'Spacious Family Room', 'Perfect for a large family with ample space and multiple beds', 120, 6, 13, '2023-05-20 14:41:35', '2023-05-20 14:41:35', 1, 10),
(44, 'River View Room', 'Enjoy beautiful views of the river from this room', 90, 2, 13, '2023-05-20 14:41:41', '2023-05-20 14:41:41', 1, 10),
(45, 'VIP Room', 'Indulge in the ultimate luxury experience with our VIP Room', 200, 2, 14, '2023-05-20 14:41:49', '2023-05-20 14:41:49', 1, 10),
(46, 'Luxury Suite', 'Indulge in opulence and grandeur in our exquisite luxury suite', 300, 2, 14, '2023-05-20 14:41:52', '2023-05-20 14:41:52', 1, 10),
(47, 'City Center Room', 'Stay at the heart of the city in this convenient and comfortable room', 120, 2, 14, '2023-05-20 14:41:55', '2023-05-20 14:41:55', 1, 10),
(48, 'Countryside Room', 'Escape to the peaceful countryside in this charming room', 80, 2, 15, '2023-05-20 14:42:05', '2023-05-20 14:42:05', 1, 10),
(49, 'Apartment Room', 'Experience the comforts of home in our spacious apartment-style room', 150, 4, 15, '2023-05-20 14:42:08', '2023-05-20 14:42:08', 1, 10),
(50, 'Sea View Corner Room', 'Enjoy panoramic views of the sea from this exclusive corner room', 180, 2, 15, '2023-05-20 14:42:12', '2023-05-20 14:42:12', 1, 10),
(51, 'Special Room', 'Experience a unique and extraordinary stay in this special room', 150, 2, 15, '2023-05-20 14:42:15', '2023-05-20 14:42:15', 1, 10),
(52, 'High Floor Room', 'Enjoy breathtaking views from this room located on a high floor', 180, 2, 15, '2023-05-20 14:42:18', '2023-05-20 14:42:18', 1, 10);

-- --------------------------------------------------------

--
-- Cấu trúc bảng cho bảng `type_room_amenity`
--

CREATE TABLE `type_room_amenity` (
  `id` bigint(20) UNSIGNED NOT NULL,
  `amenity_id` bigint(20) UNSIGNED NOT NULL,
  `type_room_id` bigint(20) UNSIGNED NOT NULL,
  `created_at` timestamp NULL DEFAULT NULL,
  `updated_at` timestamp NULL DEFAULT NULL
) ENGINE=InnoDB DEFAULT CHARSET=utf8mb4 COLLATE=utf8mb4_unicode_ci;

--
-- Đang đổ dữ liệu cho bảng `type_room_amenity`
--

INSERT INTO `type_room_amenity` (`id`, `amenity_id`, `type_room_id`, `created_at`, `updated_at`) VALUES
(1, 3, 1, NULL, NULL),
(2, 4, 1, NULL, NULL),
(3, 5, 1, NULL, NULL),
(4, 2, 2, NULL, NULL),
(5, 4, 2, NULL, NULL),
(6, 7, 2, NULL, NULL),
(10, 1, 4, NULL, NULL),
(11, 4, 4, NULL, NULL),
(12, 5, 4, NULL, NULL),
(13, 7, 4, NULL, NULL),
(14, 1, 5, NULL, NULL),
(15, 4, 5, NULL, NULL),
(16, 5, 5, NULL, NULL),
(17, 7, 5, NULL, NULL),
(18, 2, 6, NULL, NULL),
(19, 3, 6, NULL, NULL),
(20, 5, 6, NULL, NULL),
(21, 8, 6, NULL, NULL),
(22, 1, 7, NULL, NULL),
(23, 4, 7, NULL, NULL),
(24, 5, 7, NULL, NULL),
(25, 7, 7, NULL, NULL),
(26, 1, 8, NULL, NULL),
(27, 2, 8, NULL, NULL),
(28, 4, 8, NULL, NULL),
(29, 5, 8, NULL, NULL),
(30, 3, 8, NULL, NULL),
(31, 6, 8, NULL, NULL),
(32, 1, 9, NULL, NULL),
(33, 2, 9, NULL, NULL),
(34, 4, 9, NULL, NULL),
(35, 5, 9, NULL, NULL),
(36, 3, 9, NULL, NULL),
(37, 6, 9, NULL, NULL),
(38, 7, 9, NULL, NULL),
(39, 8, 9, NULL, NULL),
(40, 2, 10, NULL, NULL),
(41, 5, 10, NULL, NULL),
(42, 1, 11, NULL, NULL),
(43, 2, 11, NULL, NULL),
(44, 3, 11, NULL, NULL),
(45, 5, 11, NULL, NULL),
(46, 1, 12, NULL, NULL),
(47, 3, 12, NULL, NULL),
(48, 6, 12, NULL, NULL),
(49, 7, 12, NULL, NULL),
(50, 2, 13, NULL, NULL),
(51, 4, 13, NULL, NULL),
(52, 7, 13, NULL, NULL),
(53, 8, 13, NULL, NULL),
(54, 1, 14, NULL, NULL),
(55, 3, 14, NULL, NULL),
(56, 5, 14, NULL, NULL),
(57, 7, 14, NULL, NULL),
(58, 8, 14, NULL, NULL),
(59, 2, 15, NULL, NULL),
(60, 3, 15, NULL, NULL),
(61, 6, 15, NULL, NULL),
(62, 8, 15, NULL, NULL),
(63, 1, 16, NULL, NULL),
(64, 4, 16, NULL, NULL),
(65, 5, 16, NULL, NULL),
(66, 7, 16, NULL, NULL),
(67, 3, 17, NULL, NULL),
(68, 6, 17, NULL, NULL),
(69, 1, 18, NULL, NULL),
(70, 2, 18, NULL, NULL),
(71, 4, 18, NULL, NULL),
(72, 5, 18, NULL, NULL),
(73, 7, 18, NULL, NULL),
(74, 2, 19, NULL, NULL),
(75, 3, 19, NULL, NULL),
(76, 8, 19, NULL, NULL),
(77, 1, 20, NULL, NULL),
(78, 3, 20, NULL, NULL),
(79, 6, 20, NULL, NULL),
(80, 7, 20, NULL, NULL),
(81, 8, 20, NULL, NULL),
(82, 1, 21, NULL, NULL),
(83, 3, 21, NULL, NULL),
(84, 5, 21, NULL, NULL),
(85, 6, 21, NULL, NULL),
(86, 7, 21, NULL, NULL),
(87, 8, 21, NULL, NULL),
(88, 2, 22, NULL, NULL),
(89, 4, 22, NULL, NULL),
(90, 6, 22, NULL, NULL),
(91, 8, 22, NULL, NULL),
(92, 3, 23, NULL, NULL),
(93, 4, 23, NULL, NULL),
(94, 7, 23, NULL, NULL),
(95, 1, 24, NULL, NULL),
(96, 2, 24, NULL, NULL),
(97, 5, 24, NULL, NULL),
(98, 7, 24, NULL, NULL),
(99, 2, 25, NULL, NULL),
(100, 3, 25, NULL, NULL),
(101, 5, 25, NULL, NULL),
(102, 8, 25, NULL, NULL),
(103, 2, 26, NULL, NULL),
(104, 3, 26, NULL, NULL),
(105, 5, 26, NULL, NULL),
(106, 8, 26, NULL, NULL),
(107, 1, 27, NULL, NULL),
(108, 3, 27, NULL, NULL),
(109, 4, 27, NULL, NULL),
(110, 6, 27, NULL, NULL),
(111, 7, 27, NULL, NULL),
(112, 2, 28, NULL, NULL),
(113, 5, 28, NULL, NULL),
(114, 8, 28, NULL, NULL),
(115, 2, 29, NULL, NULL),
(116, 3, 29, NULL, NULL),
(117, 5, 29, NULL, NULL),
(118, 7, 29, NULL, NULL),
(119, 8, 29, NULL, NULL),
(120, 1, 30, NULL, NULL),
(121, 4, 30, NULL, NULL),
(122, 6, 30, NULL, NULL),
(123, 1, 31, NULL, NULL),
(124, 3, 31, NULL, NULL),
(125, 4, 31, NULL, NULL),
(126, 6, 31, NULL, NULL),
(127, 7, 31, NULL, NULL),
(128, 8, 31, NULL, NULL),
(129, 2, 32, NULL, NULL),
(130, 4, 32, NULL, NULL),
(131, 7, 32, NULL, NULL),
(132, 1, 33, NULL, NULL),
(133, 3, 33, NULL, NULL),
(134, 6, 33, NULL, NULL),
(135, 1, 34, NULL, NULL),
(136, 4, 34, NULL, NULL),
(137, 5, 34, NULL, NULL),
(138, 7, 34, NULL, NULL),
(139, 2, 35, NULL, NULL),
(140, 3, 35, NULL, NULL),
(141, 5, 35, NULL, NULL),
(142, 8, 35, NULL, NULL),
(143, 2, 36, NULL, NULL),
(144, 5, 36, NULL, NULL),
(145, 1, 37, NULL, NULL),
(146, 3, 37, NULL, NULL),
(147, 6, 37, NULL, NULL),
(148, 7, 37, NULL, NULL),
(153, 1, 39, NULL, NULL),
(154, 3, 39, NULL, NULL),
(155, 5, 39, NULL, NULL),
(156, 7, 39, NULL, NULL),
(157, 8, 39, NULL, NULL),
(158, 2, 40, NULL, NULL),
(159, 3, 40, NULL, NULL),
(160, 6, 40, NULL, NULL),
(161, 8, 40, NULL, NULL),
(162, 1, 41, NULL, NULL),
(163, 4, 41, NULL, NULL),
(164, 5, 41, NULL, NULL),
(165, 7, 41, NULL, NULL),
(166, 3, 42, NULL, NULL),
(167, 6, 42, NULL, NULL),
(168, 1, 43, NULL, NULL),
(169, 2, 43, NULL, NULL),
(170, 4, 43, NULL, NULL),
(171, 5, 43, NULL, NULL),
(172, 7, 43, NULL, NULL),
(173, 2, 44, NULL, NULL),
(174, 3, 44, NULL, NULL),
(175, 8, 44, NULL, NULL),
(176, 1, 45, NULL, NULL),
(177, 3, 45, NULL, NULL),
(178, 6, 45, NULL, NULL),
(179, 7, 45, NULL, NULL),
(180, 8, 45, NULL, NULL),
(181, 1, 46, NULL, NULL),
(182, 3, 46, NULL, NULL),
(183, 5, 46, NULL, NULL),
(184, 6, 46, NULL, NULL),
(185, 7, 46, NULL, NULL),
(186, 8, 46, NULL, NULL),
(187, 2, 47, NULL, NULL),
(188, 4, 47, NULL, NULL),
(189, 6, 47, NULL, NULL),
(190, 8, 47, NULL, NULL),
(191, 3, 48, NULL, NULL),
(192, 4, 48, NULL, NULL),
(193, 7, 48, NULL, NULL),
(194, 1, 49, NULL, NULL),
(195, 2, 49, NULL, NULL),
(196, 5, 49, NULL, NULL),
(197, 7, 49, NULL, NULL),
(198, 2, 50, NULL, NULL),
(199, 3, 50, NULL, NULL),
(200, 5, 50, NULL, NULL),
(201, 8, 50, NULL, NULL),
(202, 1, 51, NULL, NULL),
(203, 3, 51, NULL, NULL),
(204, 4, 51, NULL, NULL),
(205, 6, 51, NULL, NULL),
(206, 7, 51, NULL, NULL),
(207, 2, 52, NULL, NULL),
(208, 5, 52, NULL, NULL),
(209, 8, 52, NULL, NULL);

-- --------------------------------------------------------

--
-- Cấu trúc bảng cho bảng `users`
--

CREATE TABLE `users` (
  `id` bigint(20) UNSIGNED NOT NULL,
  `email` varchar(255) NOT NULL,
  `password` varchar(255) NOT NULL,
  `email_verified_at` timestamp NULL DEFAULT NULL,
  `remember_token` varchar(100) DEFAULT NULL,
  `created_at` timestamp NULL DEFAULT NULL,
  `updated_at` timestamp NULL DEFAULT NULL,
  `stripe_id` varchar(255) DEFAULT NULL,
  `pm_type` varchar(255) DEFAULT NULL,
  `pm_last_four` varchar(4) DEFAULT NULL,
  `trial_ends_at` timestamp NULL DEFAULT NULL,
  `avatar_id` int(11) DEFAULT NULL,
  `role_id` bigint(20) UNSIGNED NOT NULL
) ENGINE=InnoDB DEFAULT CHARSET=utf8mb4 COLLATE=utf8mb4_unicode_ci;

--
-- Đang đổ dữ liệu cho bảng `users`
--

INSERT INTO `users` (`id`, `email`, `password`, `email_verified_at`, `remember_token`, `created_at`, `updated_at`, `stripe_id`, `pm_type`, `pm_last_four`, `trial_ends_at`, `avatar_id`, `role_id`) VALUES
(1, 'theanh090602@gmail.com', '$2y$10$/mDv0A.38T6frg/PqikQo.Vc6cjZWhZVf4HVYjJB1aHcVkh.AOhNO', '2023-05-17 11:06:30', NULL, '2023-05-17 10:40:40', '2023-05-22 01:04:33', NULL, NULL, NULL, NULL, 64, 1),
(3, 'marcelo34@example.org', '$2y$10$92IXUNpkjO0rOQ5byMi.Ye4oKoEa3Ro9llC/.og/at2.uheWG/igi', '2023-05-17 10:40:40', 'liUUJ6LYNS', '2023-05-17 10:40:40', '2023-05-17 10:40:40', NULL, NULL, NULL, NULL, NULL, 2),
(5, 'batz.winona@example.com', '$2y$10$92IXUNpkjO0rOQ5byMi.Ye4oKoEa3Ro9llC/.og/at2.uheWG/igi', '2023-05-17 10:40:40', 'pSfjVCSl8d', '2023-05-17 10:40:40', '2023-05-22 15:23:18', NULL, NULL, NULL, NULL, NULL, 1),
(6, 'pwhite@example.org', '$2y$10$92IXUNpkjO0rOQ5byMi.Ye4oKoEa3Ro9llC/.og/at2.uheWG/igi', '2023-05-17 10:40:40', 'EVOuckfB9n', '2023-05-17 10:40:40', '2023-05-17 10:40:40', NULL, NULL, NULL, NULL, NULL, 2),
(7, 'theanhtr07@gmail.com', '$2y$10$/mDv0A.38T6frg/PqikQo.Vc6cjZWhZVf4HVYjJB1aHcVkh.AOhNO', '2023-05-17 11:06:56', NULL, '2023-05-17 11:06:56', '2023-05-17 11:06:56', NULL, NULL, NULL, NULL, NULL, 3),
(8, 'trtheanh96@gmail.com', '$2y$10$/mDv0A.38T6frg/PqikQo.Vc6cjZWhZVf4HVYjJB1aHcVkh.AOhNO', '2023-05-17 11:07:54', NULL, '2023-05-17 11:07:54', '2023-05-17 11:07:54', NULL, NULL, NULL, NULL, NULL, 3),
(9, 'hotel1@gmail.com', '$2y$10$/mDv0A.38T6frg/PqikQo.Vc6cjZWhZVf4HVYjJB1aHcVkh.AOhNO', '2023-05-17 11:08:19', NULL, '2023-05-17 11:08:19', '2023-05-17 11:08:19', NULL, NULL, NULL, NULL, NULL, 3),
(10, 'hotel2@gmail.com', '$2y$10$/mDv0A.38T6frg/PqikQo.Vc6cjZWhZVf4HVYjJB1aHcVkh.AOhNO', '2023-05-17 11:09:42', NULL, '2023-05-17 11:09:42', '2023-05-17 11:09:42', NULL, NULL, NULL, NULL, NULL, 3),
(11, 'hotel3@gmail.com', '$2y$10$/mDv0A.38T6frg/PqikQo.Vc6cjZWhZVf4HVYjJB1aHcVkh.AOhNO', '2023-05-17 11:09:49', NULL, '2023-05-17 11:09:49', '2023-05-17 11:09:49', NULL, NULL, NULL, NULL, NULL, 3),
(12, 'hotel4@gmail.com', '$2y$10$/mDv0A.38T6frg/PqikQo.Vc6cjZWhZVf4HVYjJB1aHcVkh.AOhNO', '2023-05-17 11:09:55', NULL, '2023-05-17 11:09:55', '2023-05-17 11:09:55', NULL, NULL, NULL, NULL, NULL, 3),
(13, 'hotel5@gmail.com', '$2y$10$/mDv0A.38T6frg/PqikQo.Vc6cjZWhZVf4HVYjJB1aHcVkh.AOhNO', '2023-05-17 11:10:02', NULL, '2023-05-17 11:10:02', '2023-05-17 11:10:02', NULL, NULL, NULL, NULL, NULL, 3),
(14, 'hotel6@gmail.com', '$2y$10$/mDv0A.38T6frg/PqikQo.Vc6cjZWhZVf4HVYjJB1aHcVkh.AOhNO', '2023-05-17 11:10:11', NULL, '2023-05-17 11:10:11', '2023-05-22 01:03:24', NULL, NULL, NULL, NULL, NULL, 2),
(15, 'hotel7@gmail.com', '$2y$10$/mDv0A.38T6frg/PqikQo.Vc6cjZWhZVf4HVYjJB1aHcVkh.AOhNO', '2023-05-17 11:10:20', NULL, '2023-05-17 11:10:20', '2023-05-17 11:10:20', NULL, NULL, NULL, NULL, NULL, 3),
(16, 'hotel8@gmail.com', '$2y$10$/mDv0A.38T6frg/PqikQo.Vc6cjZWhZVf4HVYjJB1aHcVkh.AOhNO', '2023-05-17 11:10:29', NULL, '2023-05-17 11:10:29', '2023-05-17 11:10:29', NULL, NULL, NULL, NULL, NULL, 3),
(17, 'hotel9@gmail.com', '$2y$10$/mDv0A.38T6frg/PqikQo.Vc6cjZWhZVf4HVYjJB1aHcVkh.AOhNO', '2023-05-17 11:10:37', NULL, '2023-05-17 11:10:37', '2023-05-17 11:10:37', NULL, NULL, NULL, NULL, NULL, 3),
(18, 'hotel10@gmail.com', '$2y$10$/mDv0A.38T6frg/PqikQo.Vc6cjZWhZVf4HVYjJB1aHcVkh.AOhNO', '2023-05-17 11:10:44', NULL, '2023-05-17 11:10:44', '2023-05-17 11:10:44', NULL, NULL, NULL, NULL, NULL, 3),
(19, 'hotel11@gmail.com', '$2y$10$/mDv0A.38T6frg/PqikQo.Vc6cjZWhZVf4HVYjJB1aHcVkh.AOhNO', '2023-05-17 11:10:52', NULL, '2023-05-17 11:10:52', '2023-05-17 11:10:52', NULL, NULL, NULL, NULL, NULL, 3),
(20, 'hotel12@gmail.com', '$2y$10$/mDv0A.38T6frg/PqikQo.Vc6cjZWhZVf4HVYjJB1aHcVkh.AOhNO', '2023-05-17 11:10:59', NULL, '2023-05-17 11:10:59', '2023-05-17 11:10:59', NULL, NULL, NULL, NULL, NULL, 3),
(21, 'hotel13@gmail.com', '$2y$10$/mDv0A.38T6frg/PqikQo.Vc6cjZWhZVf4HVYjJB1aHcVkh.AOhNO', '2023-05-17 11:11:04', NULL, '2023-05-17 11:11:04', '2023-05-17 11:11:04', NULL, NULL, NULL, NULL, NULL, 3),
(22, 'hotel14@gmail.com', '$2y$10$/mDv0A.38T6frg/PqikQo.Vc6cjZWhZVf4HVYjJB1aHcVkh.AOhNO', '2023-05-17 11:11:10', NULL, '2023-05-17 11:11:10', '2023-05-17 11:11:10', NULL, NULL, NULL, NULL, NULL, 3),
(23, 'hotel15@gmail.com', '$2y$10$/mDv0A.38T6frg/PqikQo.Vc6cjZWhZVf4HVYjJB1aHcVkh.AOhNO', '2023-05-17 11:11:16', NULL, '2023-05-17 11:11:16', '2023-05-20 11:34:19', NULL, NULL, NULL, NULL, NULL, 3),
(24, 'chien9pm@gmail.com', '$2y$10$yTIn8h4bh9Pxn6Mk.GGdLeXFWxt5YXL88WAsCSPobzEVe0XungEA6', '2023-05-17 12:04:20', NULL, '2023-05-17 12:04:20', '2023-05-22 02:43:06', NULL, NULL, NULL, NULL, NULL, 3),
(25, 'lehuyhaianh0808@gmail.com', '$2y$10$/JcoqzBIiskm.7W6QuiW5.4IMhKWt75PJHil34Yv56qdqsxoaLXn.', '2023-05-17 14:18:00', NULL, '2023-05-17 14:18:00', '2023-05-20 04:00:59', NULL, NULL, NULL, NULL, 3, 1),
(28, 'hungk19elqd@gmail.com', '$2y$10$qEIqKERX/QLBowc8MDNp0u5YKYjZ34KM2orNtpYgxpnqTeyNOPRSi', '2023-05-17 16:48:53', NULL, '2023-05-17 16:48:53', '2023-05-29 01:26:20', NULL, NULL, NULL, NULL, 102, 2),
(29, 'lehuyhaianh9999@gmail.com', '$2y$10$mbZbFICtb1TuZs0MYQ/ywuG85YX4bm3ovUO4B02D.H0H2k12F6HaS', '2023-05-17 17:15:15', NULL, '2023-05-17 17:15:15', '2023-05-19 17:19:58', NULL, NULL, NULL, NULL, NULL, 3),
(31, 'lehuyhaianh12@gmail.com', '$2y$10$nZWwddNhD6J/GXNaA27h6OgE7gUjfp3zxmfxzMx8IthqINb1uWaqW', '2023-05-18 01:25:50', NULL, '2023-05-18 01:25:50', '2023-05-19 03:55:30', NULL, NULL, NULL, NULL, NULL, 2),
(34, 'lehuyhaianhhhh@gmail.com', '$2y$10$XPJ28Q5TIG80wB9Rpz.pq.l8FoM5vV12pZ55fxxv8q9Af3IJm.F0K', '2023-05-20 04:21:57', NULL, '2023-05-20 04:21:57', '2023-05-20 04:21:57', NULL, NULL, NULL, NULL, NULL, 3),
(35, 'customer1@gmail.com', '$2y$10$/mDv0A.38T6frg/PqikQo.Vc6cjZWhZVf4HVYjJB1aHcVkh.AOhNO', '2023-05-20 04:21:57', NULL, '2023-05-20 04:21:57', '2023-05-20 04:21:57', NULL, NULL, NULL, NULL, NULL, 2),
(36, 'customer2@gmail.com', '$2y$10$/mDv0A.38T6frg/PqikQo.Vc6cjZWhZVf4HVYjJB1aHcVkh.AOhNO', '2023-05-20 04:21:57', NULL, '2023-05-20 04:21:57', '2023-05-20 04:21:57', NULL, NULL, NULL, NULL, NULL, 2),
(37, 'customer3@gmail.com', '$2y$10$/mDv0A.38T6frg/PqikQo.Vc6cjZWhZVf4HVYjJB1aHcVkh.AOhNO', '2023-05-20 04:21:57', NULL, '2023-05-20 04:21:57', '2023-05-20 04:21:57', NULL, NULL, NULL, NULL, NULL, 2),
(38, '20020422@gmail.com', '$2y$10$w9vhEmGzpvWYykJxEfEeDuB4qGvWi.UVXv1/u9SzWjWuGInFLSPYK', '2023-05-22 01:05:24', NULL, '2023-05-22 01:05:24', '2023-05-22 01:05:24', NULL, NULL, NULL, NULL, NULL, 1),
(39, 'hunguet2701@gmail.com', '$2y$10$OudGrSB74PwKMnaKFX9ms.HPqssdSJofWPar7V74pmAMi39GDUunm', '2023-05-23 16:28:07', NULL, '2023-05-23 16:28:07', '2023-05-23 16:39:24', NULL, NULL, NULL, NULL, 69, 2);

-- --------------------------------------------------------

--
-- Cấu trúc bảng cho bảng `user_information`
--

CREATE TABLE `user_information` (
  `id` bigint(20) UNSIGNED NOT NULL,
  `first_name` varchar(255) NOT NULL,
  `last_name` varchar(255) NOT NULL,
  `phone_number` varchar(255) DEFAULT NULL,
  `date_of_birth` datetime DEFAULT NULL,
  `email_contact` varchar(255) DEFAULT NULL,
  `user_id` bigint(20) UNSIGNED NOT NULL,
  `created_at` timestamp NULL DEFAULT NULL,
  `updated_at` timestamp NULL DEFAULT NULL
) ENGINE=InnoDB DEFAULT CHARSET=utf8mb4 COLLATE=utf8mb4_unicode_ci;

--
-- Đang đổ dữ liệu cho bảng `user_information`
--

INSERT INTO `user_information` (`id`, `first_name`, `last_name`, `phone_number`, `date_of_birth`, `email_contact`, `user_id`, `created_at`, `updated_at`) VALUES
(1, 'Tran', 'The Anh', '0912945494', '2002-06-09 10:15:30', 'trtheanh96@gmail.com', 1, '2023-05-17 10:40:40', '2023-05-22 03:01:51'),
(2, 'Hung', 'beo', '0986903302', '2023-05-04 00:00:00', NULL, 25, '2023-05-17 16:12:49', '2023-05-20 03:12:01'),
(3, 'aii', 'b', '0986903302', '2023-05-18 08:23:47', NULL, 29, '2023-05-17 17:20:45', '2023-05-18 01:23:56'),
(4, 'klis', 'kcsss', '0986903303', '2023-05-15 00:00:00', NULL, 31, '2023-05-18 02:11:14', '2023-05-18 03:00:06'),
(5, 'Hải', 'Anh', NULL, NULL, NULL, 35, '2023-05-22 00:58:58', '2023-05-22 00:58:58'),
(6, 'Thế', 'Huy', NULL, NULL, NULL, 36, '2023-05-22 00:59:11', '2023-05-22 00:59:11'),
(7, 'Hà Quang', 'Hưng', '0977529350', '2002-05-11 00:00:00', NULL, 28, '2023-05-22 04:24:48', '2023-05-29 01:26:20'),
(8, 'Hưng', 'Hà Quang', '0977529350', '2002-05-10 00:00:00', NULL, 39, '2023-05-23 16:28:08', '2023-05-23 16:39:24');

-- --------------------------------------------------------

--
-- Cấu trúc bảng cho bảng `user_like_hotels`
--

CREATE TABLE `user_like_hotels` (
  `id` bigint(20) UNSIGNED NOT NULL,
  `user_id` bigint(20) UNSIGNED NOT NULL,
  `hotel_id` bigint(20) UNSIGNED NOT NULL,
  `created_at` timestamp NULL DEFAULT NULL,
  `updated_at` timestamp NULL DEFAULT NULL
) ENGINE=InnoDB DEFAULT CHARSET=utf8mb4 COLLATE=utf8mb4_unicode_ci;

--
-- Đang đổ dữ liệu cho bảng `user_like_hotels`
--

INSERT INTO `user_like_hotels` (`id`, `user_id`, `hotel_id`, `created_at`, `updated_at`) VALUES
(1, 24, 6, NULL, NULL),
(4, 1, 10, NULL, NULL),
(5, 28, 12, NULL, NULL),
(6, 39, 12, NULL, NULL);

-- --------------------------------------------------------

--
-- Cấu trúc bảng cho bảng `user_like_popular_destinations`
--

CREATE TABLE `user_like_popular_destinations` (
  `id` bigint(20) UNSIGNED NOT NULL,
  `user_id` bigint(20) UNSIGNED NOT NULL,
  `popular_destination_id` bigint(20) UNSIGNED NOT NULL,
  `created_at` timestamp NULL DEFAULT NULL,
  `updated_at` timestamp NULL DEFAULT NULL
) ENGINE=InnoDB DEFAULT CHARSET=utf8mb4 COLLATE=utf8mb4_unicode_ci;

--
-- Chỉ mục cho các bảng đã đổ
--

--
-- Chỉ mục cho bảng `addresses`
--
ALTER TABLE `addresses`
  ADD PRIMARY KEY (`id`),
  ADD KEY `addresses_province_id_foreign` (`province_id`),
  ADD KEY `addresses_district_id_foreign` (`district_id`),
  ADD KEY `addresses_sub_district_id_foreign` (`sub_district_id`);

--
-- Chỉ mục cho bảng `amenities`
--
ALTER TABLE `amenities`
  ADD PRIMARY KEY (`id`),
  ADD KEY `amenities_role_amenity_id_foreign` (`role_amenity_id`);

--
-- Chỉ mục cho bảng `amenity_hotel`
--
ALTER TABLE `amenity_hotel`
  ADD PRIMARY KEY (`id`),
  ADD KEY `amenity_hotel_hotel_id_foreign` (`hotel_id`),
  ADD KEY `amenity_hotel_amenity_id_foreign` (`amenity_id`);

--
-- Chỉ mục cho bảng `conversations`
--
ALTER TABLE `conversations`
  ADD PRIMARY KEY (`id`),
  ADD KEY `conversations_sender_id_foreign` (`sender_id`),
  ADD KEY `conversations_receiver_id_foreign` (`receiver_id`);

--
-- Chỉ mục cho bảng `districts`
--
ALTER TABLE `districts`
  ADD PRIMARY KEY (`id`),
  ADD KEY `districts_province_id_foreign` (`province_id`);

--
-- Chỉ mục cho bảng `failed_jobs`
--
ALTER TABLE `failed_jobs`
  ADD PRIMARY KEY (`id`),
  ADD UNIQUE KEY `failed_jobs_uuid_unique` (`uuid`);

--
-- Chỉ mục cho bảng `hotels`
--
ALTER TABLE `hotels`
  ADD PRIMARY KEY (`id`),
  ADD KEY `hotels_user_id_foreign` (`user_id`),
  ADD KEY `hotels_address_id_foreign` (`address_id`);

--
-- Chỉ mục cho bảng `images`
--
ALTER TABLE `images`
  ADD PRIMARY KEY (`id`),
  ADD KEY `images_user_id_foreign` (`user_id`),
  ADD KEY `images_hotel_id_foreign` (`hotel_id`),
  ADD KEY `images_role_image_id_foreign` (`role_image_id`),
  ADD KEY `images_type_room_id_foreign` (`type_room_id`),
  ADD KEY `images_review_id_foreign` (`review_id`);

--
-- Chỉ mục cho bảng `like_reviews`
--
ALTER TABLE `like_reviews`
  ADD PRIMARY KEY (`id`),
  ADD KEY `like_reviews_user_id_foreign` (`user_id`),
  ADD KEY `like_reviews_review_id_foreign` (`review_id`);

--
-- Chỉ mục cho bảng `messages`
--
ALTER TABLE `messages`
  ADD PRIMARY KEY (`id`),
  ADD KEY `messages_conversation_id_foreign` (`conversation_id`),
  ADD KEY `messages_sender_id_foreign` (`sender_id`),
  ADD KEY `messages_receiver_id_foreign` (`receiver_id`);

--
-- Chỉ mục cho bảng `migrations`
--
ALTER TABLE `migrations`
  ADD PRIMARY KEY (`id`);

--
-- Chỉ mục cho bảng `oauth_access_tokens`
--
ALTER TABLE `oauth_access_tokens`
  ADD PRIMARY KEY (`id`),
  ADD KEY `oauth_access_tokens_user_id_index` (`user_id`);

--
-- Chỉ mục cho bảng `oauth_auth_codes`
--
ALTER TABLE `oauth_auth_codes`
  ADD PRIMARY KEY (`id`),
  ADD KEY `oauth_auth_codes_user_id_index` (`user_id`);

--
-- Chỉ mục cho bảng `oauth_clients`
--
ALTER TABLE `oauth_clients`
  ADD PRIMARY KEY (`id`),
  ADD KEY `oauth_clients_user_id_index` (`user_id`);

--
-- Chỉ mục cho bảng `oauth_personal_access_clients`
--
ALTER TABLE `oauth_personal_access_clients`
  ADD PRIMARY KEY (`id`);

--
-- Chỉ mục cho bảng `oauth_refresh_tokens`
--
ALTER TABLE `oauth_refresh_tokens`
  ADD PRIMARY KEY (`id`),
  ADD KEY `oauth_refresh_tokens_access_token_id_index` (`access_token_id`);

--
-- Chỉ mục cho bảng `orders`
--
ALTER TABLE `orders`
  ADD PRIMARY KEY (`id`),
  ADD KEY `orders_order_status_id_foreign` (`order_status_id`),
  ADD KEY `orders_user_id_foreign` (`user_id`),
  ADD KEY `orders_type_room_id_foreign` (`type_room_id`),
  ADD KEY `orders_hotel_id_foreign` (`hotel_id`);

--
-- Chỉ mục cho bảng `order_statuses`
--
ALTER TABLE `order_statuses`
  ADD PRIMARY KEY (`id`);

--
-- Chỉ mục cho bảng `password_reset_tokens`
--
ALTER TABLE `password_reset_tokens`
  ADD PRIMARY KEY (`email`);

--
-- Chỉ mục cho bảng `payment_accounts`
--
ALTER TABLE `payment_accounts`
  ADD PRIMARY KEY (`id`),
  ADD KEY `payment_accounts_user_id_foreign` (`user_id`);

--
-- Chỉ mục cho bảng `personal_access_tokens`
--
ALTER TABLE `personal_access_tokens`
  ADD PRIMARY KEY (`id`),
  ADD UNIQUE KEY `personal_access_tokens_token_unique` (`token`),
  ADD KEY `personal_access_tokens_tokenable_type_tokenable_id_index` (`tokenable_type`,`tokenable_id`);

--
-- Chỉ mục cho bảng `popular_destinations`
--
ALTER TABLE `popular_destinations`
  ADD PRIMARY KEY (`id`),
  ADD KEY `popular_destinations_province_id_foreign` (`province_id`),
  ADD KEY `popular_destinations_district_id_foreign` (`district_id`);

--
-- Chỉ mục cho bảng `provinces`
--
ALTER TABLE `provinces`
  ADD PRIMARY KEY (`id`);

--
-- Chỉ mục cho bảng `report_reviews`
--
ALTER TABLE `report_reviews`
  ADD PRIMARY KEY (`id`),
  ADD KEY `report_reviews_user_id_foreign` (`user_id`),
  ADD KEY `report_reviews_review_id_foreign` (`review_id`);

--
-- Chỉ mục cho bảng `reviews`
--
ALTER TABLE `reviews`
  ADD PRIMARY KEY (`id`),
  ADD KEY `reviews_order_id_foreign` (`order_id`),
  ADD KEY `reviews_user_id_foreign` (`user_id`),
  ADD KEY `reviews_hotel_id_foreign` (`hotel_id`),
  ADD KEY `reviews_type_room_id_foreign` (`type_room_id`);

--
-- Chỉ mục cho bảng `roles`
--
ALTER TABLE `roles`
  ADD PRIMARY KEY (`id`);

--
-- Chỉ mục cho bảng `role_amenities`
--
ALTER TABLE `role_amenities`
  ADD PRIMARY KEY (`id`);

--
-- Chỉ mục cho bảng `role_images`
--
ALTER TABLE `role_images`
  ADD PRIMARY KEY (`id`);

--
-- Chỉ mục cho bảng `rooms`
--
ALTER TABLE `rooms`
  ADD PRIMARY KEY (`id`),
  ADD KEY `rooms_type_room_id_foreign` (`type_room_id`);

--
-- Chỉ mục cho bảng `room_order`
--
ALTER TABLE `room_order`
  ADD PRIMARY KEY (`id`),
  ADD KEY `room_order_order_id_foreign` (`order_id`),
  ADD KEY `room_order_room_id_foreign` (`room_id`);

--
-- Chỉ mục cho bảng `room_reservation_times`
--
ALTER TABLE `room_reservation_times`
  ADD PRIMARY KEY (`id`),
  ADD KEY `room_reservation_times_room_id_foreign` (`room_id`),
  ADD KEY `room_reservation_times_order_id_foreign` (`order_id`);

--
-- Chỉ mục cho bảng `sort_by`
--
ALTER TABLE `sort_by`
  ADD PRIMARY KEY (`id`);

--
-- Chỉ mục cho bảng `subscriptions`
--
ALTER TABLE `subscriptions`
  ADD PRIMARY KEY (`id`),
  ADD UNIQUE KEY `subscriptions_stripe_id_unique` (`stripe_id`),
  ADD KEY `subscriptions_user_id_stripe_status_index` (`user_id`,`stripe_status`);

--
-- Chỉ mục cho bảng `subscription_items`
--
ALTER TABLE `subscription_items`
  ADD PRIMARY KEY (`id`),
  ADD UNIQUE KEY `subscription_items_subscription_id_stripe_price_unique` (`subscription_id`,`stripe_price`),
  ADD UNIQUE KEY `subscription_items_stripe_id_unique` (`stripe_id`);

--
-- Chỉ mục cho bảng `sub_districts`
--
ALTER TABLE `sub_districts`
  ADD PRIMARY KEY (`id`),
  ADD KEY `sub_districts_district_id_foreign` (`district_id`);

--
-- Chỉ mục cho bảng `type_filter_reviews`
--
ALTER TABLE `type_filter_reviews`
  ADD PRIMARY KEY (`id`);

--
-- Chỉ mục cho bảng `type_rooms`
--
ALTER TABLE `type_rooms`
  ADD PRIMARY KEY (`id`),
  ADD KEY `type_rooms_hotel_id_foreign` (`hotel_id`);

--
-- Chỉ mục cho bảng `type_room_amenity`
--
ALTER TABLE `type_room_amenity`
  ADD PRIMARY KEY (`id`),
  ADD KEY `type_room_amenity_amenity_id_foreign` (`amenity_id`),
  ADD KEY `type_room_amenity_type_room_id_foreign` (`type_room_id`);

--
-- Chỉ mục cho bảng `users`
--
ALTER TABLE `users`
  ADD PRIMARY KEY (`id`),
  ADD UNIQUE KEY `users_email_unique` (`email`),
  ADD KEY `users_stripe_id_index` (`stripe_id`),
  ADD KEY `users_role_id_foreign` (`role_id`);

--
-- Chỉ mục cho bảng `user_information`
--
ALTER TABLE `user_information`
  ADD PRIMARY KEY (`id`),
  ADD KEY `user_information_user_id_foreign` (`user_id`);

--
-- Chỉ mục cho bảng `user_like_hotels`
--
ALTER TABLE `user_like_hotels`
  ADD PRIMARY KEY (`id`),
  ADD KEY `user_like_hotels_user_id_foreign` (`user_id`),
  ADD KEY `user_like_hotels_hotel_id_foreign` (`hotel_id`);

--
-- Chỉ mục cho bảng `user_like_popular_destinations`
--
ALTER TABLE `user_like_popular_destinations`
  ADD PRIMARY KEY (`id`),
  ADD KEY `user_like_popular_destinations_user_id_foreign` (`user_id`),
  ADD KEY `user_like_popular_destinations_popular_destination_id_foreign` (`popular_destination_id`);

--
-- AUTO_INCREMENT cho các bảng đã đổ
--

--
-- AUTO_INCREMENT cho bảng `addresses`
--
ALTER TABLE `addresses`
  MODIFY `id` bigint(20) UNSIGNED NOT NULL AUTO_INCREMENT, AUTO_INCREMENT=19;

--
-- AUTO_INCREMENT cho bảng `amenities`
--
ALTER TABLE `amenities`
  MODIFY `id` bigint(20) UNSIGNED NOT NULL AUTO_INCREMENT, AUTO_INCREMENT=9;

--
-- AUTO_INCREMENT cho bảng `amenity_hotel`
--
ALTER TABLE `amenity_hotel`
  MODIFY `id` bigint(20) UNSIGNED NOT NULL AUTO_INCREMENT, AUTO_INCREMENT=101;

--
-- AUTO_INCREMENT cho bảng `conversations`
--
ALTER TABLE `conversations`
  MODIFY `id` bigint(20) UNSIGNED NOT NULL AUTO_INCREMENT;

--
-- AUTO_INCREMENT cho bảng `districts`
--
ALTER TABLE `districts`
  MODIFY `id` bigint(20) UNSIGNED NOT NULL AUTO_INCREMENT, AUTO_INCREMENT=974;

--
-- AUTO_INCREMENT cho bảng `failed_jobs`
--
ALTER TABLE `failed_jobs`
  MODIFY `id` bigint(20) UNSIGNED NOT NULL AUTO_INCREMENT;

--
-- AUTO_INCREMENT cho bảng `hotels`
--
ALTER TABLE `hotels`
  MODIFY `id` bigint(20) UNSIGNED NOT NULL AUTO_INCREMENT, AUTO_INCREMENT=17;

--
-- AUTO_INCREMENT cho bảng `images`
--
ALTER TABLE `images`
  MODIFY `id` bigint(20) UNSIGNED NOT NULL AUTO_INCREMENT, AUTO_INCREMENT=103;

--
-- AUTO_INCREMENT cho bảng `like_reviews`
--
ALTER TABLE `like_reviews`
  MODIFY `id` bigint(20) UNSIGNED NOT NULL AUTO_INCREMENT, AUTO_INCREMENT=2;

--
-- AUTO_INCREMENT cho bảng `messages`
--
ALTER TABLE `messages`
  MODIFY `id` bigint(20) UNSIGNED NOT NULL AUTO_INCREMENT;

--
-- AUTO_INCREMENT cho bảng `migrations`
--
ALTER TABLE `migrations`
  MODIFY `id` int(10) UNSIGNED NOT NULL AUTO_INCREMENT, AUTO_INCREMENT=61;

--
-- AUTO_INCREMENT cho bảng `oauth_personal_access_clients`
--
ALTER TABLE `oauth_personal_access_clients`
  MODIFY `id` bigint(20) UNSIGNED NOT NULL AUTO_INCREMENT, AUTO_INCREMENT=2;

--
-- AUTO_INCREMENT cho bảng `orders`
--
ALTER TABLE `orders`
  MODIFY `id` bigint(20) UNSIGNED NOT NULL AUTO_INCREMENT, AUTO_INCREMENT=10;

--
-- AUTO_INCREMENT cho bảng `order_statuses`
--
ALTER TABLE `order_statuses`
  MODIFY `id` bigint(20) UNSIGNED NOT NULL AUTO_INCREMENT, AUTO_INCREMENT=11;

--
-- AUTO_INCREMENT cho bảng `payment_accounts`
--
ALTER TABLE `payment_accounts`
  MODIFY `id` bigint(20) UNSIGNED NOT NULL AUTO_INCREMENT;

--
-- AUTO_INCREMENT cho bảng `personal_access_tokens`
--
ALTER TABLE `personal_access_tokens`
  MODIFY `id` bigint(20) UNSIGNED NOT NULL AUTO_INCREMENT;

--
-- AUTO_INCREMENT cho bảng `popular_destinations`
--
ALTER TABLE `popular_destinations`
  MODIFY `id` bigint(20) UNSIGNED NOT NULL AUTO_INCREMENT, AUTO_INCREMENT=20;

--
-- AUTO_INCREMENT cho bảng `provinces`
--
ALTER TABLE `provinces`
  MODIFY `id` bigint(20) UNSIGNED NOT NULL AUTO_INCREMENT, AUTO_INCREMENT=97;

--
-- AUTO_INCREMENT cho bảng `report_reviews`
--
ALTER TABLE `report_reviews`
  MODIFY `id` bigint(20) UNSIGNED NOT NULL AUTO_INCREMENT;

--
-- AUTO_INCREMENT cho bảng `reviews`
--
ALTER TABLE `reviews`
  MODIFY `id` bigint(20) UNSIGNED NOT NULL AUTO_INCREMENT, AUTO_INCREMENT=5;

--
-- AUTO_INCREMENT cho bảng `roles`
--
ALTER TABLE `roles`
  MODIFY `id` bigint(20) UNSIGNED NOT NULL AUTO_INCREMENT, AUTO_INCREMENT=6;

--
-- AUTO_INCREMENT cho bảng `role_amenities`
--
ALTER TABLE `role_amenities`
  MODIFY `id` bigint(20) UNSIGNED NOT NULL AUTO_INCREMENT, AUTO_INCREMENT=5;

--
-- AUTO_INCREMENT cho bảng `role_images`
--
ALTER TABLE `role_images`
  MODIFY `id` bigint(20) UNSIGNED NOT NULL AUTO_INCREMENT, AUTO_INCREMENT=9;

--
-- AUTO_INCREMENT cho bảng `rooms`
--
ALTER TABLE `rooms`
  MODIFY `id` bigint(20) UNSIGNED NOT NULL AUTO_INCREMENT, AUTO_INCREMENT=1506;

--
-- AUTO_INCREMENT cho bảng `room_order`
--
ALTER TABLE `room_order`
  MODIFY `id` bigint(20) UNSIGNED NOT NULL AUTO_INCREMENT, AUTO_INCREMENT=13;

--
-- AUTO_INCREMENT cho bảng `room_reservation_times`
--
ALTER TABLE `room_reservation_times`
  MODIFY `id` bigint(20) UNSIGNED NOT NULL AUTO_INCREMENT, AUTO_INCREMENT=13;

--
-- AUTO_INCREMENT cho bảng `sort_by`
--
ALTER TABLE `sort_by`
  MODIFY `id` bigint(20) UNSIGNED NOT NULL AUTO_INCREMENT, AUTO_INCREMENT=14;

--
-- AUTO_INCREMENT cho bảng `subscriptions`
--
ALTER TABLE `subscriptions`
  MODIFY `id` bigint(20) UNSIGNED NOT NULL AUTO_INCREMENT;

--
-- AUTO_INCREMENT cho bảng `subscription_items`
--
ALTER TABLE `subscription_items`
  MODIFY `id` bigint(20) UNSIGNED NOT NULL AUTO_INCREMENT;

--
-- AUTO_INCREMENT cho bảng `sub_districts`
--
ALTER TABLE `sub_districts`
  MODIFY `id` bigint(20) UNSIGNED NOT NULL AUTO_INCREMENT, AUTO_INCREMENT=32249;

--
-- AUTO_INCREMENT cho bảng `type_filter_reviews`
--
ALTER TABLE `type_filter_reviews`
  MODIFY `id` bigint(20) UNSIGNED NOT NULL AUTO_INCREMENT, AUTO_INCREMENT=4;

--
-- AUTO_INCREMENT cho bảng `type_rooms`
--
ALTER TABLE `type_rooms`
  MODIFY `id` bigint(20) UNSIGNED NOT NULL AUTO_INCREMENT, AUTO_INCREMENT=53;

--
-- AUTO_INCREMENT cho bảng `type_room_amenity`
--
ALTER TABLE `type_room_amenity`
  MODIFY `id` bigint(20) UNSIGNED NOT NULL AUTO_INCREMENT, AUTO_INCREMENT=210;

--
-- AUTO_INCREMENT cho bảng `users`
--
ALTER TABLE `users`
  MODIFY `id` bigint(20) UNSIGNED NOT NULL AUTO_INCREMENT, AUTO_INCREMENT=40;

--
-- AUTO_INCREMENT cho bảng `user_information`
--
ALTER TABLE `user_information`
  MODIFY `id` bigint(20) UNSIGNED NOT NULL AUTO_INCREMENT, AUTO_INCREMENT=9;

--
-- AUTO_INCREMENT cho bảng `user_like_hotels`
--
ALTER TABLE `user_like_hotels`
  MODIFY `id` bigint(20) UNSIGNED NOT NULL AUTO_INCREMENT, AUTO_INCREMENT=9;

--
-- AUTO_INCREMENT cho bảng `user_like_popular_destinations`
--
ALTER TABLE `user_like_popular_destinations`
  MODIFY `id` bigint(20) UNSIGNED NOT NULL AUTO_INCREMENT;

--
-- Các ràng buộc cho các bảng đã đổ
--

--
-- Các ràng buộc cho bảng `addresses`
--
ALTER TABLE `addresses`
  ADD CONSTRAINT `addresses_district_id_foreign` FOREIGN KEY (`district_id`) REFERENCES `districts` (`id`),
  ADD CONSTRAINT `addresses_province_id_foreign` FOREIGN KEY (`province_id`) REFERENCES `provinces` (`id`),
  ADD CONSTRAINT `addresses_sub_district_id_foreign` FOREIGN KEY (`sub_district_id`) REFERENCES `sub_districts` (`id`);

--
-- Các ràng buộc cho bảng `amenities`
--
ALTER TABLE `amenities`
  ADD CONSTRAINT `amenities_role_amenity_id_foreign` FOREIGN KEY (`role_amenity_id`) REFERENCES `role_amenities` (`id`);

--
-- Các ràng buộc cho bảng `amenity_hotel`
--
ALTER TABLE `amenity_hotel`
  ADD CONSTRAINT `amenity_hotel_amenity_id_foreign` FOREIGN KEY (`amenity_id`) REFERENCES `amenities` (`id`),
  ADD CONSTRAINT `amenity_hotel_hotel_id_foreign` FOREIGN KEY (`hotel_id`) REFERENCES `hotels` (`id`);

--
-- Các ràng buộc cho bảng `conversations`
--
ALTER TABLE `conversations`
  ADD CONSTRAINT `conversations_receiver_id_foreign` FOREIGN KEY (`receiver_id`) REFERENCES `users` (`id`),
  ADD CONSTRAINT `conversations_sender_id_foreign` FOREIGN KEY (`sender_id`) REFERENCES `users` (`id`);

--
-- Các ràng buộc cho bảng `districts`
--
ALTER TABLE `districts`
  ADD CONSTRAINT `districts_province_id_foreign` FOREIGN KEY (`province_id`) REFERENCES `provinces` (`id`);

--
-- Các ràng buộc cho bảng `hotels`
--
ALTER TABLE `hotels`
  ADD CONSTRAINT `hotels_address_id_foreign` FOREIGN KEY (`address_id`) REFERENCES `addresses` (`id`),
  ADD CONSTRAINT `hotels_user_id_foreign` FOREIGN KEY (`user_id`) REFERENCES `users` (`id`);

--
-- Các ràng buộc cho bảng `images`
--
ALTER TABLE `images`
  ADD CONSTRAINT `images_hotel_id_foreign` FOREIGN KEY (`hotel_id`) REFERENCES `hotels` (`id`),
  ADD CONSTRAINT `images_review_id_foreign` FOREIGN KEY (`review_id`) REFERENCES `reviews` (`id`),
  ADD CONSTRAINT `images_role_image_id_foreign` FOREIGN KEY (`role_image_id`) REFERENCES `role_images` (`id`),
  ADD CONSTRAINT `images_type_room_id_foreign` FOREIGN KEY (`type_room_id`) REFERENCES `type_rooms` (`id`),
  ADD CONSTRAINT `images_user_id_foreign` FOREIGN KEY (`user_id`) REFERENCES `users` (`id`);

--
-- Các ràng buộc cho bảng `like_reviews`
--
ALTER TABLE `like_reviews`
  ADD CONSTRAINT `like_reviews_review_id_foreign` FOREIGN KEY (`review_id`) REFERENCES `reviews` (`id`),
  ADD CONSTRAINT `like_reviews_user_id_foreign` FOREIGN KEY (`user_id`) REFERENCES `users` (`id`);

--
-- Các ràng buộc cho bảng `messages`
--
ALTER TABLE `messages`
  ADD CONSTRAINT `messages_conversation_id_foreign` FOREIGN KEY (`conversation_id`) REFERENCES `conversations` (`id`),
  ADD CONSTRAINT `messages_receiver_id_foreign` FOREIGN KEY (`receiver_id`) REFERENCES `users` (`id`),
  ADD CONSTRAINT `messages_sender_id_foreign` FOREIGN KEY (`sender_id`) REFERENCES `users` (`id`);

--
-- Các ràng buộc cho bảng `orders`
--
ALTER TABLE `orders`
  ADD CONSTRAINT `orders_hotel_id_foreign` FOREIGN KEY (`hotel_id`) REFERENCES `hotels` (`id`),
  ADD CONSTRAINT `orders_order_status_id_foreign` FOREIGN KEY (`order_status_id`) REFERENCES `order_statuses` (`id`),
  ADD CONSTRAINT `orders_type_room_id_foreign` FOREIGN KEY (`type_room_id`) REFERENCES `type_rooms` (`id`),
  ADD CONSTRAINT `orders_user_id_foreign` FOREIGN KEY (`user_id`) REFERENCES `users` (`id`);

--
-- Các ràng buộc cho bảng `payment_accounts`
--
ALTER TABLE `payment_accounts`
  ADD CONSTRAINT `payment_accounts_user_id_foreign` FOREIGN KEY (`user_id`) REFERENCES `users` (`id`);

--
-- Các ràng buộc cho bảng `popular_destinations`
--
ALTER TABLE `popular_destinations`
  ADD CONSTRAINT `popular_destinations_district_id_foreign` FOREIGN KEY (`district_id`) REFERENCES `districts` (`id`),
  ADD CONSTRAINT `popular_destinations_province_id_foreign` FOREIGN KEY (`province_id`) REFERENCES `provinces` (`id`);

--
-- Các ràng buộc cho bảng `report_reviews`
--
ALTER TABLE `report_reviews`
  ADD CONSTRAINT `report_reviews_review_id_foreign` FOREIGN KEY (`review_id`) REFERENCES `reviews` (`id`),
  ADD CONSTRAINT `report_reviews_user_id_foreign` FOREIGN KEY (`user_id`) REFERENCES `users` (`id`);

--
-- Các ràng buộc cho bảng `reviews`
--
ALTER TABLE `reviews`
  ADD CONSTRAINT `reviews_hotel_id_foreign` FOREIGN KEY (`hotel_id`) REFERENCES `hotels` (`id`),
  ADD CONSTRAINT `reviews_order_id_foreign` FOREIGN KEY (`order_id`) REFERENCES `orders` (`id`),
  ADD CONSTRAINT `reviews_type_room_id_foreign` FOREIGN KEY (`type_room_id`) REFERENCES `type_rooms` (`id`),
  ADD CONSTRAINT `reviews_user_id_foreign` FOREIGN KEY (`user_id`) REFERENCES `users` (`id`);

--
-- Các ràng buộc cho bảng `rooms`
--
ALTER TABLE `rooms`
  ADD CONSTRAINT `rooms_type_room_id_foreign` FOREIGN KEY (`type_room_id`) REFERENCES `type_rooms` (`id`);

--
-- Các ràng buộc cho bảng `room_order`
--
ALTER TABLE `room_order`
  ADD CONSTRAINT `room_order_order_id_foreign` FOREIGN KEY (`order_id`) REFERENCES `orders` (`id`),
  ADD CONSTRAINT `room_order_room_id_foreign` FOREIGN KEY (`room_id`) REFERENCES `rooms` (`id`);

--
-- Các ràng buộc cho bảng `room_reservation_times`
--
ALTER TABLE `room_reservation_times`
  ADD CONSTRAINT `room_reservation_times_order_id_foreign` FOREIGN KEY (`order_id`) REFERENCES `orders` (`id`),
  ADD CONSTRAINT `room_reservation_times_room_id_foreign` FOREIGN KEY (`room_id`) REFERENCES `rooms` (`id`);

--
-- Các ràng buộc cho bảng `sub_districts`
--
ALTER TABLE `sub_districts`
  ADD CONSTRAINT `sub_districts_district_id_foreign` FOREIGN KEY (`district_id`) REFERENCES `districts` (`id`);

--
-- Các ràng buộc cho bảng `type_rooms`
--
ALTER TABLE `type_rooms`
  ADD CONSTRAINT `type_rooms_hotel_id_foreign` FOREIGN KEY (`hotel_id`) REFERENCES `hotels` (`id`);

--
-- Các ràng buộc cho bảng `type_room_amenity`
--
ALTER TABLE `type_room_amenity`
  ADD CONSTRAINT `type_room_amenity_amenity_id_foreign` FOREIGN KEY (`amenity_id`) REFERENCES `amenities` (`id`),
  ADD CONSTRAINT `type_room_amenity_type_room_id_foreign` FOREIGN KEY (`type_room_id`) REFERENCES `type_rooms` (`id`);

--
-- Các ràng buộc cho bảng `users`
--
ALTER TABLE `users`
  ADD CONSTRAINT `users_role_id_foreign` FOREIGN KEY (`role_id`) REFERENCES `roles` (`id`);

--
-- Các ràng buộc cho bảng `user_information`
--
ALTER TABLE `user_information`
  ADD CONSTRAINT `user_information_user_id_foreign` FOREIGN KEY (`user_id`) REFERENCES `users` (`id`);

--
-- Các ràng buộc cho bảng `user_like_hotels`
--
ALTER TABLE `user_like_hotels`
  ADD CONSTRAINT `user_like_hotels_hotel_id_foreign` FOREIGN KEY (`hotel_id`) REFERENCES `hotels` (`id`),
  ADD CONSTRAINT `user_like_hotels_user_id_foreign` FOREIGN KEY (`user_id`) REFERENCES `users` (`id`);

--
-- Các ràng buộc cho bảng `user_like_popular_destinations`
--
ALTER TABLE `user_like_popular_destinations`
  ADD CONSTRAINT `user_like_popular_destinations_popular_destination_id_foreign` FOREIGN KEY (`popular_destination_id`) REFERENCES `popular_destinations` (`id`),
  ADD CONSTRAINT `user_like_popular_destinations_user_id_foreign` FOREIGN KEY (`user_id`) REFERENCES `users` (`id`);
COMMIT;

/*!40101 SET CHARACTER_SET_CLIENT=@OLD_CHARACTER_SET_CLIENT */;
/*!40101 SET CHARACTER_SET_RESULTS=@OLD_CHARACTER_SET_RESULTS */;
/*!40101 SET COLLATION_CONNECTION=@OLD_COLLATION_CONNECTION */;
